customer_id,customer_age,customer_gender,customer_segment,registration_date
CUST00001,56,Female,Mass,2025-08-31
CUST00002,69,Male,Premium,2021-08-26
CUST00003,46,Female,Mass,2022-11-02
CUST00004,32,Male,Business,2025-09-25
CUST00005,60,Male,Premium,2024-04-05
CUST00006,25,Male,Premium,2024-06-03
CUST00007,38,Female,Mass,2023-05-29
CUST00008,56,Female,Mass,2021-09-08
CUST00009,36,Female,Premium,2024-07-27
CUST00010,40,Female,Mass,2022-04-21
CUST00011,28,Male,Mass,2022-05-13
CUST00012,28,Female,Mass,2023-09-05
CUST00013,41,Female,Mass,2025-10-23
CUST00014,70,Male,Mass,2025-04-08
CUST00015,53,Female,Mass,2023-09-24
CUST00016,57,Male,Mass,2022-12-02
CUST00017,41,Male,Mass,2024-12-05
CUST00018,20,Male,Mass,2023-02-23
CUST00019,39,Male,Mass,2022-03-05
CUST00020,70,Female,Mass,2022-06-23
CUST00021,19,Male,Premium,2023-06-20
CUST00022,41,Male,Premium,2025-01-06
CUST00023,61,Male,Premium,2023-08-26
CUST00024,47,Female,Premium,2021-07-29
CUST00025,55,Female,Mass,2025-04-20
CUST00026,19,Male,Mass,2025-09-30
CUST00027,38,Male,Mass,2022-05-06
CUST00028,50,Male,Mass,2022-04-16
CUST00029,29,Female,Mass,2025-09-06
CUST00030,39,Female,Mass,2025-10-20
CUST00031,61,Male,Premium,2022-07-22
CUST00032,42,Male,Mass,2022-10-26
CUST00033,66,Female,Mass,2025-01-26
CUST00034,44,Female,Business,2022-07-04
CUST00035,59,Male,Premium,2025-02-09
CUST00036,45,Male,Mass,2021-07-17
CUST00037,33,Male,Premium,2022-06-05
CUST00038,32,Female,Mass,2025-03-03
CUST00039,64,Female,Premium,2025-03-15
CUST00040,68,Female,Mass,2025-09-10
CUST00041,61,Female,Mass,2024-09-10
CUST00042,69,Male,Premium,2022-11-19
CUST00043,20,Female,Mass,2022-04-12
CUST00044,54,Female,Mass,2025-12-02
CUST00045,68,Male,Mass,2022-08-19
CUST00046,24,Female,Mass,2021-05-19
CUST00047,38,Male,Business,2023-10-12
CUST00048,26,Male,Mass,2021-08-30
CUST00049,56,Female,Mass,2021-11-12
CUST00050,35,Female,Premium,2022-10-29
CUST00051,21,Female,Mass,2023-01-03
CUST00052,42,Male,Mass,2021-05-15
CUST00053,31,Female,Mass,2024-04-26
CUST00054,67,Female,Business,2025-09-10
CUST00055,26,Male,Mass,2022-08-02
CUST00056,43,Other,Mass,2023-12-29
CUST00057,70,Female,Mass,2022-03-15
CUST00058,19,Male,Mass,2021-03-18
CUST00059,37,Female,Mass,2022-02-04
CUST00060,45,Male,Premium,2022-01-09
CUST00061,64,Male,Business,2023-11-02
CUST00062,24,Male,Mass,2025-02-19
CUST00063,61,Other,Mass,2025-12-24
CUST00064,25,Male,Business,2023-01-28
CUST00065,64,Female,Mass,2023-01-19
CUST00066,52,Male,Mass,2023-02-03
CUST00067,31,Female,Premium,2022-02-21
CUST00068,34,Female,Premium,2021-07-26
CUST00069,53,Female,Mass,2021-12-07
CUST00070,67,Male,Mass,2025-07-02
CUST00071,57,Female,Mass,2022-12-22
CUST00072,21,Other,Mass,2021-11-07
CUST00073,19,Female,Premium,2024-08-24
CUST00074,23,Female,Mass,2024-08-09
CUST00075,59,Female,Mass,2022-09-17
CUST00076,21,Male,Mass,2024-10-31
CUST00077,46,Female,Mass,2025-03-31
CUST00078,35,Female,Mass,2024-09-25
CUST00079,43,Male,Premium,2021-03-24
CUST00080,61,Male,Mass,2025-05-20
CUST00081,51,Male,Mass,2025-01-15
CUST00082,27,Female,Mass,2023-10-24
CUST00083,53,Female,Premium,2025-01-19
CUST00084,31,Male,Mass,2023-05-23
CUST00085,48,Male,Mass,2021-08-24
CUST00086,65,Male,Mass,2022-01-24
CUST00087,32,Male,Mass,2022-01-28
CUST00088,25,Male,Premium,2025-07-23
CUST00089,31,Female,Mass,2025-11-18
CUST00090,40,Male,Premium,2023-01-17
CUST00091,57,Female,Premium,2021-01-30
CUST00092,38,Female,Business,2025-05-26
CUST00093,33,Male,Mass,2023-09-09
CUST00094,62,Female,Mass,2024-03-17
CUST00095,35,Female,Mass,2022-08-28
CUST00096,64,Female,Mass,2021-10-10
CUST00097,70,Male,Premium,2025-10-19
CUST00098,41,Male,Premium,2021-08-26
CUST00099,43,Male,Premium,2025-10-29
CUST00100,42,Male,Mass,2023-01-01
CUST00101,62,Male,Mass,2024-09-04
CUST00102,58,Male,Mass,2024-09-22
CUST00103,46,Male,Premium,2021-01-31
CUST00104,32,Male,Mass,2023-09-05
CUST00105,62,Male,Mass,2023-07-04
CUST00106,18,Male,Mass,2025-07-08
CUST00107,42,Other,Business,2025-06-26
CUST00108,24,Male,Mass,2025-06-17
CUST00109,26,Female,Premium,2021-07-26
CUST00110,41,Male,Premium,2023-06-22
CUST00111,18,Female,Mass,2024-06-06
CUST00112,61,Male,Mass,2022-08-06
CUST00113,25,Female,Mass,2024-09-27
CUST00114,41,Female,Mass,2022-04-05
CUST00115,28,Male,Premium,2021-05-16
CUST00116,68,Female,Mass,2023-09-05
CUST00117,34,Female,Mass,2021-10-11
CUST00118,25,Male,Mass,2023-04-30
CUST00119,52,Female,Mass,2021-12-17
CUST00120,52,Female,Mass,2021-01-17
CUST00121,50,Male,Mass,2024-05-23
CUST00122,22,Male,Mass,2024-11-19
CUST00123,59,Female,Mass,2024-11-23
CUST00124,56,Female,Mass,2022-02-18
CUST00125,58,Female,Mass,2024-06-21
CUST00126,45,Female,Mass,2024-01-24
CUST00127,24,Male,Premium,2025-07-15
CUST00128,26,Female,Mass,2021-01-06
CUST00129,25,Male,Mass,2023-02-19
CUST00130,29,Male,Mass,2021-03-28
CUST00131,51,Female,Mass,2021-07-08
CUST00132,50,Female,Mass,2025-06-27
CUST00133,65,Male,Business,2025-06-28
CUST00134,40,Female,Premium,2022-02-24
CUST00135,41,Male,Mass,2023-12-27
CUST00136,54,Male,Mass,2025-06-30
CUST00137,52,Female,Mass,2021-09-05
CUST00138,61,Male,Mass,2023-05-10
CUST00139,57,Male,Mass,2021-07-26
CUST00140,39,Male,Business,2024-05-13
CUST00141,44,Female,Mass,2024-09-04
CUST00142,52,Male,Mass,2024-01-12
CUST00143,18,Male,Business,2022-02-28
CUST00144,52,Female,Premium,2024-01-11
CUST00145,54,Female,Business,2025-12-28
CUST00146,64,Male,Mass,2022-07-03
CUST00147,31,Female,Mass,2025-10-15
CUST00148,20,Male,Premium,2022-05-02
CUST00149,18,Female,Mass,2021-05-13
CUST00150,22,Male,Mass,2021-04-25
CUST00151,43,Male,Premium,2022-01-12
CUST00152,31,Male,Mass,2023-09-04
CUST00153,56,Male,Premium,2021-07-30
CUST00154,44,Female,Business,2021-05-12
CUST00155,26,Male,Premium,2024-10-29
CUST00156,32,Male,Mass,2021-06-03
CUST00157,32,Female,Mass,2023-07-09
CUST00158,43,Female,Premium,2024-12-17
CUST00159,59,Male,Business,2023-08-10
CUST00160,30,Male,Mass,2023-03-17
CUST00161,68,Male,Mass,2024-10-21
CUST00162,49,Male,Premium,2025-09-14
CUST00163,56,Male,Mass,2021-05-27
CUST00164,66,Female,Mass,2025-10-24
CUST00165,69,Female,Mass,2025-12-23
CUST00166,49,Male,Mass,2024-02-25
CUST00167,21,Male,Premium,2024-08-24
CUST00168,47,Male,Mass,2022-12-16
CUST00169,54,Male,Premium,2024-02-16
CUST00170,40,Male,Mass,2025-05-16
CUST00171,56,Female,Mass,2021-08-19
CUST00172,62,Female,Mass,2022-03-27
CUST00173,32,Other,Premium,2025-03-04
CUST00174,60,Female,Mass,2025-08-13
CUST00175,46,Male,Mass,2024-03-14
CUST00176,53,Female,Premium,2023-06-26
CUST00177,30,Male,Mass,2025-07-05
CUST00178,49,Male,Mass,2025-08-30
CUST00179,24,Female,Mass,2025-09-21
CUST00180,68,Male,Mass,2023-12-09
CUST00181,39,Female,Mass,2021-04-17
CUST00182,45,Male,Mass,2021-04-03
CUST00183,19,Female,Premium,2025-07-18
CUST00184,59,Female,Premium,2023-04-09
CUST00185,62,Female,Mass,2021-05-20
CUST00186,70,Female,Mass,2024-08-30
CUST00187,23,Male,Business,2021-01-11
CUST00188,45,Female,Mass,2022-03-24
CUST00189,45,Female,Premium,2023-07-16
CUST00190,61,Female,Mass,2022-01-30
CUST00191,61,Female,Mass,2025-03-09
CUST00192,37,Female,Premium,2022-01-13
CUST00193,47,Female,Mass,2021-12-27
CUST00194,28,Female,Mass,2022-11-14
CUST00195,45,Female,Premium,2023-10-14
CUST00196,42,Female,Premium,2025-04-21
CUST00197,56,Male,Premium,2022-10-04
CUST00198,50,Male,Mass,2022-07-27
CUST00199,18,Male,Mass,2023-09-24
CUST00200,44,Male,Premium,2025-05-04
CUST00201,69,Male,Business,2023-07-12
CUST00202,30,Female,Premium,2022-01-31
CUST00203,58,Male,Premium,2021-07-05
CUST00204,20,Male,Mass,2024-05-29
CUST00205,56,Female,Premium,2025-03-22
CUST00206,23,Female,Premium,2024-08-16
CUST00207,25,Female,Premium,2024-04-13
CUST00208,44,Other,Mass,2025-12-20
CUST00209,26,Female,Premium,2022-01-06
CUST00210,54,Male,Mass,2025-03-13
CUST00211,50,Female,Mass,2024-05-12
CUST00212,68,Female,Mass,2022-08-31
CUST00213,59,Male,Mass,2021-10-09
CUST00214,61,Male,Mass,2025-07-29
CUST00215,41,Female,Premium,2024-12-10
CUST00216,32,Male,Mass,2023-11-23
CUST00217,49,Female,Mass,2021-03-23
CUST00218,49,Male,Mass,2025-02-15
CUST00219,41,Female,Premium,2021-05-28
CUST00220,58,Female,Mass,2025-06-19
CUST00221,69,Male,Mass,2023-08-23
CUST00222,66,Male,Premium,2023-09-19
CUST00223,66,Female,Mass,2023-08-06
CUST00224,69,Female,Premium,2022-05-10
CUST00225,29,Female,Premium,2024-04-08
CUST00226,56,Male,Premium,2022-12-24
CUST00227,19,Female,Mass,2022-12-04
CUST00228,20,Male,Mass,2023-10-28
CUST00229,66,Male,Mass,2024-11-04
CUST00230,54,Male,Mass,2023-04-06
CUST00231,66,Female,Mass,2022-03-10
CUST00232,34,Male,Mass,2023-11-24
CUST00233,66,Male,Mass,2022-07-17
CUST00234,19,Female,Business,2025-07-14
CUST00235,19,Female,Premium,2021-05-18
CUST00236,45,Male,Mass,2022-01-02
CUST00237,40,Male,Mass,2021-04-16
CUST00238,54,Male,Business,2023-03-05
CUST00239,49,Male,Mass,2023-11-22
CUST00240,50,Female,Premium,2022-09-28
CUST00241,18,Male,Mass,2025-09-02
CUST00242,36,Female,Premium,2023-09-14
CUST00243,19,Female,Premium,2023-08-16
CUST00244,70,Male,Mass,2025-03-28
CUST00245,61,Female,Mass,2024-04-06
CUST00246,43,Male,Mass,2023-05-05
CUST00247,49,Male,Premium,2021-03-19
CUST00248,23,Male,Mass,2025-04-19
CUST00249,49,Male,Mass,2021-07-28
CUST00250,21,Male,Mass,2024-12-05
CUST00251,28,Male,Premium,2021-01-08
CUST00252,34,Female,Premium,2023-01-07
CUST00253,55,Female,Mass,2021-08-15
CUST00254,41,Female,Mass,2021-06-24
CUST00255,22,Male,Mass,2021-03-22
CUST00256,69,Female,Mass,2025-12-23
CUST00257,51,Female,Mass,2023-12-17
CUST00258,23,Female,Mass,2024-03-04
CUST00259,39,Female,Business,2021-08-26
CUST00260,28,Female,Mass,2025-02-04
CUST00261,65,Male,Premium,2024-05-25
CUST00262,33,Female,Mass,2025-10-29
CUST00263,50,Male,Mass,2023-11-16
CUST00264,26,Other,Mass,2021-07-06
CUST00265,23,Male,Mass,2022-09-22
CUST00266,33,Male,Mass,2025-09-29
CUST00267,46,Male,Premium,2024-02-14
CUST00268,20,Female,Mass,2023-10-11
CUST00269,37,Male,Mass,2023-03-26
CUST00270,53,Male,Premium,2022-09-06
CUST00271,36,Female,Mass,2023-06-11
CUST00272,43,Female,Mass,2024-04-01
CUST00273,20,Male,Mass,2024-12-08
CUST00274,36,Male,Premium,2021-06-27
CUST00275,37,Female,Premium,2023-09-12
CUST00276,49,Female,Mass,2021-10-07
CUST00277,24,Female,Mass,2023-03-09
CUST00278,69,Female,Premium,2024-05-20
CUST00279,58,Male,Business,2023-12-14
CUST00280,50,Female,Mass,2021-03-08
CUST00281,57,Female,Premium,2022-06-28
CUST00282,56,Female,Mass,2025-11-22
CUST00283,35,Male,Mass,2022-06-04
CUST00284,57,Female,Mass,2022-05-14
CUST00285,18,Female,Mass,2023-08-04
CUST00286,28,Male,Mass,2024-12-25
CUST00287,45,Female,Business,2022-12-28
CUST00288,42,Female,Mass,2023-12-06
CUST00289,67,Female,Mass,2025-06-04
CUST00290,40,Female,Mass,2023-11-25
CUST00291,48,Female,Premium,2021-07-08
CUST00292,47,Female,Premium,2024-01-18
CUST00293,59,Male,Mass,2024-09-20
CUST00294,52,Male,Mass,2023-08-05
CUST00295,24,Male,Mass,2021-05-16
CUST00296,33,Female,Mass,2022-06-30
CUST00297,43,Female,Mass,2023-03-04
CUST00298,65,Female,Mass,2024-02-11
CUST00299,69,Female,Premium,2024-04-10
CUST00300,66,Female,Mass,2024-09-24
CUST00301,19,Other,Mass,2022-07-09
CUST00302,18,Male,Mass,2023-06-13
CUST00303,65,Female,Mass,2023-08-04
CUST00304,29,Male,Mass,2022-06-09
CUST00305,22,Female,Mass,2021-06-23
CUST00306,54,Female,Premium,2022-09-29
CUST00307,49,Female,Mass,2024-09-17
CUST00308,26,Male,Mass,2021-07-26
CUST00309,58,Male,Mass,2024-09-28
CUST00310,52,Female,Business,2023-08-07
CUST00311,36,Female,Mass,2021-04-14
CUST00312,65,Male,Premium,2025-07-24
CUST00313,33,Female,Mass,2023-11-30
CUST00314,20,Male,Mass,2023-11-13
CUST00315,37,Female,Premium,2024-06-29
CUST00316,41,Female,Mass,2021-10-17
CUST00317,50,Female,Mass,2024-05-10
CUST00318,41,Female,Mass,2024-03-24
CUST00319,69,Female,Premium,2022-07-21
CUST00320,28,Female,Mass,2024-02-04
CUST00321,66,Male,Mass,2024-07-07
CUST00322,25,Male,Mass,2023-08-22
CUST00323,53,Male,Mass,2024-05-08
CUST00324,55,Female,Mass,2023-04-18
CUST00325,57,Male,Mass,2024-05-25
CUST00326,37,Male,Mass,2022-02-15
CUST00327,52,Male,Mass,2025-05-02
CUST00328,65,Male,Mass,2023-06-01
CUST00329,42,Male,Mass,2024-02-15
CUST00330,52,Female,Mass,2023-06-05
CUST00331,42,Female,Business,2022-02-28
CUST00332,46,Female,Premium,2024-05-20
CUST00333,35,Female,Mass,2021-06-04
CUST00334,63,Male,Premium,2024-07-10
CUST00335,35,Female,Business,2025-03-11
CUST00336,19,Male,Mass,2021-05-31
CUST00337,52,Male,Mass,2021-07-31
CUST00338,33,Female,Mass,2024-04-30
CUST00339,58,Male,Premium,2023-05-31
CUST00340,53,Female,Mass,2023-01-25
CUST00341,50,Male,Mass,2024-01-27
CUST00342,21,Female,Mass,2022-06-25
CUST00343,50,Female,Premium,2022-12-02
CUST00344,31,Male,Mass,2021-06-21
CUST00345,38,Female,Premium,2022-01-06
CUST00346,65,Male,Premium,2025-09-29
CUST00347,37,Female,Mass,2024-03-24
CUST00348,25,Male,Mass,2024-03-09
CUST00349,24,Female,Mass,2023-07-02
CUST00350,20,Female,Business,2023-03-13
CUST00351,34,Male,Premium,2021-09-13
CUST00352,50,Female,Premium,2023-09-17
CUST00353,65,Female,Mass,2022-11-07
CUST00354,29,Female,Mass,2025-07-28
CUST00355,68,Female,Mass,2023-05-14
CUST00356,39,Male,Mass,2022-02-20
CUST00357,39,Female,Premium,2021-11-25
CUST00358,63,Male,Mass,2024-11-02
CUST00359,47,Male,Mass,2023-07-07
CUST00360,55,Other,Mass,2024-07-13
CUST00361,55,Female,Mass,2025-04-14
CUST00362,62,Male,Mass,2024-03-08
CUST00363,68,Male,Mass,2023-08-20
CUST00364,25,Female,Premium,2023-04-04
CUST00365,44,Male,Mass,2025-06-09
CUST00366,44,Male,Mass,2025-03-16
CUST00367,51,Male,Mass,2021-09-06
CUST00368,38,Female,Premium,2023-01-15
CUST00369,47,Female,Mass,2021-11-04
CUST00370,50,Male,Premium,2022-07-27
CUST00371,45,Female,Mass,2025-12-14
CUST00372,64,Male,Mass,2024-05-27
CUST00373,50,Female,Mass,2023-03-09
CUST00374,22,Other,Mass,2023-09-28
CUST00375,65,Female,Premium,2023-01-31
CUST00376,36,Female,Mass,2025-05-27
CUST00377,21,Female,Mass,2021-10-20
CUST00378,52,Male,Mass,2022-02-14
CUST00379,66,Female,Premium,2021-07-17
CUST00380,34,Female,Premium,2021-03-21
CUST00381,61,Male,Mass,2024-11-09
CUST00382,45,Male,Mass,2021-05-17
CUST00383,47,Female,Premium,2021-08-01
CUST00384,46,Female,Premium,2022-09-11
CUST00385,63,Male,Mass,2023-08-18
CUST00386,70,Male,Mass,2024-05-15
CUST00387,23,Female,Premium,2025-08-15
CUST00388,52,Female,Mass,2024-03-02
CUST00389,58,Female,Mass,2021-06-15
CUST00390,54,Female,Premium,2025-03-07
CUST00391,41,Female,Mass,2022-03-06
CUST00392,46,Female,Premium,2024-04-18
CUST00393,66,Female,Mass,2021-05-01
CUST00394,63,Female,Premium,2024-04-12
CUST00395,70,Female,Mass,2021-11-27
CUST00396,48,Male,Premium,2023-12-28
CUST00397,52,Male,Mass,2025-09-19
CUST00398,50,Female,Mass,2024-03-07
CUST00399,69,Male,Mass,2024-08-24
CUST00400,38,Male,Premium,2024-09-15
CUST00401,49,Female,Mass,2024-06-15
CUST00402,40,Female,Mass,2025-04-03
CUST00403,50,Male,Mass,2024-01-05
CUST00404,20,Male,Mass,2024-03-20
CUST00405,35,Male,Mass,2022-09-12
CUST00406,42,Female,Business,2025-08-16
CUST00407,59,Male,Mass,2024-09-01
CUST00408,48,Male,Mass,2021-02-06
CUST00409,20,Male,Business,2023-08-22
CUST00410,57,Female,Mass,2023-04-25
CUST00411,63,Male,Mass,2025-08-09
CUST00412,41,Male,Mass,2024-02-24
CUST00413,67,Female,Mass,2023-03-08
CUST00414,49,Female,Mass,2025-07-02
CUST00415,64,Female,Mass,2021-10-13
CUST00416,39,Other,Premium,2024-06-17
CUST00417,40,Female,Mass,2023-06-06
CUST00418,19,Male,Mass,2025-06-26
CUST00419,44,Female,Premium,2021-08-08
CUST00420,59,Male,Mass,2023-10-28
CUST00421,19,Female,Premium,2021-08-04
CUST00422,43,Male,Mass,2022-11-12
CUST00423,34,Male,Mass,2025-05-29
CUST00424,57,Female,Mass,2021-10-20
CUST00425,50,Male,Mass,2025-04-12
CUST00426,26,Female,Mass,2025-12-18
CUST00427,60,Male,Mass,2025-02-16
CUST00428,65,Male,Mass,2021-02-12
CUST00429,56,Female,Mass,2024-08-23
CUST00430,46,Female,Mass,2024-01-22
CUST00431,59,Female,Mass,2025-05-26
CUST00432,43,Male,Mass,2024-07-16
CUST00433,52,Female,Mass,2025-07-03
CUST00434,67,Female,Mass,2022-11-24
CUST00435,42,Female,Mass,2024-05-23
CUST00436,41,Male,Mass,2023-08-17
CUST00437,30,Female,Mass,2021-04-24
CUST00438,24,Female,Mass,2024-04-23
CUST00439,53,Female,Business,2023-07-10
CUST00440,62,Female,Mass,2024-02-23
CUST00441,37,Female,Mass,2024-02-03
CUST00442,18,Male,Business,2021-08-25
CUST00443,25,Male,Premium,2022-10-15
CUST00444,63,Female,Premium,2021-06-07
CUST00445,33,Male,Mass,2025-02-06
CUST00446,31,Male,Mass,2023-06-27
CUST00447,29,Male,Premium,2025-03-09
CUST00448,68,Male,Premium,2023-08-19
CUST00449,40,Female,Mass,2024-07-21
CUST00450,32,Female,Mass,2023-05-03
CUST00451,45,Female,Business,2024-02-15
CUST00452,51,Male,Mass,2023-06-05
CUST00453,19,Female,Mass,2025-05-17
CUST00454,49,Female,Mass,2025-04-09
CUST00455,40,Female,Mass,2021-03-01
CUST00456,39,Female,Mass,2022-02-05
CUST00457,68,Male,Mass,2023-04-08
CUST00458,42,Female,Business,2025-12-06
CUST00459,39,Female,Mass,2024-04-18
CUST00460,39,Female,Mass,2024-06-09
CUST00461,66,Female,Premium,2022-04-21
CUST00462,69,Male,Mass,2022-10-17
CUST00463,59,Female,Mass,2023-04-25
CUST00464,23,Female,Mass,2023-07-13
CUST00465,32,Male,Mass,2024-06-22
CUST00466,60,Male,Mass,2025-06-05
CUST00467,54,Male,Premium,2022-09-30
CUST00468,50,Male,Premium,2022-10-11
CUST00469,25,Male,Premium,2025-05-11
CUST00470,70,Male,Mass,2021-08-01
CUST00471,61,Female,Mass,2025-06-18
CUST00472,61,Male,Mass,2025-01-22
CUST00473,22,Male,Mass,2023-09-17
CUST00474,56,Female,Mass,2023-03-15
CUST00475,21,Female,Premium,2021-05-08
CUST00476,23,Female,Mass,2023-08-10
CUST00477,62,Male,Mass,2021-08-05
CUST00478,49,Female,Mass,2022-12-12
CUST00479,69,Male,Mass,2021-01-20
CUST00480,47,Female,Premium,2025-05-10
CUST00481,64,Male,Premium,2025-11-17
CUST00482,52,Female,Mass,2025-11-22
CUST00483,57,Male,Mass,2023-12-20
CUST00484,69,Female,Business,2022-11-06
CUST00485,33,Female,Premium,2022-12-15
CUST00486,30,Male,Business,2023-01-09
CUST00487,67,Male,Mass,2024-02-27
CUST00488,59,Female,Mass,2022-07-11
CUST00489,47,Female,Mass,2021-07-16
CUST00490,36,Female,Mass,2023-07-25
CUST00491,34,Male,Premium,2025-02-24
CUST00492,36,Male,Mass,2022-11-09
CUST00493,45,Female,Mass,2022-05-19
CUST00494,43,Female,Mass,2024-06-24
CUST00495,54,Female,Premium,2023-01-08
CUST00496,43,Female,Mass,2023-03-03
CUST00497,70,Female,Mass,2024-07-07
CUST00498,40,Female,Mass,2024-10-02
CUST00499,26,Male,Mass,2021-07-16
CUST00500,29,Male,Mass,2024-02-05
CUST00501,70,Female,Mass,2023-02-20
CUST00502,18,Male,Premium,2023-01-14
CUST00503,18,Male,Mass,2025-06-25
CUST00504,64,Male,Mass,2024-03-29
CUST00505,51,Male,Business,2022-02-26
CUST00506,49,Female,Business,2025-06-19
CUST00507,65,Female,Mass,2024-05-15
CUST00508,42,Male,Mass,2024-08-29
CUST00509,57,Male,Mass,2022-03-08
CUST00510,62,Female,Mass,2023-07-15
CUST00511,70,Male,Business,2021-08-23
CUST00512,18,Female,Premium,2021-11-23
CUST00513,33,Female,Mass,2023-07-23
CUST00514,56,Male,Mass,2022-04-24
CUST00515,22,Female,Mass,2022-03-04
CUST00516,39,Female,Mass,2022-10-28
CUST00517,46,Male,Mass,2024-01-29
CUST00518,20,Female,Mass,2024-06-15
CUST00519,29,Male,Mass,2024-02-05
CUST00520,43,Male,Mass,2023-05-08
CUST00521,33,Female,Mass,2024-10-19
CUST00522,68,Female,Mass,2022-10-04
CUST00523,54,Female,Mass,2023-03-22
CUST00524,39,Male,Premium,2025-02-25
CUST00525,46,Male,Mass,2023-12-03
CUST00526,31,Female,Mass,2022-07-29
CUST00527,45,Male,Mass,2024-01-02
CUST00528,22,Female,Mass,2025-09-18
CUST00529,64,Female,Mass,2023-10-16
CUST00530,66,Female,Mass,2025-07-11
CUST00531,47,Female,Mass,2024-08-20
CUST00532,63,Male,Premium,2023-10-26
CUST00533,69,Male,Mass,2025-05-31
CUST00534,22,Male,Mass,2023-03-14
CUST00535,29,Female,Premium,2024-10-04
CUST00536,33,Female,Mass,2022-02-04
CUST00537,43,Female,Mass,2022-08-18
CUST00538,43,Female,Mass,2024-12-27
CUST00539,65,Female,Mass,2025-05-15
CUST00540,38,Male,Mass,2024-02-05
CUST00541,56,Male,Mass,2021-04-27
CUST00542,53,Male,Premium,2022-01-18
CUST00543,50,Female,Mass,2023-05-09
CUST00544,47,Male,Mass,2021-03-23
CUST00545,54,Female,Mass,2023-04-12
CUST00546,40,Female,Mass,2023-05-23
CUST00547,27,Female,Mass,2022-10-15
CUST00548,22,Female,Business,2023-01-04
CUST00549,53,Male,Mass,2024-12-04
CUST00550,51,Male,Premium,2021-03-11
CUST00551,69,Female,Mass,2022-01-22
CUST00552,48,Male,Premium,2022-06-08
CUST00553,27,Male,Premium,2021-10-24
CUST00554,36,Female,Premium,2022-09-09
CUST00555,49,Male,Premium,2022-12-20
CUST00556,18,Female,Mass,2023-12-25
CUST00557,22,Female,Mass,2025-05-18
CUST00558,62,Male,Mass,2021-06-27
CUST00559,21,Female,Mass,2023-10-29
CUST00560,33,Male,Premium,2024-03-28
CUST00561,41,Female,Mass,2021-01-11
CUST00562,33,Male,Mass,2023-02-24
CUST00563,19,Female,Mass,2022-02-15
CUST00564,66,Male,Premium,2023-06-11
CUST00565,45,Male,Business,2022-08-30
CUST00566,49,Male,Mass,2021-06-04
CUST00567,44,Male,Mass,2024-05-14
CUST00568,37,Male,Mass,2024-02-13
CUST00569,41,Female,Mass,2024-11-03
CUST00570,29,Female,Mass,2022-08-22
CUST00571,67,Male,Premium,2023-04-04
CUST00572,52,Male,Mass,2025-09-29
CUST00573,50,Female,Mass,2021-12-16
CUST00574,50,Female,Mass,2024-01-27
CUST00575,68,Male,Premium,2023-08-01
CUST00576,60,Female,Premium,2021-01-19
CUST00577,54,Male,Mass,2021-11-09
CUST00578,29,Female,Premium,2023-07-16
CUST00579,20,Male,Mass,2022-06-12
CUST00580,18,Male,Mass,2022-07-11
CUST00581,50,Female,Mass,2025-08-18
CUST00582,57,Male,Premium,2022-03-21
CUST00583,27,Female,Mass,2021-08-19
CUST00584,60,Male,Premium,2025-08-20
CUST00585,61,Female,Mass,2022-09-17
CUST00586,46,Female,Premium,2023-10-08
CUST00587,30,Male,Premium,2023-06-08
CUST00588,29,Female,Mass,2021-12-25
CUST00589,48,Female,Premium,2024-11-07
CUST00590,63,Female,Mass,2025-03-16
CUST00591,19,Female,Business,2021-02-13
CUST00592,68,Female,Premium,2024-10-20
CUST00593,67,Male,Mass,2023-05-27
CUST00594,52,Male,Premium,2025-07-04
CUST00595,40,Female,Mass,2024-02-09
CUST00596,34,Female,Business,2021-08-11
CUST00597,43,Male,Premium,2024-11-10
CUST00598,25,Female,Mass,2023-06-21
CUST00599,46,Female,Mass,2024-07-12
CUST00600,43,Male,Mass,2021-09-28
CUST00601,27,Male,Premium,2021-07-31
CUST00602,43,Female,Premium,2025-02-28
CUST00603,51,Male,Mass,2024-08-30
CUST00604,68,Female,Mass,2025-11-29
CUST00605,58,Female,Mass,2024-11-11
CUST00606,24,Male,Mass,2021-09-04
CUST00607,21,Male,Mass,2023-08-06
CUST00608,70,Male,Mass,2025-05-10
CUST00609,67,Male,Mass,2023-04-01
CUST00610,62,Female,Mass,2024-10-05
CUST00611,28,Male,Mass,2021-03-13
CUST00612,46,Female,Premium,2024-08-12
CUST00613,53,Male,Mass,2024-05-21
CUST00614,42,Male,Mass,2021-10-22
CUST00615,38,Male,Mass,2021-06-20
CUST00616,53,Male,Mass,2021-09-03
CUST00617,27,Male,Mass,2024-03-10
CUST00618,54,Male,Mass,2025-06-28
CUST00619,26,Female,Mass,2022-09-09
CUST00620,41,Female,Premium,2021-08-28
CUST00621,52,Male,Mass,2021-11-07
CUST00622,66,Male,Mass,2024-12-10
CUST00623,52,Male,Mass,2022-02-02
CUST00624,65,Male,Mass,2023-07-12
CUST00625,53,Female,Premium,2023-03-03
CUST00626,35,Male,Premium,2021-01-22
CUST00627,66,Male,Mass,2024-01-07
CUST00628,56,Male,Mass,2023-03-24
CUST00629,49,Male,Premium,2023-06-23
CUST00630,41,Male,Mass,2025-02-07
CUST00631,40,Female,Mass,2025-09-27
CUST00632,49,Male,Mass,2023-04-12
CUST00633,54,Male,Premium,2024-10-08
CUST00634,29,Female,Premium,2024-10-26
CUST00635,66,Female,Mass,2023-11-11
CUST00636,30,Female,Mass,2022-05-22
CUST00637,40,Female,Mass,2021-06-09
CUST00638,42,Male,Premium,2023-01-14
CUST00639,52,Female,Mass,2024-10-16
CUST00640,58,Female,Premium,2023-03-24
CUST00641,47,Male,Mass,2025-04-29
CUST00642,34,Female,Premium,2024-08-13
CUST00643,66,Female,Mass,2024-10-07
CUST00644,37,Male,Mass,2021-06-29
CUST00645,65,Male,Premium,2025-02-04
CUST00646,42,Male,Premium,2024-11-19
CUST00647,39,Male,Mass,2025-06-25
CUST00648,30,Male,Mass,2025-07-09
CUST00649,36,Female,Mass,2021-08-01
CUST00650,66,Female,Mass,2022-06-14
CUST00651,53,Male,Premium,2024-11-19
CUST00652,29,Female,Mass,2021-01-27
CUST00653,58,Male,Premium,2023-07-28
CUST00654,36,Male,Mass,2023-05-20
CUST00655,29,Female,Business,2025-01-12
CUST00656,26,Female,Mass,2022-03-14
CUST00657,24,Female,Mass,2021-10-12
CUST00658,45,Female,Mass,2022-10-23
CUST00659,31,Female,Premium,2025-12-26
CUST00660,48,Female,Mass,2022-10-11
CUST00661,69,Male,Mass,2021-07-08
CUST00662,36,Female,Premium,2025-09-22
CUST00663,64,Other,Premium,2024-05-07
CUST00664,33,Female,Premium,2024-01-31
CUST00665,70,Male,Mass,2022-04-24
CUST00666,22,Female,Mass,2022-08-26
CUST00667,52,Female,Premium,2023-10-12
CUST00668,29,Male,Mass,2024-06-01
CUST00669,42,Female,Mass,2022-06-01
CUST00670,69,Male,Mass,2025-03-31
CUST00671,38,Male,Business,2025-01-04
CUST00672,53,Female,Mass,2025-03-21
CUST00673,70,Male,Premium,2023-07-05
CUST00674,40,Male,Mass,2021-08-18
CUST00675,33,Female,Premium,2023-05-19
CUST00676,56,Female,Mass,2024-02-12
CUST00677,62,Male,Mass,2025-03-20
CUST00678,70,Female,Mass,2024-04-22
CUST00679,59,Female,Premium,2025-10-15
CUST00680,56,Female,Mass,2023-01-29
CUST00681,31,Female,Premium,2021-02-03
CUST00682,48,Female,Mass,2021-10-23
CUST00683,22,Male,Mass,2022-03-29
CUST00684,52,Male,Mass,2025-09-28
CUST00685,40,Female,Mass,2025-03-09
CUST00686,46,Female,Premium,2024-11-30
CUST00687,60,Male,Mass,2024-02-25
CUST00688,28,Female,Business,2021-05-22
CUST00689,35,Female,Business,2022-10-10
CUST00690,64,Male,Mass,2021-05-08
CUST00691,29,Male,Mass,2023-04-15
CUST00692,26,Male,Mass,2025-09-06
CUST00693,27,Female,Business,2023-07-14
CUST00694,61,Male,Mass,2022-12-31
CUST00695,34,Male,Mass,2025-07-08
CUST00696,55,Female,Premium,2024-10-05
CUST00697,24,Female,Mass,2025-03-28
CUST00698,63,Male,Mass,2022-04-08
CUST00699,30,Male,Mass,2024-06-21
CUST00700,57,Female,Mass,2022-07-18
CUST00701,59,Female,Mass,2024-04-24
CUST00702,26,Female,Mass,2024-06-10
CUST00703,67,Female,Premium,2022-05-29
CUST00704,44,Male,Mass,2021-01-01
CUST00705,19,Male,Premium,2024-06-16
CUST00706,22,Male,Mass,2023-12-15
CUST00707,46,Male,Mass,2025-02-27
CUST00708,54,Female,Mass,2025-10-22
CUST00709,55,Male,Mass,2025-06-28
CUST00710,36,Male,Mass,2024-12-12
CUST00711,25,Other,Mass,2025-01-11
CUST00712,65,Male,Mass,2021-12-04
CUST00713,62,Male,Mass,2023-06-27
CUST00714,18,Male,Mass,2023-03-29
CUST00715,39,Female,Mass,2024-07-24
CUST00716,69,Female,Mass,2023-10-31
CUST00717,34,Male,Mass,2024-09-26
CUST00718,24,Female,Mass,2024-02-02
CUST00719,42,Female,Mass,2021-12-11
CUST00720,62,Female,Premium,2024-10-25
CUST00721,21,Female,Mass,2023-09-04
CUST00722,53,Female,Mass,2023-06-02
CUST00723,23,Female,Mass,2021-07-17
CUST00724,48,Male,Business,2023-11-04
CUST00725,36,Male,Mass,2025-08-31
CUST00726,61,Male,Premium,2023-05-22
CUST00727,56,Female,Premium,2024-09-23
CUST00728,44,Female,Mass,2022-06-26
CUST00729,27,Female,Mass,2022-04-02
CUST00730,43,Male,Mass,2025-03-30
CUST00731,36,Female,Mass,2023-01-20
CUST00732,56,Female,Mass,2024-12-30
CUST00733,20,Female,Premium,2022-01-01
CUST00734,62,Female,Mass,2022-02-05
CUST00735,30,Female,Mass,2022-07-28
CUST00736,67,Female,Premium,2022-04-27
CUST00737,45,Female,Premium,2021-04-20
CUST00738,37,Female,Business,2023-10-16
CUST00739,45,Male,Mass,2022-02-10
CUST00740,25,Male,Mass,2021-11-05
CUST00741,58,Female,Mass,2021-06-09
CUST00742,56,Male,Premium,2023-04-24
CUST00743,18,Female,Mass,2021-02-24
CUST00744,20,Male,Premium,2023-01-31
CUST00745,30,Female,Mass,2021-09-13
CUST00746,45,Male,Premium,2022-06-18
CUST00747,66,Male,Premium,2022-02-26
CUST00748,42,Female,Premium,2023-08-04
CUST00749,50,Male,Mass,2025-06-27
CUST00750,55,Male,Mass,2023-08-20
CUST00751,70,Male,Mass,2023-03-24
CUST00752,23,Female,Mass,2023-06-06
CUST00753,61,Male,Mass,2021-09-21
CUST00754,62,Female,Premium,2023-01-18
CUST00755,49,Female,Mass,2023-04-13
CUST00756,62,Female,Premium,2021-08-21
CUST00757,64,Female,Mass,2022-11-11
CUST00758,38,Female,Mass,2021-08-21
CUST00759,33,Male,Mass,2025-03-21
CUST00760,38,Female,Premium,2023-12-05
CUST00761,28,Male,Mass,2022-07-12
CUST00762,54,Female,Premium,2025-08-27
CUST00763,53,Male,Mass,2023-07-02
CUST00764,52,Female,Business,2022-11-12
CUST00765,36,Male,Mass,2024-12-30
CUST00766,37,Male,Mass,2021-12-01
CUST00767,35,Female,Premium,2022-02-08
CUST00768,64,Female,Premium,2024-04-02
CUST00769,58,Male,Mass,2021-09-13
CUST00770,66,Female,Premium,2023-12-26
CUST00771,31,Female,Mass,2023-10-17
CUST00772,32,Other,Premium,2023-07-30
CUST00773,48,Female,Mass,2023-02-11
CUST00774,18,Male,Mass,2023-08-04
CUST00775,70,Male,Mass,2024-01-17
CUST00776,20,Female,Premium,2024-06-17
CUST00777,33,Female,Business,2021-11-07
CUST00778,40,Male,Mass,2025-05-14
CUST00779,28,Male,Premium,2022-11-13
CUST00780,29,Female,Mass,2024-07-05
CUST00781,27,Male,Premium,2025-05-01
CUST00782,49,Male,Mass,2025-03-18
CUST00783,33,Male,Mass,2024-12-28
CUST00784,25,Male,Mass,2021-05-09
CUST00785,55,Male,Mass,2023-02-20
CUST00786,29,Female,Mass,2021-11-22
CUST00787,41,Male,Premium,2023-03-01
CUST00788,45,Male,Mass,2021-01-17
CUST00789,70,Male,Business,2022-11-30
CUST00790,25,Male,Premium,2023-10-06
CUST00791,45,Male,Mass,2021-12-08
CUST00792,53,Male,Mass,2023-09-30
CUST00793,43,Female,Mass,2023-04-18
CUST00794,25,Male,Business,2022-09-20
CUST00795,67,Male,Business,2023-02-10
CUST00796,45,Male,Premium,2023-05-28
CUST00797,45,Female,Mass,2024-06-26
CUST00798,54,Female,Premium,2022-12-11
CUST00799,58,Male,Mass,2023-04-29
CUST00800,53,Female,Mass,2023-01-09
CUST00801,44,Male,Mass,2021-06-26
CUST00802,34,Female,Premium,2025-11-14
CUST00803,26,Male,Business,2023-08-04
CUST00804,50,Female,Mass,2021-12-23
CUST00805,70,Female,Premium,2022-05-10
CUST00806,37,Male,Premium,2021-02-04
CUST00807,30,Female,Mass,2024-12-01
CUST00808,45,Female,Mass,2025-07-29
CUST00809,65,Male,Mass,2023-03-29
CUST00810,46,Male,Mass,2021-01-10
CUST00811,30,Male,Mass,2023-09-13
CUST00812,63,Female,Mass,2025-09-15
CUST00813,52,Female,Premium,2025-10-04
CUST00814,23,Male,Mass,2022-06-15
CUST00815,35,Female,Mass,2025-04-08
CUST00816,68,Female,Mass,2021-04-05
CUST00817,22,Female,Mass,2022-07-30
CUST00818,64,Female,Business,2022-03-26
CUST00819,42,Female,Mass,2024-05-28
CUST00820,19,Male,Mass,2023-10-15
CUST00821,27,Male,Premium,2021-04-06
CUST00822,47,Female,Mass,2023-05-15
CUST00823,67,Male,Premium,2025-12-06
CUST00824,62,Female,Mass,2024-11-05
CUST00825,22,Male,Mass,2022-10-31
CUST00826,50,Male,Premium,2021-07-26
CUST00827,18,Female,Mass,2025-12-15
CUST00828,35,Female,Mass,2023-04-30
CUST00829,49,Male,Mass,2021-09-03
CUST00830,64,Female,Mass,2025-10-01
CUST00831,66,Female,Premium,2025-12-26
CUST00832,28,Female,Premium,2025-03-14
CUST00833,38,Male,Mass,2023-06-03
CUST00834,43,Female,Mass,2021-03-24
CUST00835,42,Female,Premium,2021-11-13
CUST00836,39,Male,Premium,2022-10-07
CUST00837,44,Female,Mass,2024-02-03
CUST00838,66,Female,Premium,2022-01-05
CUST00839,30,Female,Mass,2023-01-19
CUST00840,50,Female,Premium,2025-05-24
CUST00841,51,Male,Business,2025-09-16
CUST00842,58,Male,Mass,2022-09-22
CUST00843,52,Female,Mass,2021-06-29
CUST00844,18,Female,Mass,2025-12-12
CUST00845,38,Female,Mass,2022-08-25
CUST00846,65,Female,Mass,2022-08-23
CUST00847,23,Male,Premium,2024-01-12
CUST00848,45,Male,Mass,2025-04-05
CUST00849,34,Male,Mass,2025-07-01
CUST00850,22,Male,Mass,2023-04-21
CUST00851,48,Female,Mass,2025-03-05
CUST00852,22,Male,Mass,2021-12-14
CUST00853,55,Female,Mass,2024-07-19
CUST00854,20,Male,Mass,2021-11-27
CUST00855,70,Female,Business,2022-09-02
CUST00856,40,Female,Mass,2023-01-14
CUST00857,54,Male,Business,2022-07-23
CUST00858,70,Male,Mass,2025-08-12
CUST00859,54,Male,Premium,2022-01-24
CUST00860,27,Female,Mass,2023-08-29
CUST00861,27,Male,Premium,2023-01-17
CUST00862,36,Female,Mass,2021-05-17
CUST00863,34,Female,Business,2025-12-08
CUST00864,38,Female,Mass,2025-10-31
CUST00865,31,Male,Premium,2024-10-16
CUST00866,26,Female,Premium,2021-10-09
CUST00867,63,Male,Premium,2024-05-10
CUST00868,18,Male,Mass,2023-10-16
CUST00869,68,Female,Mass,2023-01-14
CUST00870,62,Female,Premium,2022-06-15
CUST00871,30,Male,Mass,2021-01-16
CUST00872,21,Male,Mass,2023-10-02
CUST00873,18,Male,Mass,2022-07-22
CUST00874,66,Female,Mass,2024-02-12
CUST00875,57,Male,Premium,2023-12-28
CUST00876,49,Female,Mass,2025-06-02
CUST00877,51,Female,Mass,2021-01-30
CUST00878,45,Female,Mass,2025-03-23
CUST00879,48,Male,Mass,2022-10-26
CUST00880,25,Female,Premium,2023-09-26
CUST00881,56,Female,Mass,2023-05-25
CUST00882,43,Female,Mass,2021-01-22
CUST00883,51,Male,Mass,2024-12-25
CUST00884,20,Male,Business,2023-11-20
CUST00885,67,Male,Mass,2023-08-14
CUST00886,29,Female,Mass,2025-08-30
CUST00887,18,Female,Mass,2022-10-22
CUST00888,61,Female,Mass,2024-12-04
CUST00889,22,Male,Mass,2023-12-09
CUST00890,47,Male,Premium,2021-11-21
CUST00891,47,Male,Mass,2025-02-20
CUST00892,34,Male,Mass,2024-08-14
CUST00893,65,Male,Mass,2025-12-03
CUST00894,64,Female,Premium,2021-06-30
CUST00895,40,Female,Mass,2025-12-31
CUST00896,32,Female,Mass,2021-05-02
CUST00897,54,Male,Mass,2021-05-04
CUST00898,38,Male,Mass,2025-01-16
CUST00899,31,Male,Premium,2021-09-23
CUST00900,19,Female,Mass,2021-01-28
CUST00901,28,Male,Mass,2024-07-06
CUST00902,68,Female,Mass,2021-03-18
CUST00903,56,Male,Mass,2022-03-08
CUST00904,55,Female,Mass,2023-05-29
CUST00905,51,Female,Premium,2025-09-26
CUST00906,55,Male,Mass,2023-06-13
CUST00907,67,Female,Mass,2023-11-25
CUST00908,51,Male,Mass,2022-03-12
CUST00909,35,Female,Premium,2024-02-12
CUST00910,47,Male,Mass,2023-12-22
CUST00911,32,Male,Business,2021-02-21
CUST00912,44,Female,Mass,2021-04-26
CUST00913,68,Female,Mass,2021-02-16
CUST00914,51,Male,Mass,2022-03-14
CUST00915,69,Female,Mass,2024-12-06
CUST00916,55,Male,Mass,2021-04-11
CUST00917,50,Male,Mass,2024-07-26
CUST00918,41,Female,Mass,2021-04-17
CUST00919,32,Male,Mass,2023-09-10
CUST00920,47,Male,Mass,2023-11-25
CUST00921,59,Female,Mass,2023-09-28
CUST00922,68,Male,Premium,2021-12-25
CUST00923,34,Female,Mass,2023-06-06
CUST00924,22,Male,Premium,2023-03-11
CUST00925,46,Male,Mass,2023-10-23
CUST00926,21,Male,Mass,2025-11-10
CUST00927,27,Female,Business,2025-02-24
CUST00928,34,Female,Mass,2024-07-19
CUST00929,27,Male,Mass,2024-03-13
CUST00930,34,Male,Mass,2022-03-11
CUST00931,37,Female,Mass,2025-01-14
CUST00932,41,Male,Premium,2022-08-27
CUST00933,22,Female,Premium,2025-10-23
CUST00934,51,Male,Mass,2022-07-20
CUST00935,23,Female,Mass,2023-07-05
CUST00936,70,Male,Premium,2021-08-16
CUST00937,19,Female,Mass,2022-06-29
CUST00938,30,Female,Mass,2024-05-22
CUST00939,60,Male,Mass,2022-10-10
CUST00940,60,Male,Mass,2021-09-05
CUST00941,65,Female,Premium,2024-12-02
CUST00942,28,Female,Mass,2023-12-13
CUST00943,68,Male,Mass,2025-05-19
CUST00944,64,Male,Mass,2021-11-10
CUST00945,40,Female,Premium,2024-10-29
CUST00946,33,Male,Mass,2021-02-06
CUST00947,48,Female,Premium,2022-12-25
CUST00948,28,Male,Premium,2025-03-28
CUST00949,33,Female,Mass,2023-09-07
CUST00950,25,Female,Mass,2021-03-25
CUST00951,21,Other,Mass,2023-06-19
CUST00952,57,Male,Premium,2024-01-23
CUST00953,21,Female,Premium,2024-12-09
CUST00954,42,Male,Mass,2024-09-27
CUST00955,20,Female,Mass,2022-12-20
CUST00956,49,Female,Mass,2022-07-04
CUST00957,20,Male,Premium,2024-12-15
CUST00958,44,Female,Mass,2024-10-03
CUST00959,46,Male,Premium,2022-12-16
CUST00960,49,Female,Mass,2025-12-11
CUST00961,67,Female,Mass,2022-08-10
CUST00962,68,Female,Mass,2024-02-26
CUST00963,36,Male,Mass,2021-06-01
CUST00964,38,Male,Mass,2025-03-26
CUST00965,22,Female,Mass,2023-11-28
CUST00966,35,Male,Business,2024-12-21
CUST00967,45,Male,Mass,2024-02-03
CUST00968,59,Male,Mass,2021-06-14
CUST00969,39,Male,Mass,2023-07-27
CUST00970,38,Female,Mass,2025-04-17
CUST00971,23,Male,Mass,2021-07-31
CUST00972,18,Female,Business,2022-06-10
CUST00973,22,Male,Mass,2023-01-12
CUST00974,58,Male,Mass,2021-05-12
CUST00975,29,Male,Mass,2024-03-21
CUST00976,43,Male,Mass,2021-04-06
CUST00977,63,Male,Mass,2025-03-07
CUST00978,51,Female,Premium,2023-10-10
CUST00979,66,Male,Mass,2022-06-06
CUST00980,31,Male,Mass,2022-01-09
CUST00981,43,Male,Business,2023-11-06
CUST00982,62,Male,Mass,2025-08-30
CUST00983,44,Female,Mass,2022-08-31
CUST00984,26,Female,Mass,2021-01-18
CUST00985,43,Male,Mass,2024-12-03
CUST00986,64,Male,Mass,2023-10-28
CUST00987,39,Female,Premium,2025-09-16
CUST00988,64,Male,Premium,2024-06-22
CUST00989,47,Female,Premium,2023-09-05
CUST00990,60,Male,Mass,2023-05-29
CUST00991,65,Female,Premium,2022-08-17
CUST00992,34,Female,Mass,2022-10-05
CUST00993,43,Female,Mass,2021-05-09
CUST00994,53,Male,Mass,2023-03-12
CUST00995,18,Male,Mass,2022-03-31
CUST00996,25,Male,Business,2025-05-29
CUST00997,66,Male,Mass,2023-05-26
CUST00998,52,Male,Premium,2022-07-25
CUST00999,69,Male,Mass,2024-01-01
CUST01000,32,Female,Mass,2023-10-11
CUST01001,64,Female,Mass,2024-03-29
CUST01002,39,Male,Mass,2024-01-16
CUST01003,31,Male,Premium,2022-02-05
CUST01004,43,Other,Mass,2022-04-07
CUST01005,45,Male,Business,2025-04-02
CUST01006,40,Female,Mass,2021-03-30
CUST01007,31,Male,Mass,2025-08-12
CUST01008,41,Male,Mass,2023-04-03
CUST01009,19,Male,Premium,2021-01-06
CUST01010,62,Male,Mass,2025-06-08
CUST01011,43,Female,Mass,2023-08-03
CUST01012,31,Female,Mass,2021-03-25
CUST01013,68,Male,Mass,2024-06-27
CUST01014,24,Female,Mass,2025-08-17
CUST01015,20,Male,Mass,2024-12-10
CUST01016,64,Other,Mass,2024-01-01
CUST01017,40,Other,Mass,2022-09-13
CUST01018,63,Male,Mass,2024-02-10
CUST01019,60,Male,Mass,2021-06-21
CUST01020,64,Male,Mass,2022-11-30
CUST01021,62,Female,Mass,2025-12-26
CUST01022,35,Female,Mass,2021-09-30
CUST01023,55,Female,Mass,2022-06-14
CUST01024,52,Female,Mass,2025-08-31
CUST01025,68,Male,Mass,2021-11-15
CUST01026,32,Male,Mass,2024-01-11
CUST01027,42,Female,Mass,2024-01-04
CUST01028,54,Male,Mass,2022-03-05
CUST01029,45,Female,Premium,2025-01-23
CUST01030,27,Male,Mass,2023-04-27
CUST01031,56,Male,Mass,2024-10-01
CUST01032,34,Male,Mass,2021-09-06
CUST01033,56,Female,Mass,2025-07-25
CUST01034,39,Male,Mass,2022-01-22
CUST01035,43,Female,Premium,2025-10-03
CUST01036,61,Female,Mass,2021-12-29
CUST01037,42,Female,Business,2024-08-12
CUST01038,34,Female,Mass,2021-03-09
CUST01039,30,Male,Premium,2022-03-14
CUST01040,37,Female,Premium,2023-10-13
CUST01041,42,Male,Mass,2025-04-05
CUST01042,21,Male,Mass,2025-12-12
CUST01043,27,Male,Mass,2025-06-17
CUST01044,20,Female,Premium,2024-03-02
CUST01045,58,Female,Mass,2024-08-11
CUST01046,62,Female,Mass,2021-10-23
CUST01047,35,Female,Mass,2022-10-09
CUST01048,64,Female,Mass,2021-02-02
CUST01049,53,Male,Business,2024-10-29
CUST01050,64,Female,Premium,2021-02-01
CUST01051,39,Male,Mass,2022-07-09
CUST01052,51,Other,Mass,2021-11-01
CUST01053,64,Female,Mass,2023-03-04
CUST01054,25,Female,Premium,2024-02-06
CUST01055,57,Female,Premium,2021-04-06
CUST01056,66,Male,Mass,2023-12-26
CUST01057,61,Female,Mass,2022-06-05
CUST01058,36,Male,Business,2021-08-18
CUST01059,59,Female,Mass,2023-01-03
CUST01060,58,Female,Mass,2021-12-24
CUST01061,54,Female,Mass,2022-02-06
CUST01062,23,Female,Mass,2023-03-01
CUST01063,69,Male,Mass,2021-04-09
CUST01064,43,Male,Business,2021-09-28
CUST01065,51,Female,Mass,2025-12-04
CUST01066,62,Male,Mass,2021-12-28
CUST01067,23,Male,Mass,2024-04-02
CUST01068,54,Female,Premium,2022-06-12
CUST01069,50,Female,Mass,2024-04-07
CUST01070,70,Female,Mass,2023-11-11
CUST01071,39,Male,Mass,2022-06-24
CUST01072,38,Female,Premium,2022-08-18
CUST01073,23,Male,Mass,2025-12-14
CUST01074,23,Female,Mass,2023-04-13
CUST01075,65,Male,Mass,2022-02-01
CUST01076,21,Female,Mass,2023-11-26
CUST01077,47,Female,Business,2022-05-10
CUST01078,28,Male,Mass,2021-11-10
CUST01079,47,Female,Mass,2022-05-05
CUST01080,48,Female,Mass,2024-07-23
CUST01081,41,Male,Mass,2021-08-21
CUST01082,26,Female,Mass,2025-06-28
CUST01083,20,Male,Premium,2024-12-30
CUST01084,68,Female,Mass,2023-10-27
CUST01085,48,Female,Mass,2025-04-08
CUST01086,57,Male,Business,2025-09-02
CUST01087,54,Female,Mass,2022-10-26
CUST01088,53,Male,Mass,2021-09-01
CUST01089,41,Male,Mass,2021-08-29
CUST01090,48,Female,Premium,2025-12-02
CUST01091,23,Female,Mass,2022-07-12
CUST01092,19,Male,Premium,2024-07-20
CUST01093,37,Male,Mass,2021-03-16
CUST01094,45,Male,Mass,2021-10-10
CUST01095,28,Other,Mass,2025-09-28
CUST01096,21,Male,Premium,2025-04-08
CUST01097,32,Male,Mass,2021-03-28
CUST01098,23,Male,Mass,2023-05-31
CUST01099,66,Male,Business,2025-07-15
CUST01100,47,Male,Mass,2023-07-19
CUST01101,55,Male,Mass,2024-03-18
CUST01102,68,Male,Mass,2024-03-19
CUST01103,19,Male,Mass,2025-05-20
CUST01104,32,Female,Mass,2021-06-09
CUST01105,28,Male,Mass,2022-03-22
CUST01106,25,Female,Mass,2025-12-25
CUST01107,43,Female,Mass,2021-03-23
CUST01108,68,Female,Mass,2023-10-28
CUST01109,62,Female,Mass,2021-07-01
CUST01110,61,Male,Mass,2023-05-20
CUST01111,22,Male,Mass,2023-08-24
CUST01112,23,Male,Mass,2025-03-30
CUST01113,43,Male,Premium,2022-04-23
CUST01114,21,Female,Premium,2021-07-02
CUST01115,36,Female,Mass,2024-08-30
CUST01116,37,Female,Mass,2025-04-29
CUST01117,50,Male,Mass,2021-06-23
CUST01118,37,Female,Mass,2021-01-14
CUST01119,66,Male,Business,2024-08-16
CUST01120,29,Female,Mass,2021-03-14
CUST01121,64,Male,Mass,2025-10-25
CUST01122,18,Female,Premium,2022-05-29
CUST01123,43,Male,Mass,2025-10-12
CUST01124,31,Female,Mass,2025-12-02
CUST01125,55,Female,Mass,2022-08-25
CUST01126,54,Female,Mass,2021-12-09
CUST01127,28,Male,Mass,2024-11-20
CUST01128,53,Female,Premium,2025-11-23
CUST01129,30,Female,Mass,2021-11-29
CUST01130,60,Male,Mass,2021-12-21
CUST01131,20,Male,Premium,2025-05-02
CUST01132,50,Male,Mass,2023-04-27
CUST01133,23,Male,Mass,2021-06-12
CUST01134,67,Female,Mass,2021-04-26
CUST01135,27,Female,Mass,2024-11-27
CUST01136,22,Male,Mass,2024-01-08
CUST01137,40,Female,Premium,2025-01-10
CUST01138,27,Female,Mass,2023-10-29
CUST01139,61,Male,Mass,2023-11-13
CUST01140,19,Female,Mass,2025-12-10
CUST01141,30,Female,Business,2023-03-02
CUST01142,57,Female,Mass,2022-06-27
CUST01143,19,Male,Premium,2022-02-18
CUST01144,37,Female,Mass,2022-11-13
CUST01145,18,Male,Premium,2022-10-04
CUST01146,54,Female,Premium,2024-12-03
CUST01147,26,Male,Premium,2022-10-31
CUST01148,34,Female,Mass,2021-01-22
CUST01149,26,Male,Mass,2025-07-20
CUST01150,28,Male,Mass,2024-11-27
CUST01151,32,Female,Mass,2023-08-27
CUST01152,41,Male,Premium,2025-09-01
CUST01153,55,Female,Mass,2025-08-29
CUST01154,52,Female,Mass,2024-03-26
CUST01155,47,Female,Mass,2021-11-26
CUST01156,48,Male,Mass,2023-11-12
CUST01157,66,Female,Mass,2025-02-04
CUST01158,22,Female,Mass,2024-07-11
CUST01159,61,Female,Premium,2024-08-19
CUST01160,67,Male,Mass,2023-06-21
CUST01161,31,Male,Premium,2025-12-04
CUST01162,70,Female,Mass,2022-12-25
CUST01163,28,Male,Premium,2025-01-28
CUST01164,26,Male,Mass,2024-04-02
CUST01165,51,Male,Mass,2024-03-05
CUST01166,29,Female,Mass,2021-09-09
CUST01167,52,Female,Mass,2021-07-24
CUST01168,52,Female,Mass,2024-08-18
CUST01169,18,Male,Premium,2024-06-19
CUST01170,57,Male,Mass,2023-04-12
CUST01171,39,Other,Mass,2023-03-02
CUST01172,46,Other,Mass,2023-12-21
CUST01173,25,Female,Mass,2022-04-10
CUST01174,28,Female,Mass,2024-08-18
CUST01175,58,Male,Premium,2025-02-04
CUST01176,54,Female,Mass,2022-01-29
CUST01177,31,Male,Mass,2025-06-19
CUST01178,47,Male,Mass,2023-10-18
CUST01179,52,Female,Premium,2022-10-22
CUST01180,38,Male,Mass,2023-07-01
CUST01181,54,Male,Mass,2024-07-06
CUST01182,22,Male,Mass,2025-04-15
CUST01183,36,Male,Business,2022-06-14
CUST01184,31,Female,Mass,2024-04-25
CUST01185,43,Male,Mass,2024-05-20
CUST01186,21,Male,Premium,2023-11-25
CUST01187,42,Male,Mass,2024-03-16
CUST01188,62,Male,Mass,2024-07-29
CUST01189,59,Male,Mass,2025-04-20
CUST01190,42,Female,Mass,2025-05-31
CUST01191,35,Male,Mass,2025-05-27
CUST01192,57,Female,Business,2024-06-26
CUST01193,25,Other,Premium,2021-02-26
CUST01194,56,Female,Premium,2024-08-21
CUST01195,57,Male,Mass,2022-06-06
CUST01196,31,Male,Mass,2025-10-15
CUST01197,49,Female,Mass,2021-12-27
CUST01198,68,Female,Mass,2024-06-14
CUST01199,55,Female,Mass,2021-08-22
CUST01200,50,Female,Mass,2021-08-11
CUST01201,40,Female,Mass,2025-06-28
CUST01202,32,Female,Mass,2021-11-23
CUST01203,50,Female,Business,2024-01-27
CUST01204,42,Male,Mass,2024-06-03
CUST01205,34,Female,Mass,2025-10-24
CUST01206,50,Female,Mass,2023-04-16
CUST01207,64,Male,Mass,2022-05-04
CUST01208,19,Female,Mass,2022-04-23
CUST01209,31,Female,Mass,2023-09-12
CUST01210,70,Female,Mass,2024-09-19
CUST01211,57,Female,Mass,2023-03-03
CUST01212,57,Male,Premium,2025-04-28
CUST01213,68,Female,Mass,2022-05-27
CUST01214,56,Female,Mass,2023-10-10
CUST01215,68,Female,Mass,2022-01-17
CUST01216,23,Male,Mass,2024-12-17
CUST01217,23,Male,Premium,2024-10-03
CUST01218,20,Female,Mass,2024-03-22
CUST01219,24,Male,Mass,2022-03-28
CUST01220,68,Male,Mass,2024-08-06
CUST01221,25,Female,Premium,2025-10-26
CUST01222,59,Male,Mass,2024-02-17
CUST01223,69,Male,Premium,2021-08-02
CUST01224,32,Male,Mass,2022-07-19
CUST01225,64,Male,Premium,2023-01-02
CUST01226,46,Female,Business,2022-03-15
CUST01227,50,Male,Mass,2023-01-25
CUST01228,69,Male,Mass,2025-05-08
CUST01229,47,Female,Mass,2022-09-21
CUST01230,56,Female,Mass,2023-06-22
CUST01231,44,Female,Mass,2025-01-10
CUST01232,53,Male,Mass,2023-12-02
CUST01233,46,Male,Premium,2022-01-30
CUST01234,55,Female,Mass,2021-09-04
CUST01235,50,Male,Mass,2023-06-24
CUST01236,54,Female,Mass,2024-08-07
CUST01237,44,Male,Mass,2021-09-05
CUST01238,50,Male,Premium,2025-06-25
CUST01239,21,Female,Premium,2022-08-22
CUST01240,39,Female,Business,2023-05-15
CUST01241,19,Female,Mass,2025-01-12
CUST01242,27,Male,Mass,2021-03-25
CUST01243,22,Male,Mass,2023-02-12
CUST01244,27,Female,Mass,2024-05-29
CUST01245,50,Female,Mass,2025-08-17
CUST01246,55,Male,Mass,2021-02-20
CUST01247,30,Male,Premium,2022-07-04
CUST01248,48,Male,Mass,2023-02-10
CUST01249,64,Other,Mass,2023-09-08
CUST01250,53,Female,Premium,2024-04-25
CUST01251,62,Female,Mass,2025-03-29
CUST01252,41,Male,Mass,2024-05-31
CUST01253,69,Female,Mass,2022-04-10
CUST01254,32,Male,Premium,2022-02-23
CUST01255,46,Female,Mass,2021-03-28
CUST01256,25,Female,Premium,2021-09-16
CUST01257,22,Male,Mass,2024-04-19
CUST01258,46,Male,Premium,2021-11-07
CUST01259,64,Male,Mass,2021-06-22
CUST01260,21,Male,Mass,2024-09-07
CUST01261,29,Female,Mass,2025-09-27
CUST01262,62,Female,Mass,2024-09-25
CUST01263,19,Female,Mass,2025-02-28
CUST01264,44,Female,Mass,2024-06-22
CUST01265,48,Female,Mass,2023-07-29
CUST01266,68,Male,Mass,2022-05-20
CUST01267,68,Male,Mass,2021-11-25
CUST01268,53,Other,Mass,2021-07-15
CUST01269,53,Male,Mass,2021-03-03
CUST01270,43,Female,Premium,2023-11-15
CUST01271,60,Male,Premium,2025-05-07
CUST01272,44,Female,Mass,2022-07-16
CUST01273,22,Female,Premium,2024-11-02
CUST01274,37,Male,Mass,2023-06-16
CUST01275,28,Male,Premium,2024-08-11
CUST01276,27,Female,Mass,2023-12-12
CUST01277,57,Male,Mass,2023-04-24
CUST01278,55,Male,Mass,2021-02-09
CUST01279,23,Female,Mass,2025-11-03
CUST01280,25,Male,Mass,2025-05-15
CUST01281,40,Female,Mass,2022-12-29
CUST01282,64,Female,Mass,2022-04-02
CUST01283,43,Male,Premium,2023-05-28
CUST01284,63,Female,Mass,2025-09-29
CUST01285,60,Female,Mass,2023-02-27
CUST01286,29,Male,Premium,2021-01-02
CUST01287,43,Male,Mass,2025-02-01
CUST01288,30,Male,Premium,2024-02-04
CUST01289,57,Male,Mass,2021-08-04
CUST01290,35,Male,Mass,2023-02-16
CUST01291,42,Male,Mass,2022-11-10
CUST01292,50,Male,Mass,2025-11-18
CUST01293,64,Female,Mass,2022-02-18
CUST01294,57,Female,Mass,2021-07-29
CUST01295,60,Female,Mass,2023-12-18
CUST01296,29,Female,Mass,2021-02-12
CUST01297,61,Female,Mass,2021-05-18
CUST01298,53,Female,Mass,2025-07-03
CUST01299,65,Female,Premium,2025-02-21
CUST01300,21,Male,Mass,2025-05-03
CUST01301,22,Female,Premium,2022-09-30
CUST01302,54,Male,Mass,2022-04-14
CUST01303,25,Male,Premium,2022-12-27
CUST01304,59,Female,Mass,2025-07-22
CUST01305,66,Male,Mass,2024-11-13
CUST01306,45,Male,Mass,2024-05-06
CUST01307,48,Female,Mass,2021-07-21
CUST01308,26,Female,Mass,2021-07-11
CUST01309,68,Female,Mass,2021-04-17
CUST01310,46,Female,Mass,2025-09-26
CUST01311,31,Male,Mass,2021-11-23
CUST01312,57,Male,Mass,2023-01-20
CUST01313,58,Female,Mass,2022-10-06
CUST01314,39,Male,Mass,2021-12-23
CUST01315,28,Female,Business,2022-08-18
CUST01316,40,Male,Mass,2022-05-16
CUST01317,18,Male,Premium,2024-07-31
CUST01318,63,Female,Mass,2022-04-13
CUST01319,54,Female,Mass,2022-05-23
CUST01320,38,Female,Mass,2025-10-24
CUST01321,43,Female,Mass,2021-04-16
CUST01322,63,Male,Premium,2024-08-10
CUST01323,53,Male,Mass,2023-12-26
CUST01324,40,Male,Mass,2021-07-14
CUST01325,18,Male,Mass,2024-04-26
CUST01326,68,Male,Mass,2021-02-16
CUST01327,57,Female,Mass,2024-10-17
CUST01328,32,Male,Mass,2023-10-06
CUST01329,38,Female,Mass,2022-06-21
CUST01330,64,Female,Mass,2025-05-21
CUST01331,26,Male,Mass,2025-02-19
CUST01332,70,Male,Business,2023-04-27
CUST01333,26,Male,Mass,2025-05-22
CUST01334,27,Female,Mass,2022-12-10
CUST01335,69,Male,Mass,2024-06-23
CUST01336,70,Male,Mass,2023-03-19
CUST01337,43,Female,Premium,2022-09-04
CUST01338,58,Male,Premium,2024-04-16
CUST01339,52,Female,Mass,2021-04-25
CUST01340,69,Female,Mass,2022-11-11
CUST01341,42,Female,Mass,2022-09-23
CUST01342,43,Male,Premium,2024-04-03
CUST01343,28,Female,Mass,2021-08-07
CUST01344,55,Female,Premium,2021-07-16
CUST01345,19,Male,Mass,2022-02-05
CUST01346,24,Male,Mass,2023-01-19
CUST01347,35,Male,Premium,2022-11-12
CUST01348,44,Female,Business,2021-03-17
CUST01349,51,Female,Mass,2024-12-20
CUST01350,44,Female,Premium,2021-10-14
CUST01351,34,Female,Premium,2025-04-18
CUST01352,60,Male,Premium,2024-08-15
CUST01353,61,Male,Business,2023-05-11
CUST01354,68,Female,Mass,2023-01-12
CUST01355,41,Female,Mass,2025-09-27
CUST01356,42,Male,Premium,2021-10-21
CUST01357,24,Female,Mass,2023-03-20
CUST01358,69,Female,Mass,2023-06-05
CUST01359,23,Female,Mass,2025-01-10
CUST01360,70,Female,Premium,2022-02-18
CUST01361,41,Female,Premium,2022-03-07
CUST01362,50,Male,Mass,2025-12-19
CUST01363,66,Female,Mass,2024-06-07
CUST01364,46,Male,Mass,2024-01-25
CUST01365,60,Female,Mass,2025-01-02
CUST01366,39,Male,Mass,2021-06-20
CUST01367,43,Female,Mass,2024-09-02
CUST01368,45,Female,Premium,2022-06-28
CUST01369,67,Male,Mass,2025-02-23
CUST01370,38,Male,Business,2024-11-12
CUST01371,66,Other,Mass,2023-09-16
CUST01372,24,Female,Business,2025-04-30
CUST01373,34,Male,Mass,2021-03-13
CUST01374,37,Other,Mass,2023-10-20
CUST01375,58,Female,Mass,2022-06-16
CUST01376,66,Female,Mass,2021-08-27
CUST01377,37,Male,Mass,2022-12-12
CUST01378,39,Female,Mass,2022-07-31
CUST01379,45,Female,Premium,2025-09-20
CUST01380,57,Female,Mass,2024-01-18
CUST01381,66,Female,Business,2022-12-14
CUST01382,24,Female,Mass,2025-04-08
CUST01383,18,Female,Business,2022-10-04
CUST01384,49,Male,Mass,2024-03-23
CUST01385,30,Male,Mass,2022-08-13
CUST01386,47,Male,Mass,2021-07-09
CUST01387,40,Male,Premium,2023-03-23
CUST01388,68,Female,Mass,2024-12-09
CUST01389,36,Female,Mass,2024-03-23
CUST01390,49,Female,Mass,2023-10-12
CUST01391,47,Male,Mass,2022-09-17
CUST01392,46,Female,Mass,2024-09-24
CUST01393,66,Male,Mass,2022-09-21
CUST01394,62,Male,Premium,2025-03-21
CUST01395,46,Male,Mass,2023-06-08
CUST01396,47,Female,Premium,2023-11-25
CUST01397,33,Male,Mass,2023-02-23
CUST01398,57,Female,Mass,2022-11-02
CUST01399,36,Male,Business,2022-12-23
CUST01400,35,Female,Mass,2022-06-10
CUST01401,18,Female,Mass,2022-06-21
CUST01402,31,Female,Premium,2023-04-27
CUST01403,68,Female,Mass,2024-05-26
CUST01404,64,Female,Mass,2024-07-01
CUST01405,67,Female,Mass,2023-09-23
CUST01406,19,Female,Mass,2024-05-11
CUST01407,45,Male,Mass,2024-01-30
CUST01408,66,Male,Mass,2024-10-16
CUST01409,67,Male,Mass,2025-10-31
CUST01410,47,Female,Premium,2025-10-01
CUST01411,55,Female,Mass,2023-07-03
CUST01412,68,Female,Mass,2021-06-27
CUST01413,21,Female,Mass,2021-10-03
CUST01414,18,Male,Premium,2021-11-08
CUST01415,25,Female,Premium,2025-07-24
CUST01416,46,Female,Premium,2024-12-04
CUST01417,56,Male,Premium,2023-03-02
CUST01418,20,Female,Mass,2024-08-04
CUST01419,49,Male,Mass,2025-08-04
CUST01420,27,Female,Mass,2025-03-29
CUST01421,27,Male,Mass,2024-11-25
CUST01422,36,Female,Mass,2024-05-25
CUST01423,63,Female,Mass,2022-11-29
CUST01424,51,Male,Mass,2025-02-02
CUST01425,50,Male,Premium,2021-01-27
CUST01426,40,Female,Mass,2023-07-02
CUST01427,45,Female,Mass,2025-10-20
CUST01428,49,Female,Mass,2022-02-26
CUST01429,67,Male,Mass,2023-11-04
CUST01430,24,Male,Mass,2022-05-16
CUST01431,46,Female,Mass,2025-08-05
CUST01432,25,Female,Mass,2023-06-27
CUST01433,18,Female,Mass,2021-11-21
CUST01434,20,Male,Mass,2024-09-09
CUST01435,41,Female,Premium,2025-05-10
CUST01436,40,Female,Mass,2025-09-23
CUST01437,25,Female,Mass,2021-10-12
CUST01438,64,Female,Premium,2024-01-18
CUST01439,54,Female,Premium,2023-12-05
CUST01440,20,Female,Mass,2025-07-26
CUST01441,68,Male,Premium,2022-05-13
CUST01442,50,Female,Business,2023-07-01
CUST01443,45,Male,Premium,2025-03-02
CUST01444,64,Male,Premium,2025-05-21
CUST01445,25,Male,Premium,2025-12-20
CUST01446,51,Female,Mass,2025-08-11
CUST01447,52,Male,Mass,2021-05-25
CUST01448,49,Male,Mass,2023-08-06
CUST01449,41,Female,Mass,2025-03-22
CUST01450,31,Male,Mass,2021-03-23
CUST01451,49,Male,Premium,2023-09-07
CUST01452,63,Female,Business,2025-07-17
CUST01453,60,Female,Mass,2024-04-05
CUST01454,33,Male,Mass,2025-11-08
CUST01455,21,Female,Mass,2024-02-03
CUST01456,69,Female,Mass,2025-12-31
CUST01457,54,Male,Mass,2022-05-03
CUST01458,38,Female,Mass,2025-11-09
CUST01459,31,Female,Mass,2024-08-26
CUST01460,48,Male,Mass,2021-03-23
CUST01461,65,Male,Mass,2021-04-04
CUST01462,35,Female,Mass,2024-09-06
CUST01463,24,Female,Mass,2021-12-09
CUST01464,27,Male,Mass,2023-03-08
CUST01465,24,Female,Mass,2021-12-27
CUST01466,50,Female,Mass,2023-12-26
CUST01467,40,Female,Mass,2022-09-16
CUST01468,38,Female,Mass,2023-05-18
CUST01469,36,Male,Mass,2022-03-05
CUST01470,65,Female,Premium,2024-11-25
CUST01471,36,Female,Mass,2021-06-20
CUST01472,53,Male,Premium,2025-11-18
CUST01473,46,Female,Mass,2022-08-01
CUST01474,35,Female,Mass,2021-03-09
CUST01475,19,Male,Premium,2025-02-24
CUST01476,18,Female,Premium,2023-11-24
CUST01477,64,Male,Business,2021-01-01
CUST01478,22,Male,Mass,2021-05-31
CUST01479,37,Male,Mass,2023-06-21
CUST01480,28,Male,Premium,2025-12-13
CUST01481,59,Female,Mass,2021-09-15
CUST01482,19,Male,Premium,2023-01-20
CUST01483,20,Female,Premium,2022-09-20
CUST01484,40,Male,Premium,2025-05-31
CUST01485,29,Female,Premium,2023-03-06
CUST01486,37,Female,Mass,2021-01-19
CUST01487,22,Female,Mass,2025-12-25
CUST01488,54,Male,Mass,2021-02-04
CUST01489,55,Male,Mass,2022-01-06
CUST01490,47,Male,Mass,2022-05-06
CUST01491,26,Female,Mass,2023-03-28
CUST01492,51,Male,Premium,2024-06-18
CUST01493,70,Female,Business,2021-01-07
CUST01494,61,Female,Mass,2022-07-03
CUST01495,52,Male,Mass,2022-01-06
CUST01496,69,Female,Premium,2025-08-16
CUST01497,39,Female,Premium,2023-01-27
CUST01498,61,Female,Premium,2024-06-27
CUST01499,41,Male,Mass,2024-02-13
CUST01500,34,Male,Premium,2025-04-26
CUST01501,27,Male,Mass,2024-09-22
CUST01502,47,Female,Business,2022-07-28
CUST01503,63,Female,Business,2022-11-12
CUST01504,40,Male,Premium,2024-03-11
CUST01505,49,Female,Mass,2025-02-17
CUST01506,34,Male,Premium,2025-01-01
CUST01507,67,Female,Mass,2025-11-29
CUST01508,68,Other,Mass,2021-03-29
CUST01509,34,Female,Premium,2022-04-08
CUST01510,31,Female,Mass,2023-12-08
CUST01511,26,Male,Mass,2022-04-26
CUST01512,57,Male,Premium,2023-04-03
CUST01513,19,Female,Premium,2022-06-08
CUST01514,62,Male,Premium,2021-07-30
CUST01515,42,Male,Mass,2021-09-01
CUST01516,56,Female,Premium,2021-08-27
CUST01517,26,Male,Mass,2024-05-05
CUST01518,39,Female,Premium,2023-02-08
CUST01519,60,Female,Mass,2021-08-23
CUST01520,63,Female,Premium,2021-07-06
CUST01521,21,Female,Mass,2022-12-14
CUST01522,43,Female,Business,2025-06-27
CUST01523,46,Female,Mass,2024-08-06
CUST01524,62,Female,Mass,2024-05-29
CUST01525,51,Male,Mass,2022-05-12
CUST01526,40,Female,Premium,2025-02-28
CUST01527,54,Female,Mass,2024-08-18
CUST01528,28,Male,Mass,2021-07-06
CUST01529,23,Male,Mass,2025-01-13
CUST01530,35,Female,Premium,2024-12-06
CUST01531,38,Male,Mass,2025-06-23
CUST01532,59,Female,Mass,2023-07-25
CUST01533,53,Female,Mass,2024-06-22
CUST01534,58,Male,Premium,2021-11-09
CUST01535,55,Female,Mass,2023-03-30
CUST01536,51,Male,Business,2025-02-28
CUST01537,34,Female,Premium,2021-01-22
CUST01538,54,Male,Mass,2021-03-09
CUST01539,42,Female,Mass,2022-01-27
CUST01540,55,Male,Premium,2024-09-01
CUST01541,29,Male,Business,2023-12-25
CUST01542,40,Male,Premium,2022-12-30
CUST01543,70,Male,Mass,2022-06-25
CUST01544,59,Female,Mass,2025-09-25
CUST01545,39,Male,Mass,2022-07-22
CUST01546,38,Female,Mass,2023-06-19
CUST01547,44,Female,Mass,2021-07-31
CUST01548,48,Female,Mass,2025-11-09
CUST01549,23,Female,Mass,2021-07-19
CUST01550,44,Female,Mass,2023-09-14
CUST01551,57,Male,Mass,2021-06-27
CUST01552,51,Male,Mass,2024-12-17
CUST01553,29,Female,Premium,2023-07-20
CUST01554,62,Female,Mass,2025-08-16
CUST01555,70,Female,Mass,2025-01-25
CUST01556,24,Male,Mass,2021-02-13
CUST01557,27,Male,Mass,2024-12-25
CUST01558,62,Male,Mass,2021-06-17
CUST01559,34,Female,Mass,2021-10-14
CUST01560,43,Female,Mass,2022-12-10
CUST01561,38,Male,Premium,2021-12-03
CUST01562,45,Male,Mass,2022-08-09
CUST01563,63,Female,Mass,2024-04-09
CUST01564,19,Female,Premium,2021-07-02
CUST01565,60,Male,Mass,2021-01-16
CUST01566,18,Female,Premium,2025-02-28
CUST01567,68,Female,Mass,2025-05-23
CUST01568,70,Female,Mass,2023-06-06
CUST01569,53,Female,Mass,2023-04-17
CUST01570,68,Male,Business,2025-04-27
CUST01571,43,Male,Mass,2021-04-20
CUST01572,46,Female,Mass,2025-04-26
CUST01573,38,Male,Mass,2021-11-02
CUST01574,28,Female,Mass,2023-09-07
CUST01575,57,Female,Premium,2021-01-06
CUST01576,28,Female,Mass,2023-04-23
CUST01577,53,Male,Premium,2025-09-13
CUST01578,66,Male,Mass,2024-07-20
CUST01579,56,Female,Premium,2021-12-27
CUST01580,57,Male,Mass,2024-04-23
CUST01581,52,Female,Premium,2022-10-18
CUST01582,51,Female,Mass,2024-01-29
CUST01583,64,Male,Premium,2024-01-19
CUST01584,41,Female,Premium,2023-09-11
CUST01585,39,Male,Mass,2024-06-23
CUST01586,22,Male,Premium,2024-06-16
CUST01587,50,Female,Mass,2022-12-25
CUST01588,53,Other,Premium,2024-01-10
CUST01589,64,Female,Mass,2021-04-25
CUST01590,37,Female,Mass,2021-10-03
CUST01591,36,Female,Premium,2021-03-21
CUST01592,52,Male,Mass,2025-05-11
CUST01593,69,Male,Mass,2021-06-28
CUST01594,60,Female,Business,2024-08-25
CUST01595,34,Male,Mass,2022-07-15
CUST01596,62,Female,Mass,2022-05-24
CUST01597,60,Female,Mass,2021-09-17
CUST01598,51,Female,Premium,2025-12-15
CUST01599,26,Female,Business,2021-10-19
CUST01600,43,Male,Business,2023-06-04
CUST01601,19,Male,Premium,2021-10-18
CUST01602,70,Female,Mass,2022-06-26
CUST01603,26,Female,Mass,2023-02-03
CUST01604,26,Female,Mass,2023-12-23
CUST01605,57,Female,Mass,2022-08-17
CUST01606,34,Male,Mass,2024-11-29
CUST01607,18,Female,Premium,2023-08-06
CUST01608,42,Female,Premium,2022-04-25
CUST01609,60,Male,Mass,2024-09-10
CUST01610,57,Male,Business,2022-01-16
CUST01611,59,Female,Business,2025-09-01
CUST01612,42,Female,Mass,2021-11-06
CUST01613,56,Male,Mass,2024-09-28
CUST01614,52,Female,Mass,2025-08-21
CUST01615,20,Male,Mass,2025-02-07
CUST01616,67,Male,Mass,2023-12-16
CUST01617,54,Female,Mass,2023-04-27
CUST01618,61,Female,Business,2022-03-01
CUST01619,61,Female,Mass,2024-03-11
CUST01620,68,Male,Mass,2022-10-23
CUST01621,47,Male,Mass,2024-10-31
CUST01622,55,Male,Mass,2021-08-14
CUST01623,51,Male,Mass,2025-02-06
CUST01624,29,Male,Mass,2021-01-25
CUST01625,36,Male,Business,2025-09-10
CUST01626,54,Male,Mass,2024-10-20
CUST01627,61,Male,Premium,2021-04-05
CUST01628,66,Female,Mass,2022-05-23
CUST01629,34,Male,Mass,2022-07-19
CUST01630,27,Male,Mass,2025-05-25
CUST01631,66,Female,Premium,2024-04-14
CUST01632,64,Male,Premium,2022-10-06
CUST01633,29,Female,Mass,2024-12-02
CUST01634,33,Male,Mass,2022-05-05
CUST01635,41,Male,Mass,2022-04-04
CUST01636,36,Male,Premium,2024-12-07
CUST01637,25,Male,Mass,2023-06-20
CUST01638,48,Female,Mass,2021-12-04
CUST01639,38,Female,Mass,2023-08-21
CUST01640,34,Male,Mass,2024-09-16
CUST01641,40,Male,Premium,2024-05-21
CUST01642,54,Female,Mass,2025-10-13
CUST01643,33,Male,Mass,2021-12-11
CUST01644,23,Female,Mass,2022-07-30
CUST01645,25,Male,Mass,2025-04-20
CUST01646,42,Female,Mass,2025-03-28
CUST01647,35,Male,Premium,2023-08-01
CUST01648,42,Male,Mass,2021-12-12
CUST01649,29,Female,Mass,2024-06-25
CUST01650,32,Female,Mass,2025-07-06
CUST01651,43,Female,Premium,2021-11-21
CUST01652,58,Female,Mass,2022-04-12
CUST01653,62,Female,Premium,2021-04-01
CUST01654,43,Male,Mass,2021-10-21
CUST01655,64,Female,Premium,2025-04-14
CUST01656,49,Male,Premium,2022-06-08
CUST01657,27,Female,Mass,2025-08-10
CUST01658,33,Other,Mass,2025-07-31
CUST01659,24,Male,Premium,2023-04-30
CUST01660,34,Male,Business,2025-08-20
CUST01661,40,Male,Premium,2021-09-16
CUST01662,43,Male,Premium,2024-01-16
CUST01663,38,Female,Mass,2024-03-27
CUST01664,39,Male,Mass,2025-02-26
CUST01665,24,Male,Business,2021-07-05
CUST01666,31,Female,Premium,2021-12-10
CUST01667,32,Female,Mass,2023-04-01
CUST01668,70,Female,Mass,2023-01-11
CUST01669,24,Female,Mass,2025-03-20
CUST01670,26,Female,Mass,2022-07-23
CUST01671,68,Female,Mass,2023-08-08
CUST01672,65,Female,Mass,2022-05-24
CUST01673,25,Female,Mass,2025-04-13
CUST01674,67,Male,Premium,2021-01-16
CUST01675,40,Male,Premium,2022-06-09
CUST01676,46,Female,Premium,2021-07-19
CUST01677,35,Female,Premium,2024-04-22
CUST01678,48,Female,Mass,2021-11-05
CUST01679,47,Other,Premium,2025-03-12
CUST01680,69,Female,Mass,2024-07-28
CUST01681,56,Female,Business,2024-03-27
CUST01682,52,Female,Mass,2024-10-15
CUST01683,35,Female,Premium,2021-09-16
CUST01684,59,Male,Mass,2024-03-26
CUST01685,56,Male,Mass,2022-03-01
CUST01686,34,Female,Mass,2025-06-18
CUST01687,31,Male,Mass,2023-02-18
CUST01688,48,Female,Mass,2023-11-11
CUST01689,41,Male,Mass,2022-10-01
CUST01690,52,Female,Premium,2024-10-02
CUST01691,61,Female,Mass,2023-07-09
CUST01692,62,Female,Mass,2023-10-09
CUST01693,51,Male,Mass,2021-12-16
CUST01694,20,Female,Mass,2023-08-19
CUST01695,54,Female,Mass,2024-11-09
CUST01696,60,Male,Mass,2022-03-14
CUST01697,57,Female,Business,2022-04-01
CUST01698,43,Male,Mass,2022-09-16
CUST01699,40,Male,Premium,2025-11-05
CUST01700,61,Male,Premium,2025-04-19
CUST01701,56,Female,Premium,2024-01-09
CUST01702,32,Female,Mass,2025-01-15
CUST01703,66,Female,Mass,2025-06-07
CUST01704,21,Male,Mass,2025-04-14
CUST01705,46,Male,Premium,2025-02-21
CUST01706,39,Female,Mass,2022-10-05
CUST01707,42,Female,Business,2025-03-27
CUST01708,30,Female,Mass,2022-01-27
CUST01709,35,Male,Mass,2022-07-28
CUST01710,50,Male,Mass,2024-10-14
CUST01711,33,Female,Mass,2021-02-02
CUST01712,62,Female,Premium,2024-03-05
CUST01713,59,Male,Mass,2023-07-10
CUST01714,61,Male,Mass,2025-06-12
CUST01715,19,Female,Mass,2022-02-14
CUST01716,52,Male,Mass,2025-04-02
CUST01717,59,Female,Mass,2023-10-20
CUST01718,51,Male,Mass,2024-01-20
CUST01719,47,Male,Mass,2022-02-17
CUST01720,30,Other,Mass,2021-10-26
CUST01721,30,Male,Mass,2025-02-19
CUST01722,35,Female,Mass,2025-11-24
CUST01723,49,Female,Mass,2021-03-14
CUST01724,49,Male,Premium,2025-10-08
CUST01725,52,Male,Premium,2021-09-18
CUST01726,56,Female,Premium,2022-11-21
CUST01727,63,Male,Business,2024-08-28
CUST01728,69,Male,Mass,2023-08-17
CUST01729,46,Male,Mass,2023-01-02
CUST01730,66,Female,Mass,2022-11-16
CUST01731,46,Female,Mass,2024-04-03
CUST01732,70,Female,Mass,2023-04-20
CUST01733,61,Male,Premium,2021-12-01
CUST01734,33,Female,Mass,2025-03-06
CUST01735,61,Female,Mass,2023-01-02
CUST01736,64,Female,Mass,2023-03-15
CUST01737,27,Female,Mass,2024-03-30
CUST01738,47,Female,Mass,2022-01-25
CUST01739,42,Female,Premium,2023-01-30
CUST01740,56,Female,Mass,2023-06-02
CUST01741,37,Male,Premium,2023-08-30
CUST01742,22,Male,Business,2023-12-31
CUST01743,18,Male,Mass,2023-07-30
CUST01744,47,Male,Mass,2024-01-21
CUST01745,66,Male,Premium,2023-06-22
CUST01746,20,Female,Mass,2024-10-16
CUST01747,62,Male,Mass,2024-09-06
CUST01748,31,Female,Premium,2024-06-22
CUST01749,47,Female,Mass,2021-01-24
CUST01750,67,Male,Mass,2022-07-11
CUST01751,21,Female,Mass,2022-12-02
CUST01752,35,Female,Mass,2022-02-07
CUST01753,54,Male,Mass,2024-10-28
CUST01754,42,Male,Mass,2024-08-02
CUST01755,65,Male,Mass,2022-03-17
CUST01756,18,Female,Mass,2025-06-07
CUST01757,70,Male,Business,2025-10-24
CUST01758,63,Female,Premium,2023-06-01
CUST01759,32,Female,Mass,2024-10-07
CUST01760,26,Male,Mass,2023-07-15
CUST01761,32,Female,Mass,2024-05-27
CUST01762,66,Male,Mass,2022-04-30
CUST01763,41,Female,Premium,2025-01-06
CUST01764,21,Male,Mass,2024-05-26
CUST01765,29,Female,Mass,2025-09-22
CUST01766,54,Male,Mass,2023-12-27
CUST01767,54,Female,Premium,2021-01-31
CUST01768,60,Female,Premium,2021-11-18
CUST01769,23,Male,Mass,2024-06-27
CUST01770,56,Female,Mass,2022-07-20
CUST01771,63,Male,Mass,2021-01-10
CUST01772,41,Female,Mass,2022-11-09
CUST01773,28,Female,Mass,2023-05-01
CUST01774,30,Male,Business,2023-07-16
CUST01775,51,Male,Mass,2021-10-12
CUST01776,42,Male,Premium,2021-06-02
CUST01777,24,Female,Business,2025-04-17
CUST01778,69,Male,Mass,2025-04-02
CUST01779,21,Male,Premium,2022-01-06
CUST01780,25,Male,Premium,2021-10-28
CUST01781,37,Male,Mass,2021-05-26
CUST01782,46,Other,Mass,2025-05-30
CUST01783,70,Male,Mass,2025-07-18
CUST01784,68,Female,Mass,2023-12-12
CUST01785,62,Female,Mass,2024-11-28
CUST01786,63,Female,Mass,2022-12-03
CUST01787,27,Male,Mass,2021-05-21
CUST01788,60,Female,Mass,2024-01-17
CUST01789,51,Female,Mass,2024-12-21
CUST01790,43,Male,Mass,2021-03-25
CUST01791,58,Male,Mass,2024-06-20
CUST01792,66,Male,Mass,2024-02-04
CUST01793,20,Male,Mass,2025-06-16
CUST01794,23,Male,Premium,2024-10-10
CUST01795,22,Female,Premium,2021-01-21
CUST01796,22,Male,Premium,2023-10-27
CUST01797,64,Female,Premium,2023-08-25
CUST01798,40,Female,Mass,2024-05-29
CUST01799,66,Female,Mass,2024-01-16
CUST01800,26,Female,Mass,2025-09-12
CUST01801,52,Male,Premium,2022-03-29
CUST01802,37,Female,Premium,2021-12-08
CUST01803,66,Male,Mass,2022-01-28
CUST01804,59,Female,Mass,2024-10-07
CUST01805,52,Female,Mass,2024-06-23
CUST01806,67,Male,Mass,2025-09-06
CUST01807,35,Male,Mass,2023-09-30
CUST01808,34,Female,Business,2024-02-11
CUST01809,41,Male,Mass,2023-08-29
CUST01810,20,Female,Premium,2025-05-26
CUST01811,49,Other,Mass,2021-06-07
CUST01812,52,Male,Mass,2023-03-22
CUST01813,55,Male,Premium,2024-06-14
CUST01814,30,Male,Mass,2022-11-30
CUST01815,64,Male,Mass,2024-06-20
CUST01816,42,Female,Premium,2021-06-15
CUST01817,26,Female,Premium,2021-02-03
CUST01818,21,Male,Mass,2021-09-12
CUST01819,31,Male,Mass,2021-10-29
CUST01820,54,Male,Mass,2021-08-08
CUST01821,51,Male,Premium,2023-11-22
CUST01822,28,Female,Business,2023-07-24
CUST01823,58,Male,Mass,2025-11-28
CUST01824,20,Female,Mass,2022-05-24
CUST01825,45,Female,Business,2025-02-14
CUST01826,46,Female,Mass,2024-06-10
CUST01827,26,Male,Mass,2023-08-11
CUST01828,20,Female,Mass,2021-08-03
CUST01829,42,Female,Mass,2024-06-19
CUST01830,51,Female,Premium,2021-09-02
CUST01831,29,Male,Mass,2021-01-20
CUST01832,59,Male,Mass,2021-07-29
CUST01833,26,Female,Premium,2025-10-12
CUST01834,32,Male,Mass,2022-03-02
CUST01835,57,Male,Mass,2023-09-27
CUST01836,42,Female,Premium,2023-09-08
CUST01837,22,Male,Premium,2021-03-13
CUST01838,28,Male,Mass,2025-08-25
CUST01839,51,Male,Mass,2021-06-27
CUST01840,41,Female,Mass,2025-03-27
CUST01841,32,Male,Mass,2021-10-26
CUST01842,55,Female,Mass,2021-09-23
CUST01843,25,Male,Mass,2022-06-04
CUST01844,22,Male,Mass,2025-02-27
CUST01845,65,Female,Premium,2021-10-02
CUST01846,43,Male,Mass,2025-09-25
CUST01847,35,Female,Mass,2023-08-06
CUST01848,23,Male,Mass,2025-11-30
CUST01849,54,Male,Mass,2021-02-22
CUST01850,65,Male,Mass,2023-03-23
CUST01851,30,Male,Premium,2025-06-20
CUST01852,45,Other,Premium,2024-11-24
CUST01853,22,Female,Premium,2024-12-08
CUST01854,30,Male,Mass,2025-06-16
CUST01855,34,Female,Premium,2025-08-07
CUST01856,67,Female,Mass,2022-05-04
CUST01857,57,Male,Mass,2022-05-17
CUST01858,62,Male,Premium,2021-11-03
CUST01859,49,Female,Premium,2022-02-21
CUST01860,46,Female,Premium,2022-05-24
CUST01861,68,Other,Premium,2023-07-10
CUST01862,20,Female,Business,2025-04-03
CUST01863,57,Female,Mass,2022-09-30
CUST01864,51,Male,Business,2022-10-28
CUST01865,57,Male,Mass,2021-01-06
CUST01866,44,Male,Premium,2022-02-26
CUST01867,30,Female,Mass,2025-01-14
CUST01868,62,Female,Mass,2024-12-21
CUST01869,50,Female,Premium,2022-01-25
CUST01870,23,Female,Mass,2021-11-30
CUST01871,41,Female,Premium,2025-01-11
CUST01872,36,Other,Mass,2021-12-04
CUST01873,33,Male,Mass,2023-04-28
CUST01874,57,Female,Mass,2024-01-17
CUST01875,45,Female,Mass,2021-09-26
CUST01876,50,Male,Mass,2021-03-06
CUST01877,65,Other,Mass,2022-11-09
CUST01878,58,Female,Mass,2023-12-24
CUST01879,30,Male,Mass,2024-07-17
CUST01880,60,Male,Mass,2022-10-19
CUST01881,62,Female,Mass,2024-11-01
CUST01882,42,Female,Business,2023-02-20
CUST01883,70,Female,Mass,2021-11-25
CUST01884,59,Male,Mass,2022-06-02
CUST01885,53,Male,Mass,2025-07-15
CUST01886,44,Male,Mass,2023-05-12
CUST01887,55,Male,Premium,2022-02-25
CUST01888,24,Male,Mass,2024-08-29
CUST01889,22,Female,Mass,2021-11-05
CUST01890,60,Male,Mass,2023-03-25
CUST01891,62,Male,Premium,2023-04-26
CUST01892,68,Male,Premium,2025-07-26
CUST01893,48,Male,Mass,2025-12-31
CUST01894,40,Female,Mass,2023-08-20
CUST01895,59,Female,Mass,2024-04-27
CUST01896,27,Female,Mass,2022-12-22
CUST01897,49,Male,Mass,2023-12-02
CUST01898,60,Male,Mass,2022-08-13
CUST01899,70,Male,Mass,2021-11-16
CUST01900,47,Male,Mass,2023-10-08
CUST01901,56,Female,Mass,2025-08-08
CUST01902,48,Male,Mass,2022-03-21
CUST01903,35,Female,Mass,2024-10-29
CUST01904,53,Male,Mass,2021-10-13
CUST01905,19,Female,Mass,2021-06-20
CUST01906,31,Female,Mass,2025-06-17
CUST01907,30,Female,Premium,2021-09-20
CUST01908,46,Female,Premium,2023-07-31
CUST01909,29,Female,Premium,2025-04-08
CUST01910,56,Female,Business,2021-05-22
CUST01911,19,Male,Mass,2024-03-17
CUST01912,49,Male,Mass,2025-01-03
CUST01913,30,Female,Mass,2022-09-20
CUST01914,63,Female,Mass,2022-08-16
CUST01915,44,Male,Mass,2022-02-20
CUST01916,66,Male,Mass,2021-01-25
CUST01917,58,Other,Mass,2022-09-19
CUST01918,34,Male,Business,2021-04-04
CUST01919,57,Male,Mass,2021-11-01
CUST01920,48,Male,Business,2021-07-04
CUST01921,51,Female,Mass,2021-10-10
CUST01922,41,Male,Mass,2024-03-24
CUST01923,62,Female,Mass,2022-11-17
CUST01924,52,Male,Mass,2023-05-13
CUST01925,65,Female,Mass,2022-11-16
CUST01926,23,Female,Mass,2022-10-28
CUST01927,36,Male,Mass,2023-11-04
CUST01928,47,Female,Mass,2023-06-09
CUST01929,24,Male,Mass,2023-03-27
CUST01930,27,Male,Mass,2025-07-22
CUST01931,58,Female,Business,2021-12-07
CUST01932,49,Male,Mass,2022-08-27
CUST01933,51,Female,Premium,2025-12-12
CUST01934,45,Male,Mass,2023-01-04
CUST01935,32,Male,Mass,2025-02-05
CUST01936,47,Male,Mass,2023-03-30
CUST01937,54,Female,Mass,2023-06-26
CUST01938,46,Male,Business,2024-02-06
CUST01939,39,Female,Mass,2024-09-16
CUST01940,21,Male,Business,2022-06-24
CUST01941,37,Male,Premium,2022-03-15
CUST01942,49,Female,Mass,2025-09-29
CUST01943,53,Female,Mass,2023-09-15
CUST01944,67,Male,Mass,2025-10-02
CUST01945,21,Female,Mass,2022-10-28
CUST01946,44,Male,Mass,2022-01-19
CUST01947,34,Female,Mass,2022-08-05
CUST01948,29,Female,Mass,2021-06-09
CUST01949,39,Female,Mass,2022-03-08
CUST01950,34,Female,Mass,2024-11-20
CUST01951,27,Male,Premium,2022-09-07
CUST01952,18,Female,Mass,2022-05-03
CUST01953,39,Female,Mass,2025-11-07
CUST01954,43,Male,Mass,2024-04-27
CUST01955,35,Male,Premium,2024-12-12
CUST01956,67,Female,Mass,2021-12-09
CUST01957,31,Female,Business,2024-10-16
CUST01958,64,Male,Business,2021-04-19
CUST01959,46,Female,Premium,2023-04-29
CUST01960,29,Female,Mass,2021-10-28
CUST01961,53,Male,Mass,2024-10-23
CUST01962,52,Male,Business,2024-07-02
CUST01963,69,Female,Premium,2024-09-01
CUST01964,29,Male,Premium,2022-12-06
CUST01965,24,Male,Mass,2023-12-31
CUST01966,46,Female,Mass,2021-09-26
CUST01967,28,Female,Mass,2025-03-05
CUST01968,50,Female,Premium,2024-05-17
CUST01969,23,Female,Premium,2022-04-23
CUST01970,64,Male,Mass,2021-06-25
CUST01971,32,Male,Mass,2021-08-27
CUST01972,49,Female,Mass,2023-06-12
CUST01973,68,Male,Premium,2022-09-02
CUST01974,28,Female,Mass,2023-05-09
CUST01975,40,Male,Mass,2025-01-05
CUST01976,43,Male,Mass,2025-06-13
CUST01977,51,Male,Mass,2025-11-23
CUST01978,63,Female,Premium,2022-05-07
CUST01979,51,Male,Premium,2021-04-09
CUST01980,46,Male,Premium,2021-11-25
CUST01981,21,Male,Premium,2024-09-11
CUST01982,34,Female,Mass,2022-03-21
CUST01983,52,Male,Premium,2025-08-17
CUST01984,30,Male,Business,2023-09-25
CUST01985,58,Male,Premium,2021-10-22
CUST01986,56,Female,Mass,2022-03-18
CUST01987,32,Male,Premium,2023-03-06
CUST01988,46,Male,Premium,2023-06-10
CUST01989,46,Male,Mass,2021-01-31
CUST01990,28,Female,Mass,2024-02-29
CUST01991,69,Female,Premium,2025-10-18
CUST01992,49,Female,Business,2025-03-31
CUST01993,19,Female,Mass,2022-03-14
CUST01994,64,Female,Mass,2024-09-11
CUST01995,31,Male,Mass,2024-07-14
CUST01996,37,Female,Mass,2021-10-13
CUST01997,39,Female,Business,2021-10-18
CUST01998,28,Female,Mass,2022-01-03
CUST01999,44,Male,Mass,2022-05-01
CUST02000,20,Female,Premium,2022-07-09
CUST02001,34,Male,Mass,2021-06-17
CUST02002,61,Female,Premium,2025-02-03
CUST02003,45,Male,Mass,2025-11-26
CUST02004,46,Male,Premium,2024-04-08
CUST02005,38,Male,Business,2023-02-10
CUST02006,64,Male,Mass,2024-10-01
CUST02007,33,Female,Premium,2021-03-19
CUST02008,54,Male,Business,2023-05-01
CUST02009,37,Male,Business,2024-01-14
CUST02010,23,Female,Mass,2023-06-11
CUST02011,36,Male,Mass,2022-10-23
CUST02012,22,Female,Mass,2024-05-09
CUST02013,20,Male,Mass,2022-08-12
CUST02014,18,Male,Mass,2024-10-16
CUST02015,55,Female,Mass,2023-02-01
CUST02016,32,Female,Premium,2022-07-19
CUST02017,51,Male,Mass,2023-03-23
CUST02018,52,Female,Premium,2021-10-29
CUST02019,66,Female,Premium,2021-10-20
CUST02020,42,Female,Mass,2021-10-21
CUST02021,41,Male,Mass,2021-04-19
CUST02022,29,Male,Premium,2021-12-31
CUST02023,35,Female,Mass,2022-08-23
CUST02024,32,Female,Mass,2022-11-09
CUST02025,61,Male,Premium,2025-02-26
CUST02026,33,Female,Mass,2024-07-14
CUST02027,44,Male,Premium,2021-04-03
CUST02028,25,Male,Premium,2025-09-05
CUST02029,63,Male,Mass,2023-12-24
CUST02030,42,Female,Premium,2022-03-04
CUST02031,34,Male,Mass,2022-09-30
CUST02032,46,Female,Premium,2022-01-03
CUST02033,70,Female,Premium,2025-11-01
CUST02034,25,Female,Mass,2021-04-15
CUST02035,32,Other,Mass,2021-07-28
CUST02036,44,Female,Mass,2025-05-17
CUST02037,63,Other,Mass,2023-10-09
CUST02038,67,Male,Business,2025-11-11
CUST02039,69,Male,Mass,2022-04-19
CUST02040,24,Male,Mass,2023-12-21
CUST02041,20,Male,Mass,2024-10-01
CUST02042,46,Female,Mass,2021-01-12
CUST02043,61,Male,Premium,2022-04-11
CUST02044,70,Female,Mass,2022-10-11
CUST02045,41,Female,Premium,2024-05-03
CUST02046,20,Female,Premium,2024-01-03
CUST02047,37,Male,Mass,2023-05-25
CUST02048,63,Female,Mass,2022-01-21
CUST02049,32,Male,Mass,2024-03-05
CUST02050,42,Male,Mass,2023-06-03
CUST02051,47,Female,Mass,2022-07-09
CUST02052,31,Female,Business,2024-12-30
CUST02053,24,Male,Business,2023-11-29
CUST02054,34,Female,Mass,2025-04-16
CUST02055,61,Male,Mass,2022-10-16
CUST02056,37,Male,Mass,2024-09-05
CUST02057,53,Male,Premium,2023-05-15
CUST02058,26,Female,Mass,2023-09-16
CUST02059,55,Female,Mass,2025-04-29
CUST02060,65,Male,Mass,2025-09-20
CUST02061,39,Male,Premium,2021-12-19
CUST02062,70,Female,Mass,2022-05-29
CUST02063,70,Male,Mass,2025-02-15
CUST02064,19,Male,Mass,2024-12-10
CUST02065,41,Female,Mass,2023-03-15
CUST02066,25,Male,Premium,2024-10-25
CUST02067,28,Female,Mass,2021-12-09
CUST02068,30,Male,Mass,2024-09-10
CUST02069,34,Female,Premium,2024-10-22
CUST02070,25,Female,Mass,2021-12-02
CUST02071,38,Female,Mass,2024-08-12
CUST02072,35,Male,Premium,2021-01-24
CUST02073,47,Female,Premium,2023-06-04
CUST02074,35,Female,Mass,2025-01-05
CUST02075,63,Male,Premium,2021-04-14
CUST02076,64,Female,Premium,2024-12-06
CUST02077,48,Female,Mass,2022-07-28
CUST02078,55,Female,Mass,2025-08-16
CUST02079,49,Male,Mass,2023-02-14
CUST02080,28,Male,Business,2024-08-10
CUST02081,62,Female,Business,2023-06-06
CUST02082,42,Male,Mass,2021-08-31
CUST02083,50,Other,Mass,2021-12-08
CUST02084,55,Female,Mass,2022-09-25
CUST02085,58,Female,Mass,2023-05-15
CUST02086,25,Male,Mass,2021-06-22
CUST02087,28,Male,Premium,2024-12-10
CUST02088,39,Female,Mass,2021-04-13
CUST02089,68,Female,Mass,2021-06-09
CUST02090,41,Other,Premium,2024-07-04
CUST02091,58,Male,Premium,2022-12-15
CUST02092,34,Male,Premium,2022-07-11
CUST02093,29,Male,Mass,2022-07-30
CUST02094,63,Female,Premium,2021-07-15
CUST02095,49,Male,Premium,2023-09-16
CUST02096,32,Male,Mass,2024-11-15
CUST02097,33,Male,Mass,2023-07-23
CUST02098,39,Male,Business,2021-03-11
CUST02099,45,Other,Mass,2025-09-13
CUST02100,37,Female,Mass,2023-04-23
CUST02101,50,Male,Mass,2021-09-04
CUST02102,27,Male,Mass,2021-11-25
CUST02103,57,Male,Mass,2021-06-07
CUST02104,49,Male,Mass,2023-07-07
CUST02105,67,Male,Mass,2022-11-29
CUST02106,50,Female,Mass,2023-01-13
CUST02107,19,Male,Premium,2022-08-08
CUST02108,50,Male,Business,2021-02-24
CUST02109,50,Male,Mass,2022-05-01
CUST02110,58,Female,Mass,2024-06-20
CUST02111,30,Female,Mass,2024-10-08
CUST02112,47,Female,Mass,2022-02-14
CUST02113,50,Female,Business,2023-08-18
CUST02114,30,Female,Mass,2023-06-24
CUST02115,69,Male,Mass,2022-12-28
CUST02116,43,Female,Mass,2023-11-05
CUST02117,39,Male,Mass,2021-05-27
CUST02118,56,Male,Mass,2025-02-22
CUST02119,19,Female,Mass,2025-08-07
CUST02120,55,Male,Premium,2023-11-15
CUST02121,56,Female,Mass,2025-06-23
CUST02122,43,Male,Mass,2025-09-11
CUST02123,63,Female,Mass,2021-11-29
CUST02124,67,Female,Mass,2024-04-12
CUST02125,32,Other,Mass,2025-12-04
CUST02126,51,Female,Mass,2021-10-17
CUST02127,59,Female,Premium,2022-07-24
CUST02128,61,Female,Mass,2023-03-02
CUST02129,66,Male,Mass,2024-03-14
CUST02130,57,Male,Mass,2023-06-28
CUST02131,28,Female,Mass,2024-02-20
CUST02132,20,Female,Mass,2021-01-27
CUST02133,23,Female,Mass,2023-12-26
CUST02134,26,Female,Mass,2024-01-30
CUST02135,23,Female,Mass,2023-07-15
CUST02136,26,Male,Mass,2022-01-23
CUST02137,56,Male,Mass,2024-01-23
CUST02138,48,Male,Mass,2023-12-27
CUST02139,49,Male,Mass,2021-09-07
CUST02140,58,Female,Premium,2021-05-22
CUST02141,67,Female,Mass,2021-09-24
CUST02142,29,Female,Mass,2025-04-25
CUST02143,25,Male,Mass,2021-08-03
CUST02144,25,Male,Mass,2022-05-04
CUST02145,67,Male,Premium,2022-05-11
CUST02146,45,Female,Business,2022-04-25
CUST02147,37,Male,Mass,2022-10-05
CUST02148,64,Male,Premium,2025-02-22
CUST02149,24,Male,Mass,2021-01-01
CUST02150,28,Male,Mass,2023-10-30
CUST02151,37,Female,Mass,2023-04-21
CUST02152,33,Male,Premium,2022-01-15
CUST02153,21,Male,Mass,2023-04-24
CUST02154,23,Male,Business,2024-03-13
CUST02155,39,Male,Mass,2021-10-29
CUST02156,43,Female,Mass,2022-10-12
CUST02157,20,Female,Premium,2024-12-11
CUST02158,58,Male,Premium,2023-03-20
CUST02159,59,Female,Premium,2024-04-17
CUST02160,31,Male,Premium,2024-07-25
CUST02161,28,Female,Mass,2024-03-13
CUST02162,35,Male,Mass,2021-12-05
CUST02163,29,Male,Mass,2025-01-22
CUST02164,40,Female,Mass,2025-09-22
CUST02165,29,Female,Business,2024-09-16
CUST02166,30,Female,Premium,2024-07-17
CUST02167,42,Male,Premium,2023-09-26
CUST02168,62,Male,Mass,2024-04-25
CUST02169,68,Other,Premium,2022-10-28
CUST02170,36,Male,Premium,2024-04-10
CUST02171,63,Male,Mass,2022-02-08
CUST02172,53,Male,Mass,2025-01-31
CUST02173,62,Male,Premium,2021-09-04
CUST02174,25,Male,Mass,2025-03-27
CUST02175,46,Female,Business,2022-07-13
CUST02176,70,Male,Mass,2023-02-17
CUST02177,49,Female,Mass,2021-04-21
CUST02178,68,Male,Mass,2023-09-15
CUST02179,61,Male,Mass,2023-03-24
CUST02180,35,Female,Mass,2024-08-19
CUST02181,23,Female,Mass,2023-07-19
CUST02182,35,Male,Business,2023-06-05
CUST02183,36,Female,Premium,2023-06-28
CUST02184,39,Male,Mass,2025-02-05
CUST02185,54,Female,Mass,2023-03-02
CUST02186,49,Female,Mass,2021-10-19
CUST02187,58,Male,Premium,2024-06-29
CUST02188,20,Female,Mass,2025-05-31
CUST02189,45,Female,Mass,2021-06-24
CUST02190,27,Male,Mass,2021-04-19
CUST02191,68,Male,Premium,2023-08-20
CUST02192,52,Male,Mass,2024-09-25
CUST02193,46,Female,Premium,2023-04-28
CUST02194,32,Male,Business,2023-11-04
CUST02195,50,Male,Mass,2022-11-24
CUST02196,24,Male,Mass,2024-09-07
CUST02197,29,Female,Mass,2025-12-13
CUST02198,66,Female,Mass,2023-08-22
CUST02199,47,Female,Mass,2021-02-12
CUST02200,38,Male,Mass,2022-04-06
CUST02201,48,Female,Premium,2024-01-31
CUST02202,41,Female,Mass,2025-07-07
CUST02203,37,Female,Mass,2022-12-06
CUST02204,54,Male,Mass,2023-10-30
CUST02205,21,Male,Mass,2021-05-29
CUST02206,45,Female,Mass,2021-12-04
CUST02207,61,Male,Mass,2023-09-30
CUST02208,37,Female,Mass,2021-08-12
CUST02209,41,Female,Premium,2024-02-08
CUST02210,67,Female,Mass,2021-12-20
CUST02211,66,Female,Mass,2024-01-13
CUST02212,68,Female,Mass,2022-07-09
CUST02213,49,Male,Mass,2021-03-07
CUST02214,58,Male,Mass,2024-11-12
CUST02215,53,Male,Premium,2022-09-13
CUST02216,70,Female,Mass,2025-06-26
CUST02217,51,Male,Mass,2024-03-04
CUST02218,53,Male,Mass,2024-01-15
CUST02219,19,Female,Mass,2021-03-25
CUST02220,32,Female,Mass,2021-08-15
CUST02221,51,Other,Premium,2024-07-07
CUST02222,53,Female,Mass,2023-06-11
CUST02223,23,Female,Premium,2023-10-10
CUST02224,56,Female,Mass,2021-01-20
CUST02225,59,Other,Mass,2023-11-25
CUST02226,68,Female,Mass,2023-01-25
CUST02227,68,Female,Mass,2025-01-06
CUST02228,29,Female,Mass,2023-07-30
CUST02229,20,Female,Premium,2021-09-27
CUST02230,62,Male,Mass,2025-10-25
CUST02231,35,Male,Mass,2022-02-10
CUST02232,57,Male,Premium,2025-03-12
CUST02233,38,Male,Mass,2021-10-31
CUST02234,32,Male,Premium,2025-08-21
CUST02235,50,Male,Mass,2024-08-01
CUST02236,52,Male,Mass,2025-04-21
CUST02237,43,Female,Mass,2023-10-06
CUST02238,25,Female,Mass,2023-03-21
CUST02239,53,Male,Premium,2023-11-19
CUST02240,65,Female,Premium,2022-01-26
CUST02241,47,Female,Mass,2024-12-10
CUST02242,40,Female,Mass,2025-11-26
CUST02243,59,Female,Mass,2023-06-28
CUST02244,61,Male,Mass,2021-05-22
CUST02245,31,Male,Mass,2022-10-08
CUST02246,31,Male,Mass,2025-08-07
CUST02247,19,Male,Premium,2023-03-20
CUST02248,54,Female,Mass,2023-08-06
CUST02249,22,Male,Business,2024-09-26
CUST02250,55,Male,Mass,2021-09-02
CUST02251,62,Male,Business,2023-02-05
CUST02252,58,Male,Mass,2023-05-26
CUST02253,64,Female,Mass,2023-07-01
CUST02254,31,Female,Premium,2023-10-26
CUST02255,56,Male,Premium,2023-07-09
CUST02256,42,Male,Premium,2023-07-28
CUST02257,37,Male,Mass,2022-03-25
CUST02258,19,Male,Business,2021-09-23
CUST02259,56,Female,Mass,2025-02-23
CUST02260,23,Male,Mass,2024-06-16
CUST02261,34,Female,Mass,2021-09-07
CUST02262,42,Female,Premium,2023-08-13
CUST02263,45,Male,Mass,2024-08-07
CUST02264,19,Male,Mass,2022-06-27
CUST02265,52,Female,Mass,2022-09-24
CUST02266,54,Female,Mass,2024-01-08
CUST02267,22,Male,Mass,2023-06-26
CUST02268,18,Female,Mass,2022-06-05
CUST02269,57,Female,Premium,2025-01-13
CUST02270,29,Male,Mass,2025-04-29
CUST02271,53,Female,Business,2023-06-03
CUST02272,62,Male,Mass,2023-01-04
CUST02273,40,Female,Mass,2021-05-24
CUST02274,64,Other,Mass,2024-02-18
CUST02275,48,Female,Mass,2023-08-02
CUST02276,28,Male,Mass,2022-07-19
CUST02277,27,Male,Premium,2025-05-20
CUST02278,20,Female,Mass,2024-04-14
CUST02279,31,Female,Mass,2021-03-11
CUST02280,33,Female,Mass,2022-09-25
CUST02281,27,Female,Premium,2023-06-08
CUST02282,46,Female,Premium,2024-05-11
CUST02283,27,Male,Mass,2023-03-12
CUST02284,29,Male,Mass,2021-06-29
CUST02285,47,Male,Mass,2022-08-16
CUST02286,58,Female,Mass,2022-07-21
CUST02287,18,Female,Mass,2022-11-22
CUST02288,22,Female,Mass,2025-06-22
CUST02289,37,Male,Mass,2024-02-08
CUST02290,25,Male,Business,2024-12-18
CUST02291,60,Male,Mass,2022-10-27
CUST02292,29,Female,Premium,2025-03-07
CUST02293,18,Male,Mass,2022-02-10
CUST02294,37,Male,Mass,2023-09-13
CUST02295,45,Male,Mass,2022-09-29
CUST02296,60,Female,Mass,2024-01-20
CUST02297,54,Male,Mass,2024-08-10
CUST02298,64,Female,Mass,2024-11-17
CUST02299,54,Female,Mass,2023-11-27
CUST02300,29,Female,Mass,2022-06-01
CUST02301,54,Female,Premium,2023-04-30
CUST02302,66,Male,Mass,2025-08-13
CUST02303,66,Male,Mass,2023-06-27
CUST02304,61,Female,Mass,2021-11-12
CUST02305,45,Female,Premium,2024-04-10
CUST02306,64,Female,Mass,2024-11-30
CUST02307,32,Female,Premium,2024-07-09
CUST02308,23,Male,Mass,2025-02-16
CUST02309,61,Male,Mass,2021-01-27
CUST02310,37,Female,Mass,2025-02-27
CUST02311,67,Male,Mass,2021-02-24
CUST02312,31,Male,Premium,2021-09-06
CUST02313,19,Female,Mass,2021-09-30
CUST02314,26,Male,Mass,2024-07-06
CUST02315,54,Male,Mass,2025-12-07
CUST02316,37,Female,Mass,2021-07-10
CUST02317,43,Female,Mass,2022-07-29
CUST02318,46,Male,Premium,2023-05-07
CUST02319,18,Female,Mass,2025-01-09
CUST02320,52,Female,Mass,2025-03-06
CUST02321,23,Male,Mass,2022-09-08
CUST02322,54,Male,Mass,2024-11-17
CUST02323,70,Male,Mass,2024-12-02
CUST02324,22,Female,Premium,2025-12-29
CUST02325,50,Male,Mass,2025-11-30
CUST02326,66,Other,Mass,2023-10-15
CUST02327,68,Female,Premium,2022-11-04
CUST02328,31,Female,Mass,2022-11-14
CUST02329,29,Female,Premium,2021-04-19
CUST02330,59,Female,Mass,2022-10-14
CUST02331,37,Male,Mass,2025-06-17
CUST02332,70,Male,Mass,2023-09-08
CUST02333,67,Female,Mass,2024-02-01
CUST02334,41,Male,Premium,2021-08-14
CUST02335,60,Male,Premium,2021-12-19
CUST02336,51,Female,Mass,2024-03-29
CUST02337,42,Female,Premium,2024-11-28
CUST02338,67,Male,Mass,2025-09-27
CUST02339,46,Female,Premium,2024-09-09
CUST02340,56,Male,Premium,2021-05-25
CUST02341,48,Female,Mass,2025-11-13
CUST02342,64,Male,Mass,2025-01-28
CUST02343,60,Female,Premium,2023-07-04
CUST02344,67,Male,Mass,2024-03-01
CUST02345,40,Female,Premium,2024-01-22
CUST02346,61,Male,Mass,2021-09-30
CUST02347,55,Male,Mass,2025-09-24
CUST02348,37,Female,Mass,2022-06-18
CUST02349,40,Male,Mass,2024-05-02
CUST02350,62,Male,Mass,2024-04-08
CUST02351,69,Male,Mass,2022-04-05
CUST02352,33,Female,Mass,2023-07-30
CUST02353,67,Female,Premium,2023-11-01
CUST02354,59,Male,Mass,2021-06-30
CUST02355,25,Female,Premium,2024-06-09
CUST02356,67,Male,Mass,2021-01-29
CUST02357,38,Female,Mass,2022-06-16
CUST02358,18,Male,Premium,2023-10-26
CUST02359,25,Female,Mass,2025-04-19
CUST02360,46,Male,Premium,2021-05-20
CUST02361,49,Other,Mass,2023-11-18
CUST02362,55,Male,Mass,2021-04-08
CUST02363,22,Male,Premium,2021-09-19
CUST02364,64,Male,Mass,2025-11-17
CUST02365,39,Female,Mass,2021-01-19
CUST02366,64,Female,Mass,2021-01-12
CUST02367,51,Female,Premium,2022-06-21
CUST02368,18,Female,Premium,2025-03-29
CUST02369,43,Female,Mass,2025-01-28
CUST02370,60,Female,Business,2025-05-31
CUST02371,27,Male,Premium,2021-09-16
CUST02372,47,Female,Business,2021-01-24
CUST02373,67,Male,Mass,2023-10-29
CUST02374,35,Female,Premium,2021-08-16
CUST02375,34,Female,Premium,2022-01-11
CUST02376,43,Female,Mass,2024-02-21
CUST02377,25,Female,Business,2024-01-19
CUST02378,64,Female,Mass,2025-01-19
CUST02379,57,Female,Mass,2021-08-12
CUST02380,66,Male,Premium,2023-01-06
CUST02381,29,Male,Business,2021-09-14
CUST02382,44,Female,Mass,2022-05-30
CUST02383,25,Female,Mass,2023-04-13
CUST02384,42,Male,Premium,2025-12-12
CUST02385,63,Male,Premium,2024-03-17
CUST02386,21,Male,Mass,2024-11-11
CUST02387,50,Male,Mass,2022-12-02
CUST02388,18,Female,Premium,2023-06-30
CUST02389,36,Female,Mass,2022-11-30
CUST02390,48,Female,Business,2022-03-14
CUST02391,33,Female,Mass,2025-09-20
CUST02392,31,Female,Mass,2025-07-18
CUST02393,70,Male,Mass,2021-02-06
CUST02394,65,Male,Mass,2025-08-12
CUST02395,22,Female,Premium,2021-04-16
CUST02396,58,Male,Business,2022-09-07
CUST02397,43,Male,Mass,2021-08-20
CUST02398,45,Male,Premium,2023-05-17
CUST02399,19,Male,Mass,2024-03-15
CUST02400,67,Male,Premium,2023-11-07
CUST02401,23,Female,Mass,2024-03-28
CUST02402,26,Male,Mass,2023-08-18
CUST02403,50,Female,Mass,2024-07-29
CUST02404,58,Male,Mass,2021-10-05
CUST02405,42,Female,Business,2021-05-05
CUST02406,65,Female,Mass,2025-09-05
CUST02407,30,Female,Mass,2024-12-14
CUST02408,26,Female,Mass,2024-09-05
CUST02409,70,Male,Mass,2022-11-06
CUST02410,30,Male,Mass,2022-12-16
CUST02411,48,Male,Mass,2025-02-14
CUST02412,58,Male,Mass,2022-10-29
CUST02413,28,Male,Business,2024-09-09
CUST02414,21,Female,Mass,2023-07-02
CUST02415,51,Female,Mass,2022-01-30
CUST02416,55,Female,Premium,2023-02-12
CUST02417,63,Female,Premium,2021-07-05
CUST02418,21,Female,Premium,2022-04-11
CUST02419,55,Female,Mass,2023-12-17
CUST02420,36,Female,Mass,2025-10-19
CUST02421,23,Male,Business,2022-04-03
CUST02422,51,Male,Mass,2023-09-28
CUST02423,35,Female,Mass,2024-05-16
CUST02424,30,Female,Mass,2025-10-04
CUST02425,58,Female,Mass,2021-03-15
CUST02426,40,Male,Premium,2025-02-16
CUST02427,36,Female,Mass,2024-01-14
CUST02428,62,Male,Premium,2022-09-24
CUST02429,28,Male,Mass,2023-11-04
CUST02430,18,Male,Business,2023-04-20
CUST02431,41,Male,Mass,2025-07-23
CUST02432,24,Male,Mass,2023-07-01
CUST02433,42,Male,Mass,2023-03-05
CUST02434,38,Male,Premium,2021-02-18
CUST02435,32,Male,Premium,2024-12-20
CUST02436,18,Female,Mass,2023-08-24
CUST02437,29,Female,Mass,2021-12-25
CUST02438,24,Male,Premium,2021-08-30
CUST02439,32,Male,Premium,2023-12-13
CUST02440,38,Female,Mass,2025-12-06
CUST02441,36,Female,Premium,2023-12-29
CUST02442,46,Male,Mass,2025-04-25
CUST02443,42,Female,Mass,2025-09-16
CUST02444,50,Female,Mass,2025-07-27
CUST02445,66,Male,Business,2021-02-25
CUST02446,49,Male,Mass,2023-05-29
CUST02447,66,Male,Mass,2025-01-19
CUST02448,52,Female,Business,2021-09-12
CUST02449,61,Male,Mass,2021-01-05
CUST02450,55,Male,Premium,2025-05-24
CUST02451,43,Male,Premium,2023-12-12
CUST02452,28,Female,Business,2021-11-25
CUST02453,52,Female,Mass,2021-04-08
CUST02454,25,Female,Mass,2024-03-30
CUST02455,63,Female,Premium,2024-11-30
CUST02456,31,Male,Mass,2023-09-08
CUST02457,27,Female,Mass,2023-09-30
CUST02458,19,Female,Premium,2023-02-22
CUST02459,63,Male,Mass,2022-07-31
CUST02460,26,Female,Business,2021-11-23
CUST02461,20,Female,Mass,2021-08-31
CUST02462,38,Female,Mass,2025-03-08
CUST02463,43,Male,Mass,2022-01-02
CUST02464,25,Female,Mass,2023-02-13
CUST02465,65,Female,Mass,2022-12-25
CUST02466,19,Male,Premium,2025-01-05
CUST02467,23,Male,Mass,2024-03-23
CUST02468,45,Male,Mass,2021-08-22
CUST02469,70,Other,Premium,2022-10-14
CUST02470,46,Female,Mass,2021-11-29
CUST02471,43,Male,Mass,2022-05-10
CUST02472,42,Male,Business,2024-02-13
CUST02473,29,Male,Mass,2022-01-04
CUST02474,22,Female,Premium,2024-09-18
CUST02475,51,Male,Premium,2024-02-28
CUST02476,65,Female,Premium,2024-04-16
CUST02477,54,Female,Premium,2021-04-05
CUST02478,32,Female,Mass,2024-09-02
CUST02479,61,Male,Premium,2023-06-26
CUST02480,53,Male,Premium,2024-01-30
CUST02481,32,Male,Mass,2024-05-04
CUST02482,60,Male,Mass,2023-03-13
CUST02483,65,Male,Premium,2021-07-27
CUST02484,40,Female,Mass,2022-08-30
CUST02485,23,Male,Premium,2022-04-18
CUST02486,63,Male,Mass,2025-06-27
CUST02487,67,Male,Mass,2023-10-29
CUST02488,61,Male,Mass,2021-05-16
CUST02489,60,Other,Mass,2022-09-02
CUST02490,62,Male,Mass,2023-06-30
CUST02491,38,Male,Mass,2021-09-18
CUST02492,40,Female,Mass,2024-03-16
CUST02493,60,Male,Premium,2022-04-03
CUST02494,33,Male,Mass,2025-09-17
CUST02495,64,Male,Premium,2025-01-01
CUST02496,70,Male,Mass,2024-12-07
CUST02497,32,Male,Mass,2025-03-04
CUST02498,42,Male,Mass,2021-08-20
CUST02499,53,Female,Mass,2021-04-11
CUST02500,28,Male,Mass,2021-05-27
CUST02501,68,Female,Mass,2022-12-18
CUST02502,32,Female,Mass,2022-05-22
CUST02503,21,Female,Mass,2022-07-12
CUST02504,38,Male,Mass,2021-04-14
CUST02505,30,Male,Business,2021-12-02
CUST02506,39,Female,Mass,2022-03-22
CUST02507,36,Female,Premium,2023-01-04
CUST02508,51,Female,Mass,2022-03-20
CUST02509,31,Male,Mass,2021-04-28
CUST02510,21,Female,Mass,2025-03-21
CUST02511,65,Male,Mass,2023-07-18
CUST02512,70,Male,Premium,2022-12-24
CUST02513,69,Male,Mass,2022-07-21
CUST02514,63,Male,Mass,2025-04-04
CUST02515,44,Female,Mass,2021-03-29
CUST02516,46,Female,Mass,2025-11-18
CUST02517,64,Female,Premium,2025-07-11
CUST02518,45,Female,Mass,2022-04-21
CUST02519,52,Male,Mass,2025-09-02
CUST02520,25,Female,Mass,2025-02-17
CUST02521,33,Male,Mass,2025-08-13
CUST02522,59,Male,Mass,2021-10-22
CUST02523,53,Male,Mass,2022-12-21
CUST02524,47,Male,Mass,2024-11-05
CUST02525,35,Male,Premium,2023-09-22
CUST02526,19,Male,Mass,2024-07-30
CUST02527,66,Female,Mass,2023-04-24
CUST02528,30,Female,Mass,2022-11-17
CUST02529,21,Male,Mass,2022-10-01
CUST02530,43,Other,Premium,2024-03-25
CUST02531,42,Female,Mass,2024-04-18
CUST02532,47,Female,Business,2023-08-19
CUST02533,28,Female,Mass,2023-07-24
CUST02534,24,Male,Mass,2023-06-09
CUST02535,48,Female,Premium,2023-07-03
CUST02536,61,Female,Mass,2024-01-16
CUST02537,27,Other,Mass,2022-02-10
CUST02538,56,Female,Mass,2025-02-28
CUST02539,30,Female,Mass,2024-07-14
CUST02540,48,Female,Premium,2025-06-06
CUST02541,24,Male,Premium,2023-12-24
CUST02542,66,Male,Mass,2021-04-29
CUST02543,59,Male,Mass,2021-12-07
CUST02544,59,Male,Mass,2021-11-09
CUST02545,53,Male,Premium,2021-06-12
CUST02546,37,Female,Mass,2025-03-09
CUST02547,21,Female,Mass,2021-10-20
CUST02548,24,Female,Mass,2022-11-21
CUST02549,18,Female,Mass,2024-11-01
CUST02550,61,Female,Premium,2025-04-15
CUST02551,62,Female,Premium,2024-11-25
CUST02552,59,Female,Mass,2022-11-04
CUST02553,64,Female,Mass,2024-11-24
CUST02554,30,Male,Mass,2022-02-03
CUST02555,39,Male,Mass,2023-06-28
CUST02556,38,Male,Mass,2022-05-02
CUST02557,39,Female,Mass,2025-03-19
CUST02558,45,Female,Premium,2023-11-14
CUST02559,26,Female,Premium,2023-12-19
CUST02560,43,Male,Mass,2023-01-19
CUST02561,26,Female,Mass,2021-08-28
CUST02562,32,Female,Mass,2021-11-07
CUST02563,27,Male,Premium,2021-11-17
CUST02564,41,Female,Premium,2022-11-03
CUST02565,59,Female,Mass,2025-02-13
CUST02566,25,Female,Premium,2022-07-26
CUST02567,41,Female,Premium,2025-11-11
CUST02568,33,Male,Mass,2022-02-18
CUST02569,66,Male,Mass,2024-09-07
CUST02570,43,Male,Mass,2022-02-06
CUST02571,44,Female,Mass,2021-02-28
CUST02572,54,Male,Mass,2021-02-22
CUST02573,21,Female,Mass,2023-12-24
CUST02574,67,Male,Mass,2022-09-25
CUST02575,41,Female,Premium,2024-02-17
CUST02576,36,Male,Mass,2021-10-13
CUST02577,53,Female,Mass,2021-01-18
CUST02578,56,Female,Mass,2023-10-26
CUST02579,27,Female,Mass,2024-11-16
CUST02580,42,Male,Mass,2021-06-09
CUST02581,35,Male,Mass,2021-05-22
CUST02582,36,Female,Mass,2022-02-01
CUST02583,53,Male,Premium,2023-11-08
CUST02584,27,Male,Premium,2022-08-03
CUST02585,50,Male,Premium,2024-02-12
CUST02586,67,Female,Mass,2022-06-18
CUST02587,22,Female,Mass,2025-04-05
CUST02588,64,Male,Mass,2023-06-30
CUST02589,66,Male,Premium,2025-12-04
CUST02590,52,Female,Mass,2022-04-06
CUST02591,61,Female,Premium,2025-06-22
CUST02592,51,Male,Mass,2025-06-29
CUST02593,50,Male,Premium,2021-10-13
CUST02594,38,Female,Premium,2023-10-26
CUST02595,34,Other,Mass,2021-05-09
CUST02596,39,Other,Premium,2023-08-14
CUST02597,65,Female,Mass,2022-11-02
CUST02598,54,Male,Business,2025-11-22
CUST02599,32,Female,Premium,2022-05-14
CUST02600,52,Male,Business,2021-10-03
CUST02601,45,Female,Mass,2024-01-12
CUST02602,24,Male,Mass,2024-02-16
CUST02603,49,Female,Premium,2021-01-29
CUST02604,28,Female,Premium,2023-10-02
CUST02605,27,Male,Mass,2024-10-13
CUST02606,26,Female,Mass,2022-10-12
CUST02607,31,Male,Mass,2024-03-26
CUST02608,30,Male,Premium,2021-01-31
CUST02609,42,Male,Premium,2023-04-23
CUST02610,19,Male,Mass,2024-08-02
CUST02611,52,Male,Mass,2025-08-16
CUST02612,24,Female,Mass,2021-12-02
CUST02613,38,Male,Mass,2022-07-24
CUST02614,35,Male,Premium,2021-11-09
CUST02615,20,Male,Mass,2022-08-22
CUST02616,59,Female,Mass,2024-02-21
CUST02617,56,Female,Premium,2025-09-23
CUST02618,58,Female,Mass,2023-05-15
CUST02619,66,Female,Mass,2022-01-06
CUST02620,28,Female,Premium,2023-03-16
CUST02621,56,Female,Mass,2021-11-10
CUST02622,41,Female,Premium,2021-01-28
CUST02623,63,Male,Mass,2024-03-24
CUST02624,36,Female,Premium,2023-08-24
CUST02625,21,Female,Mass,2024-06-07
CUST02626,43,Female,Mass,2025-04-22
CUST02627,55,Female,Mass,2023-10-27
CUST02628,59,Female,Business,2022-04-18
CUST02629,49,Female,Business,2024-09-03
CUST02630,56,Male,Mass,2024-06-02
CUST02631,62,Male,Mass,2023-11-23
CUST02632,63,Male,Mass,2021-03-30
CUST02633,53,Female,Mass,2024-09-19
CUST02634,57,Female,Premium,2021-02-09
CUST02635,54,Female,Mass,2022-11-12
CUST02636,50,Female,Premium,2022-01-10
CUST02637,53,Female,Premium,2024-08-14
CUST02638,20,Female,Mass,2023-09-25
CUST02639,26,Female,Premium,2022-01-28
CUST02640,25,Female,Mass,2023-11-08
CUST02641,50,Female,Mass,2025-03-31
CUST02642,23,Male,Premium,2021-05-12
CUST02643,58,Female,Mass,2021-10-17
CUST02644,56,Male,Mass,2023-03-17
CUST02645,21,Male,Premium,2021-07-28
CUST02646,30,Female,Mass,2021-11-23
CUST02647,66,Female,Mass,2023-09-19
CUST02648,19,Female,Premium,2022-05-18
CUST02649,22,Male,Mass,2021-10-06
CUST02650,61,Male,Business,2024-11-06
CUST02651,44,Male,Mass,2023-02-27
CUST02652,49,Male,Mass,2023-10-04
CUST02653,38,Male,Premium,2023-08-10
CUST02654,25,Male,Mass,2024-08-25
CUST02655,55,Male,Premium,2021-10-04
CUST02656,25,Male,Premium,2024-01-05
CUST02657,67,Male,Premium,2021-10-25
CUST02658,20,Female,Mass,2024-11-02
CUST02659,61,Male,Mass,2022-03-09
CUST02660,20,Female,Premium,2023-10-07
CUST02661,39,Female,Mass,2024-02-10
CUST02662,23,Male,Premium,2025-12-07
CUST02663,19,Female,Mass,2024-01-01
CUST02664,40,Female,Mass,2021-11-13
CUST02665,61,Female,Mass,2023-11-11
CUST02666,19,Male,Business,2024-04-26
CUST02667,55,Female,Mass,2021-05-01
CUST02668,34,Female,Mass,2024-09-27
CUST02669,52,Male,Premium,2022-10-15
CUST02670,51,Male,Mass,2021-10-31
CUST02671,40,Male,Premium,2023-07-25
CUST02672,47,Female,Mass,2025-01-10
CUST02673,69,Male,Premium,2025-10-06
CUST02674,25,Female,Mass,2022-12-22
CUST02675,39,Male,Premium,2022-05-11
CUST02676,61,Female,Mass,2025-03-25
CUST02677,53,Male,Mass,2021-07-04
CUST02678,22,Male,Mass,2023-06-07
CUST02679,30,Female,Business,2023-03-19
CUST02680,46,Male,Mass,2021-11-28
CUST02681,48,Male,Premium,2022-12-14
CUST02682,64,Male,Mass,2022-07-30
CUST02683,33,Female,Mass,2021-12-16
CUST02684,59,Female,Mass,2023-04-18
CUST02685,47,Female,Premium,2021-11-16
CUST02686,33,Female,Premium,2022-06-21
CUST02687,29,Male,Business,2022-02-16
CUST02688,34,Female,Premium,2023-06-25
CUST02689,33,Female,Mass,2024-03-25
CUST02690,29,Male,Premium,2025-10-23
CUST02691,25,Male,Mass,2025-08-02
CUST02692,37,Male,Premium,2022-06-17
CUST02693,20,Female,Mass,2022-05-17
CUST02694,33,Male,Premium,2025-02-18
CUST02695,47,Female,Mass,2024-03-23
CUST02696,62,Male,Mass,2023-07-03
CUST02697,40,Male,Mass,2023-12-28
CUST02698,45,Male,Mass,2025-02-24
CUST02699,68,Male,Mass,2023-12-01
CUST02700,57,Male,Premium,2022-06-11
CUST02701,22,Male,Premium,2025-12-20
CUST02702,37,Male,Mass,2024-04-07
CUST02703,57,Male,Mass,2025-07-28
CUST02704,61,Male,Mass,2022-12-12
CUST02705,18,Female,Premium,2023-01-20
CUST02706,47,Female,Mass,2023-08-14
CUST02707,38,Female,Mass,2021-04-22
CUST02708,37,Male,Mass,2022-04-08
CUST02709,23,Male,Mass,2021-02-21
CUST02710,39,Male,Mass,2025-07-31
CUST02711,35,Female,Mass,2021-09-12
CUST02712,25,Male,Mass,2025-07-09
CUST02713,56,Male,Mass,2024-03-27
CUST02714,49,Female,Mass,2021-10-27
CUST02715,50,Female,Mass,2023-08-16
CUST02716,70,Male,Mass,2022-03-03
CUST02717,33,Male,Mass,2023-09-17
CUST02718,29,Female,Mass,2025-12-05
CUST02719,55,Female,Premium,2021-11-03
CUST02720,69,Male,Mass,2021-04-09
CUST02721,51,Male,Premium,2021-05-01
CUST02722,31,Female,Mass,2025-06-14
CUST02723,53,Male,Mass,2023-11-20
CUST02724,50,Female,Mass,2021-08-18
CUST02725,40,Female,Mass,2022-10-13
CUST02726,67,Male,Mass,2024-07-01
CUST02727,62,Male,Premium,2024-11-28
CUST02728,19,Female,Premium,2025-02-26
CUST02729,58,Male,Mass,2023-11-21
CUST02730,38,Male,Mass,2024-03-31
CUST02731,19,Female,Mass,2024-12-26
CUST02732,44,Male,Mass,2024-03-25
CUST02733,26,Male,Premium,2024-09-08
CUST02734,18,Male,Mass,2022-09-21
CUST02735,28,Female,Business,2024-04-29
CUST02736,20,Male,Mass,2024-04-14
CUST02737,69,Female,Mass,2023-08-06
CUST02738,40,Female,Mass,2022-06-01
CUST02739,43,Male,Mass,2023-04-25
CUST02740,21,Male,Mass,2025-03-28
CUST02741,35,Male,Mass,2025-05-14
CUST02742,23,Female,Mass,2023-04-13
CUST02743,52,Female,Mass,2023-03-31
CUST02744,39,Female,Mass,2023-03-22
CUST02745,60,Male,Mass,2023-02-01
CUST02746,32,Female,Premium,2024-09-24
CUST02747,39,Male,Premium,2025-06-17
CUST02748,54,Female,Mass,2021-11-15
CUST02749,69,Female,Mass,2021-04-21
CUST02750,59,Male,Mass,2023-03-18
CUST02751,29,Male,Premium,2025-02-05
CUST02752,64,Female,Mass,2023-11-07
CUST02753,66,Female,Mass,2024-05-28
CUST02754,59,Male,Mass,2022-05-02
CUST02755,55,Male,Premium,2023-03-22
CUST02756,35,Female,Mass,2024-08-21
CUST02757,62,Male,Mass,2022-06-01
CUST02758,52,Male,Mass,2024-02-27
CUST02759,47,Male,Mass,2023-04-15
CUST02760,41,Male,Premium,2022-09-16
CUST02761,59,Female,Mass,2023-11-14
CUST02762,47,Other,Premium,2025-04-14
CUST02763,31,Female,Mass,2024-03-01
CUST02764,23,Male,Mass,2022-07-10
CUST02765,20,Female,Premium,2024-09-06
CUST02766,33,Female,Mass,2022-05-12
CUST02767,24,Male,Mass,2023-06-07
CUST02768,69,Female,Mass,2025-10-09
CUST02769,31,Male,Premium,2022-01-17
CUST02770,26,Other,Mass,2021-08-04
CUST02771,32,Male,Premium,2023-01-26
CUST02772,38,Female,Mass,2022-06-27
CUST02773,52,Male,Business,2023-07-05
CUST02774,19,Male,Mass,2025-12-07
CUST02775,44,Male,Mass,2023-11-01
CUST02776,19,Female,Mass,2021-03-23
CUST02777,52,Female,Business,2023-09-21
CUST02778,35,Female,Premium,2024-03-25
CUST02779,31,Female,Mass,2021-06-15
CUST02780,37,Female,Mass,2021-07-27
CUST02781,35,Male,Mass,2021-01-24
CUST02782,27,Male,Mass,2023-03-18
CUST02783,42,Female,Mass,2023-06-06
CUST02784,19,Female,Mass,2022-11-22
CUST02785,42,Female,Mass,2021-11-28
CUST02786,50,Male,Mass,2025-05-05
CUST02787,53,Male,Premium,2023-09-29
CUST02788,48,Female,Mass,2025-03-23
CUST02789,31,Female,Mass,2025-03-15
CUST02790,18,Male,Mass,2025-06-24
CUST02791,63,Female,Mass,2025-06-05
CUST02792,33,Female,Mass,2021-08-29
CUST02793,63,Male,Mass,2023-04-16
CUST02794,69,Female,Mass,2021-06-30
CUST02795,20,Female,Mass,2024-08-09
CUST02796,52,Female,Premium,2024-01-12
CUST02797,58,Female,Mass,2025-05-09
CUST02798,23,Female,Mass,2021-03-31
CUST02799,42,Male,Premium,2022-03-15
CUST02800,30,Male,Mass,2025-10-05
CUST02801,70,Male,Mass,2022-06-27
CUST02802,51,Male,Mass,2021-07-12
CUST02803,25,Male,Mass,2022-05-03
CUST02804,38,Male,Mass,2022-09-04
CUST02805,51,Male,Mass,2024-10-04
CUST02806,21,Male,Premium,2024-01-18
CUST02807,42,Female,Mass,2023-08-13
CUST02808,32,Male,Mass,2024-02-21
CUST02809,21,Female,Mass,2024-10-29
CUST02810,62,Female,Mass,2023-12-07
CUST02811,29,Male,Mass,2024-12-27
CUST02812,49,Female,Premium,2021-05-26
CUST02813,49,Female,Premium,2023-10-24
CUST02814,45,Male,Mass,2025-04-03
CUST02815,30,Male,Mass,2024-08-30
CUST02816,48,Male,Premium,2021-11-23
CUST02817,31,Male,Mass,2023-09-15
CUST02818,37,Male,Mass,2024-01-10
CUST02819,35,Female,Mass,2021-06-02
CUST02820,46,Female,Business,2022-02-06
CUST02821,23,Female,Mass,2023-03-31
CUST02822,49,Male,Premium,2022-05-03
CUST02823,46,Male,Mass,2021-03-08
CUST02824,60,Male,Mass,2021-03-30
CUST02825,19,Male,Mass,2024-03-04
CUST02826,40,Male,Mass,2021-07-21
CUST02827,36,Female,Premium,2022-03-04
CUST02828,48,Male,Premium,2023-07-29
CUST02829,68,Female,Mass,2024-04-17
CUST02830,22,Male,Mass,2021-12-05
CUST02831,36,Female,Mass,2021-03-20
CUST02832,51,Female,Mass,2025-06-09
CUST02833,27,Female,Mass,2025-04-06
CUST02834,42,Male,Mass,2022-01-13
CUST02835,19,Female,Premium,2021-06-14
CUST02836,28,Female,Mass,2025-04-13
CUST02837,67,Female,Premium,2023-01-19
CUST02838,48,Female,Mass,2025-12-29
CUST02839,32,Female,Mass,2025-09-17
CUST02840,26,Male,Mass,2023-07-26
CUST02841,40,Female,Premium,2021-06-04
CUST02842,36,Female,Mass,2024-02-21
CUST02843,26,Male,Premium,2025-06-11
CUST02844,52,Male,Mass,2024-05-10
CUST02845,38,Male,Mass,2023-11-30
CUST02846,26,Female,Mass,2021-06-18
CUST02847,45,Male,Mass,2023-12-30
CUST02848,63,Male,Mass,2023-03-03
CUST02849,68,Male,Premium,2024-09-15
CUST02850,24,Female,Premium,2025-01-03
CUST02851,33,Male,Premium,2024-11-23
CUST02852,33,Female,Premium,2025-02-25
CUST02853,50,Male,Premium,2023-09-30
CUST02854,21,Female,Premium,2021-12-20
CUST02855,21,Female,Mass,2021-11-24
CUST02856,56,Male,Mass,2022-05-13
CUST02857,57,Male,Mass,2024-12-13
CUST02858,34,Female,Mass,2025-03-07
CUST02859,54,Male,Premium,2025-04-12
CUST02860,56,Male,Mass,2021-12-11
CUST02861,69,Female,Mass,2022-10-05
CUST02862,46,Other,Mass,2023-02-28
CUST02863,69,Female,Mass,2022-01-12
CUST02864,53,Male,Mass,2024-08-11
CUST02865,55,Male,Mass,2024-08-04
CUST02866,56,Male,Mass,2024-07-01
CUST02867,67,Female,Mass,2022-03-10
CUST02868,54,Female,Mass,2022-05-16
CUST02869,69,Female,Mass,2024-01-14
CUST02870,52,Male,Mass,2022-06-05
CUST02871,24,Female,Mass,2022-07-16
CUST02872,44,Male,Mass,2022-05-28
CUST02873,45,Male,Premium,2022-05-31
CUST02874,39,Female,Mass,2025-03-20
CUST02875,31,Male,Premium,2022-05-12
CUST02876,24,Female,Premium,2022-08-25
CUST02877,54,Female,Premium,2023-10-12
CUST02878,39,Female,Mass,2024-03-31
CUST02879,22,Female,Mass,2022-10-29
CUST02880,19,Female,Mass,2025-03-31
CUST02881,44,Female,Mass,2021-12-31
CUST02882,38,Male,Premium,2025-04-17
CUST02883,55,Male,Mass,2024-12-19
CUST02884,32,Female,Business,2023-08-25
CUST02885,38,Female,Premium,2025-05-18
CUST02886,27,Female,Mass,2021-12-30
CUST02887,40,Male,Mass,2021-04-18
CUST02888,56,Male,Mass,2023-11-04
CUST02889,22,Male,Mass,2023-11-13
CUST02890,18,Female,Mass,2022-09-15
CUST02891,30,Female,Premium,2021-11-17
CUST02892,38,Female,Mass,2022-05-25
CUST02893,43,Male,Mass,2022-11-03
CUST02894,67,Male,Mass,2023-12-01
CUST02895,62,Female,Mass,2025-12-23
CUST02896,38,Female,Mass,2021-10-31
CUST02897,70,Male,Mass,2023-08-27
CUST02898,35,Female,Mass,2025-08-07
CUST02899,54,Male,Mass,2024-12-09
CUST02900,62,Female,Mass,2025-01-13
CUST02901,49,Female,Mass,2025-12-29
CUST02902,53,Female,Business,2024-11-18
CUST02903,34,Female,Mass,2025-08-16
CUST02904,52,Male,Mass,2025-06-06
CUST02905,66,Female,Mass,2021-12-31
CUST02906,28,Female,Mass,2023-01-08
CUST02907,38,Female,Premium,2023-09-16
CUST02908,69,Female,Premium,2023-10-18
CUST02909,70,Male,Premium,2024-12-23
CUST02910,43,Female,Premium,2021-06-01
CUST02911,21,Female,Premium,2021-09-16
CUST02912,51,Male,Mass,2025-06-03
CUST02913,69,Female,Premium,2022-12-08
CUST02914,65,Male,Mass,2021-08-11
CUST02915,35,Male,Mass,2024-07-13
CUST02916,57,Male,Premium,2021-08-18
CUST02917,52,Female,Mass,2022-03-15
CUST02918,58,Female,Premium,2021-05-30
CUST02919,46,Female,Mass,2023-06-29
CUST02920,69,Female,Premium,2025-01-20
CUST02921,46,Male,Mass,2023-09-05
CUST02922,55,Male,Mass,2024-03-05
CUST02923,59,Male,Mass,2022-09-27
CUST02924,38,Female,Premium,2022-02-03
CUST02925,59,Female,Mass,2022-09-14
CUST02926,30,Male,Mass,2021-05-23
CUST02927,66,Female,Mass,2023-08-06
CUST02928,58,Female,Mass,2023-12-30
CUST02929,34,Male,Business,2021-02-23
CUST02930,26,Female,Mass,2023-04-24
CUST02931,58,Female,Mass,2023-07-27
CUST02932,18,Female,Mass,2024-11-27
CUST02933,19,Male,Mass,2022-07-06
CUST02934,65,Female,Mass,2025-09-29
CUST02935,46,Female,Premium,2023-11-17
CUST02936,50,Male,Premium,2021-10-26
CUST02937,27,Female,Mass,2022-11-23
CUST02938,67,Male,Mass,2022-07-12
CUST02939,57,Female,Business,2025-08-05
CUST02940,38,Female,Mass,2024-09-05
CUST02941,45,Female,Mass,2022-03-21
CUST02942,28,Male,Mass,2021-04-08
CUST02943,51,Male,Mass,2024-02-24
CUST02944,25,Male,Mass,2021-02-27
CUST02945,39,Male,Business,2021-06-26
CUST02946,25,Male,Mass,2022-12-20
CUST02947,66,Female,Premium,2024-08-01
CUST02948,32,Male,Mass,2022-10-28
CUST02949,34,Female,Mass,2023-11-17
CUST02950,40,Male,Mass,2025-01-14
CUST02951,41,Female,Premium,2021-11-19
CUST02952,62,Female,Mass,2022-11-06
CUST02953,36,Female,Mass,2024-06-27
CUST02954,22,Other,Business,2025-09-20
CUST02955,49,Male,Premium,2024-10-25
CUST02956,61,Male,Business,2023-04-26
CUST02957,18,Male,Mass,2021-03-31
CUST02958,40,Male,Premium,2021-05-11
CUST02959,54,Female,Mass,2025-03-29
CUST02960,25,Male,Business,2023-11-19
CUST02961,30,Female,Business,2025-12-06
CUST02962,25,Male,Business,2025-04-17
CUST02963,40,Other,Business,2022-10-24
CUST02964,60,Female,Mass,2024-01-15
CUST02965,18,Male,Premium,2021-02-27
CUST02966,62,Male,Mass,2023-12-17
CUST02967,68,Female,Premium,2023-09-21
CUST02968,41,Other,Business,2024-11-18
CUST02969,52,Male,Mass,2023-11-15
CUST02970,41,Male,Mass,2021-07-09
CUST02971,34,Female,Premium,2023-08-17
CUST02972,22,Female,Mass,2021-03-17
CUST02973,37,Male,Mass,2022-01-06
CUST02974,38,Female,Mass,2023-06-18
CUST02975,57,Female,Mass,2023-05-01
CUST02976,48,Female,Mass,2025-10-27
CUST02977,63,Female,Mass,2022-05-21
CUST02978,53,Female,Mass,2021-07-02
CUST02979,28,Male,Business,2021-06-03
CUST02980,69,Female,Mass,2024-07-16
CUST02981,32,Male,Mass,2023-06-22
CUST02982,36,Female,Mass,2024-07-25
CUST02983,24,Male,Mass,2024-09-25
CUST02984,68,Female,Mass,2023-11-13
CUST02985,45,Male,Premium,2024-12-26
CUST02986,68,Female,Premium,2022-06-10
CUST02987,60,Male,Mass,2022-08-29
CUST02988,22,Female,Premium,2024-09-28
CUST02989,22,Female,Mass,2023-05-29
CUST02990,47,Female,Mass,2023-12-12
CUST02991,49,Female,Business,2021-12-05
CUST02992,25,Male,Mass,2023-12-01
CUST02993,27,Female,Premium,2025-08-27
CUST02994,55,Female,Mass,2022-06-02
CUST02995,64,Female,Mass,2022-02-11
CUST02996,49,Female,Business,2021-05-18
CUST02997,65,Female,Mass,2024-01-28
CUST02998,45,Male,Mass,2021-12-07
CUST02999,34,Female,Premium,2025-10-26
CUST03000,48,Female,Mass,2024-09-01
CUST03001,25,Female,Premium,2022-06-26
CUST03002,57,Female,Premium,2021-08-13
CUST03003,42,Male,Mass,2021-09-18
CUST03004,26,Male,Mass,2024-06-24
CUST03005,19,Male,Mass,2024-01-08
CUST03006,32,Male,Premium,2022-11-28
CUST03007,67,Female,Mass,2023-03-22
CUST03008,20,Female,Mass,2025-09-12
CUST03009,66,Male,Mass,2022-04-18
CUST03010,53,Male,Mass,2021-03-18
CUST03011,21,Female,Mass,2021-09-19
CUST03012,31,Female,Business,2025-10-31
CUST03013,58,Female,Mass,2023-10-23
CUST03014,58,Female,Mass,2021-01-17
CUST03015,42,Female,Premium,2021-12-10
CUST03016,67,Male,Mass,2023-11-02
CUST03017,27,Male,Premium,2023-07-29
CUST03018,38,Male,Mass,2022-11-25
CUST03019,53,Male,Mass,2023-04-26
CUST03020,29,Female,Business,2023-10-28
CUST03021,44,Female,Mass,2021-09-03
CUST03022,57,Male,Mass,2023-09-13
CUST03023,19,Female,Mass,2024-03-26
CUST03024,30,Male,Business,2021-06-23
CUST03025,70,Female,Premium,2025-02-19
CUST03026,49,Female,Mass,2023-04-26
CUST03027,48,Male,Premium,2022-11-24
CUST03028,33,Male,Mass,2023-10-06
CUST03029,49,Female,Mass,2021-10-08
CUST03030,49,Female,Premium,2024-08-25
CUST03031,51,Male,Premium,2023-09-17
CUST03032,28,Female,Mass,2021-08-25
CUST03033,27,Female,Mass,2021-06-06
CUST03034,32,Male,Mass,2024-06-28
CUST03035,34,Male,Premium,2023-10-20
CUST03036,57,Male,Premium,2024-05-29
CUST03037,35,Female,Mass,2021-12-04
CUST03038,26,Female,Premium,2024-05-31
CUST03039,42,Female,Premium,2024-05-19
CUST03040,57,Female,Premium,2021-12-03
CUST03041,31,Female,Mass,2024-03-03
CUST03042,42,Female,Mass,2023-02-10
CUST03043,67,Female,Mass,2022-05-10
CUST03044,39,Male,Mass,2022-07-01
CUST03045,69,Female,Premium,2024-04-21
CUST03046,47,Female,Premium,2021-06-10
CUST03047,37,Female,Mass,2022-08-28
CUST03048,38,Male,Business,2022-01-22
CUST03049,61,Female,Mass,2024-05-05
CUST03050,49,Female,Mass,2025-10-08
CUST03051,68,Male,Mass,2025-02-16
CUST03052,63,Female,Mass,2025-03-06
CUST03053,66,Male,Mass,2023-09-15
CUST03054,38,Female,Mass,2025-02-21
CUST03055,52,Female,Business,2024-10-07
CUST03056,49,Female,Mass,2025-04-03
CUST03057,47,Male,Mass,2021-08-22
CUST03058,56,Male,Mass,2025-05-21
CUST03059,66,Female,Business,2025-11-15
CUST03060,29,Male,Mass,2024-12-03
CUST03061,58,Female,Business,2024-07-23
CUST03062,64,Male,Mass,2022-12-12
CUST03063,35,Female,Mass,2022-04-04
CUST03064,38,Female,Premium,2025-01-16
CUST03065,30,Male,Mass,2022-02-17
CUST03066,38,Female,Premium,2023-11-08
CUST03067,25,Female,Mass,2021-03-13
CUST03068,63,Female,Mass,2025-08-18
CUST03069,57,Male,Premium,2022-01-13
CUST03070,63,Female,Mass,2022-11-13
CUST03071,24,Male,Mass,2023-04-14
CUST03072,40,Male,Mass,2024-10-10
CUST03073,61,Male,Mass,2025-12-23
CUST03074,49,Female,Mass,2021-05-31
CUST03075,28,Male,Mass,2024-07-08
CUST03076,39,Female,Mass,2024-01-09
CUST03077,39,Male,Mass,2024-02-04
CUST03078,60,Male,Mass,2025-03-27
CUST03079,42,Female,Mass,2024-11-27
CUST03080,39,Male,Mass,2022-12-21
CUST03081,45,Female,Premium,2021-05-10
CUST03082,46,Male,Mass,2024-04-09
CUST03083,30,Male,Business,2022-02-10
CUST03084,35,Male,Mass,2023-11-23
CUST03085,19,Male,Premium,2022-06-20
CUST03086,46,Male,Premium,2021-07-16
CUST03087,38,Female,Mass,2023-07-06
CUST03088,32,Female,Premium,2023-12-06
CUST03089,69,Female,Premium,2021-10-01
CUST03090,44,Female,Mass,2025-11-02
CUST03091,67,Female,Premium,2021-05-13
CUST03092,48,Female,Mass,2021-09-21
CUST03093,32,Male,Mass,2025-06-09
CUST03094,68,Male,Mass,2022-01-02
CUST03095,40,Male,Premium,2023-04-05
CUST03096,41,Male,Mass,2021-01-05
CUST03097,61,Male,Mass,2021-09-26
CUST03098,30,Female,Mass,2023-05-01
CUST03099,39,Male,Premium,2023-01-03
CUST03100,60,Other,Premium,2025-09-26
CUST03101,54,Male,Mass,2024-12-15
CUST03102,50,Male,Premium,2024-10-01
CUST03103,20,Other,Mass,2021-03-10
CUST03104,36,Female,Mass,2023-03-11
CUST03105,40,Male,Mass,2021-12-24
CUST03106,46,Female,Premium,2025-09-08
CUST03107,47,Female,Premium,2024-11-10
CUST03108,56,Male,Mass,2021-11-21
CUST03109,61,Male,Mass,2023-01-21
CUST03110,64,Female,Mass,2025-02-13
CUST03111,42,Female,Mass,2024-04-17
CUST03112,54,Male,Business,2021-09-13
CUST03113,64,Female,Mass,2022-02-23
CUST03114,25,Male,Mass,2021-07-30
CUST03115,59,Female,Premium,2023-06-30
CUST03116,33,Male,Mass,2025-10-29
CUST03117,25,Female,Premium,2022-08-07
CUST03118,18,Female,Premium,2024-10-22
CUST03119,61,Male,Premium,2022-07-31
CUST03120,22,Male,Mass,2021-06-15
CUST03121,20,Female,Mass,2021-08-02
CUST03122,18,Female,Mass,2022-06-13
CUST03123,21,Male,Mass,2024-04-11
CUST03124,57,Male,Premium,2024-02-27
CUST03125,52,Female,Mass,2021-01-03
CUST03126,49,Female,Premium,2023-06-14
CUST03127,59,Male,Mass,2023-06-15
CUST03128,51,Female,Premium,2025-11-19
CUST03129,60,Female,Mass,2023-12-30
CUST03130,42,Male,Mass,2021-02-21
CUST03131,27,Male,Mass,2022-03-13
CUST03132,38,Male,Premium,2024-11-02
CUST03133,63,Female,Mass,2023-10-19
CUST03134,56,Female,Mass,2025-11-30
CUST03135,44,Female,Mass,2025-11-10
CUST03136,44,Male,Mass,2021-04-04
CUST03137,19,Male,Premium,2025-05-02
CUST03138,58,Female,Premium,2022-08-10
CUST03139,65,Male,Mass,2022-08-26
CUST03140,30,Female,Mass,2021-03-27
CUST03141,26,Female,Mass,2022-06-02
CUST03142,69,Male,Business,2023-01-12
CUST03143,53,Male,Mass,2022-03-06
CUST03144,39,Male,Premium,2023-05-13
CUST03145,59,Male,Premium,2023-04-09
CUST03146,43,Female,Premium,2021-02-12
CUST03147,29,Male,Business,2025-09-30
CUST03148,34,Male,Mass,2024-10-25
CUST03149,31,Female,Business,2022-02-08
CUST03150,31,Male,Premium,2024-08-19
CUST03151,51,Female,Mass,2024-04-20
CUST03152,70,Male,Premium,2021-06-18
CUST03153,37,Male,Premium,2021-07-22
CUST03154,28,Male,Premium,2022-12-07
CUST03155,33,Male,Mass,2022-06-27
CUST03156,68,Female,Mass,2021-04-12
CUST03157,48,Female,Mass,2025-05-19
CUST03158,23,Male,Premium,2021-12-12
CUST03159,36,Male,Business,2022-08-26
CUST03160,54,Male,Mass,2022-03-18
CUST03161,21,Male,Mass,2021-09-07
CUST03162,64,Male,Premium,2024-04-21
CUST03163,21,Female,Mass,2024-08-18
CUST03164,37,Female,Mass,2023-05-28
CUST03165,27,Male,Premium,2024-07-27
CUST03166,41,Female,Mass,2025-10-07
CUST03167,52,Female,Mass,2024-01-18
CUST03168,43,Male,Premium,2024-12-19
CUST03169,54,Female,Mass,2024-08-01
CUST03170,55,Female,Premium,2022-11-02
CUST03171,38,Male,Mass,2024-02-28
CUST03172,57,Other,Mass,2021-09-05
CUST03173,56,Male,Mass,2022-10-14
CUST03174,38,Male,Premium,2023-06-20
CUST03175,27,Female,Mass,2024-04-27
CUST03176,55,Male,Premium,2021-04-01
CUST03177,63,Male,Mass,2022-07-22
CUST03178,21,Male,Premium,2025-10-28
CUST03179,62,Female,Mass,2024-04-03
CUST03180,37,Female,Mass,2022-07-02
CUST03181,34,Female,Mass,2024-09-15
CUST03182,24,Female,Mass,2025-04-14
CUST03183,21,Male,Mass,2021-03-21
CUST03184,46,Male,Mass,2023-07-23
CUST03185,31,Female,Business,2023-09-08
CUST03186,20,Female,Mass,2023-05-20
CUST03187,41,Male,Mass,2021-06-18
CUST03188,54,Male,Premium,2025-04-18
CUST03189,33,Female,Mass,2024-01-22
CUST03190,69,Female,Mass,2022-09-16
CUST03191,21,Female,Mass,2022-01-14
CUST03192,41,Male,Mass,2024-05-17
CUST03193,51,Other,Mass,2021-07-13
CUST03194,47,Female,Mass,2021-09-21
CUST03195,35,Female,Premium,2024-06-24
CUST03196,36,Female,Mass,2025-07-12
CUST03197,48,Female,Mass,2025-01-11
CUST03198,36,Female,Mass,2025-10-30
CUST03199,66,Female,Mass,2022-06-05
CUST03200,63,Female,Mass,2023-07-08
CUST03201,36,Female,Premium,2025-10-01
CUST03202,39,Male,Premium,2022-04-24
CUST03203,41,Female,Premium,2024-07-24
CUST03204,62,Female,Mass,2024-02-27
CUST03205,29,Female,Business,2024-08-18
CUST03206,47,Male,Mass,2022-07-28
CUST03207,55,Female,Mass,2025-03-18
CUST03208,70,Male,Mass,2024-10-15
CUST03209,48,Female,Premium,2023-04-23
CUST03210,53,Female,Mass,2024-10-12
CUST03211,36,Male,Mass,2025-01-29
CUST03212,65,Female,Premium,2024-04-10
CUST03213,62,Male,Mass,2025-11-16
CUST03214,53,Male,Premium,2024-01-17
CUST03215,47,Female,Mass,2025-03-04
CUST03216,66,Male,Mass,2023-06-15
CUST03217,50,Male,Mass,2024-01-12
CUST03218,35,Male,Mass,2022-06-01
CUST03219,69,Male,Mass,2023-10-21
CUST03220,66,Female,Premium,2025-04-24
CUST03221,45,Female,Business,2023-06-15
CUST03222,64,Female,Business,2024-09-07
CUST03223,28,Male,Mass,2022-04-10
CUST03224,62,Male,Mass,2025-05-30
CUST03225,50,Male,Mass,2022-09-05
CUST03226,34,Female,Premium,2024-03-10
CUST03227,23,Female,Business,2022-08-28
CUST03228,21,Female,Premium,2025-07-13
CUST03229,37,Female,Mass,2025-12-29
CUST03230,65,Female,Mass,2022-09-13
CUST03231,64,Female,Premium,2023-09-27
CUST03232,44,Female,Mass,2022-07-09
CUST03233,32,Male,Mass,2021-05-16
CUST03234,23,Male,Premium,2021-11-26
CUST03235,64,Female,Mass,2025-10-19
CUST03236,31,Female,Mass,2023-08-13
CUST03237,28,Other,Mass,2022-01-30
CUST03238,56,Male,Mass,2021-06-05
CUST03239,26,Male,Mass,2023-11-29
CUST03240,43,Female,Mass,2024-07-29
CUST03241,33,Female,Premium,2023-05-20
CUST03242,22,Male,Mass,2022-06-22
CUST03243,69,Female,Mass,2025-04-17
CUST03244,27,Male,Mass,2023-12-06
CUST03245,67,Male,Mass,2022-10-30
CUST03246,20,Female,Mass,2021-09-01
CUST03247,30,Female,Premium,2022-07-01
CUST03248,60,Male,Mass,2022-03-26
CUST03249,66,Male,Mass,2021-10-05
CUST03250,47,Female,Premium,2023-01-24
CUST03251,62,Male,Mass,2022-02-10
CUST03252,23,Female,Mass,2023-02-10
CUST03253,34,Female,Mass,2023-12-06
CUST03254,62,Male,Mass,2023-01-19
CUST03255,68,Female,Mass,2025-03-24
CUST03256,70,Female,Mass,2023-02-11
CUST03257,36,Male,Mass,2024-07-18
CUST03258,59,Male,Business,2025-04-29
CUST03259,52,Male,Mass,2021-08-26
CUST03260,63,Female,Mass,2024-04-05
CUST03261,43,Female,Mass,2024-10-31
CUST03262,68,Male,Mass,2025-05-31
CUST03263,22,Male,Mass,2025-08-20
CUST03264,46,Male,Mass,2021-07-20
CUST03265,54,Female,Premium,2023-01-16
CUST03266,37,Male,Premium,2021-08-20
CUST03267,66,Female,Mass,2025-01-09
CUST03268,38,Male,Premium,2022-12-25
CUST03269,27,Female,Mass,2024-12-12
CUST03270,22,Female,Mass,2024-03-23
CUST03271,53,Female,Premium,2024-10-23
CUST03272,23,Male,Premium,2022-12-26
CUST03273,43,Female,Mass,2021-03-28
CUST03274,21,Male,Mass,2025-04-03
CUST03275,56,Male,Mass,2022-12-04
CUST03276,56,Female,Mass,2023-03-31
CUST03277,67,Female,Premium,2021-02-23
CUST03278,52,Male,Mass,2025-10-18
CUST03279,18,Male,Mass,2023-12-02
CUST03280,41,Female,Mass,2024-10-04
CUST03281,53,Female,Mass,2024-06-07
CUST03282,23,Male,Premium,2023-01-12
CUST03283,58,Female,Premium,2022-11-25
CUST03284,63,Male,Mass,2022-03-12
CUST03285,61,Female,Mass,2024-03-10
CUST03286,48,Female,Mass,2024-08-04
CUST03287,37,Male,Mass,2024-09-07
CUST03288,41,Female,Mass,2022-08-17
CUST03289,42,Female,Mass,2022-03-18
CUST03290,53,Female,Mass,2021-06-16
CUST03291,38,Female,Mass,2022-07-20
CUST03292,47,Female,Premium,2025-01-26
CUST03293,41,Male,Mass,2025-01-19
CUST03294,61,Male,Premium,2021-03-14
CUST03295,59,Male,Mass,2022-12-26
CUST03296,47,Other,Premium,2025-09-03
CUST03297,39,Female,Mass,2023-08-06
CUST03298,45,Female,Premium,2021-09-27
CUST03299,24,Male,Mass,2021-08-07
CUST03300,52,Female,Business,2025-07-30
CUST03301,45,Female,Premium,2022-07-01
CUST03302,31,Female,Mass,2025-08-09
CUST03303,27,Male,Mass,2024-04-21
CUST03304,33,Male,Premium,2024-01-07
CUST03305,33,Female,Premium,2021-11-04
CUST03306,48,Female,Premium,2025-11-24
CUST03307,59,Male,Premium,2024-09-13
CUST03308,42,Female,Premium,2022-02-25
CUST03309,30,Male,Mass,2024-06-13
CUST03310,23,Female,Mass,2023-04-29
CUST03311,61,Female,Mass,2025-06-01
CUST03312,26,Male,Mass,2023-06-05
CUST03313,62,Female,Mass,2022-04-07
CUST03314,53,Male,Mass,2022-08-08
CUST03315,60,Male,Mass,2025-04-12
CUST03316,37,Female,Mass,2023-07-05
CUST03317,35,Male,Mass,2021-02-07
CUST03318,60,Male,Mass,2025-11-25
CUST03319,38,Male,Mass,2022-03-02
CUST03320,21,Male,Mass,2025-06-10
CUST03321,67,Male,Premium,2022-03-10
CUST03322,50,Male,Mass,2024-10-14
CUST03323,44,Female,Premium,2023-11-21
CUST03324,24,Male,Mass,2021-07-24
CUST03325,23,Female,Mass,2022-12-06
CUST03326,32,Male,Mass,2023-01-12
CUST03327,35,Male,Mass,2024-04-19
CUST03328,49,Male,Mass,2025-11-16
CUST03329,28,Female,Mass,2021-02-09
CUST03330,37,Female,Premium,2023-04-21
CUST03331,41,Female,Premium,2024-12-17
CUST03332,32,Male,Business,2023-06-25
CUST03333,65,Female,Business,2024-03-26
CUST03334,24,Male,Mass,2021-06-17
CUST03335,38,Male,Mass,2025-08-21
CUST03336,59,Female,Mass,2022-10-04
CUST03337,43,Male,Mass,2024-01-11
CUST03338,61,Other,Premium,2025-08-19
CUST03339,31,Male,Premium,2022-11-18
CUST03340,54,Other,Premium,2025-12-29
CUST03341,38,Female,Premium,2022-08-23
CUST03342,35,Female,Mass,2021-04-12
CUST03343,22,Male,Mass,2023-01-30
CUST03344,20,Male,Mass,2022-12-19
CUST03345,40,Female,Business,2021-03-30
CUST03346,43,Male,Business,2021-12-11
CUST03347,54,Female,Mass,2023-03-11
CUST03348,41,Other,Mass,2024-08-26
CUST03349,66,Male,Mass,2022-08-31
CUST03350,36,Female,Mass,2025-01-03
CUST03351,68,Female,Premium,2021-06-08
CUST03352,42,Male,Mass,2024-02-12
CUST03353,38,Male,Mass,2022-06-20
CUST03354,29,Male,Mass,2021-06-12
CUST03355,58,Male,Premium,2021-10-13
CUST03356,50,Female,Mass,2023-05-15
CUST03357,67,Male,Mass,2021-02-24
CUST03358,70,Female,Mass,2022-07-30
CUST03359,21,Male,Mass,2021-02-02
CUST03360,59,Female,Mass,2022-07-12
CUST03361,24,Female,Premium,2023-01-01
CUST03362,39,Male,Premium,2023-09-20
CUST03363,50,Male,Mass,2023-03-12
CUST03364,34,Female,Mass,2021-07-15
CUST03365,41,Female,Premium,2025-11-24
CUST03366,51,Male,Mass,2022-03-24
CUST03367,45,Male,Mass,2025-12-27
CUST03368,60,Male,Mass,2025-11-07
CUST03369,58,Male,Premium,2025-06-03
CUST03370,56,Female,Mass,2023-07-14
CUST03371,39,Female,Business,2021-04-02
CUST03372,66,Male,Premium,2022-08-31
CUST03373,34,Other,Mass,2024-06-05
CUST03374,51,Male,Premium,2021-10-13
CUST03375,23,Female,Mass,2023-05-24
CUST03376,63,Male,Premium,2024-06-12
CUST03377,23,Male,Mass,2021-04-12
CUST03378,51,Male,Mass,2025-11-23
CUST03379,18,Male,Premium,2021-05-20
CUST03380,27,Female,Premium,2023-04-15
CUST03381,38,Female,Premium,2025-08-06
CUST03382,22,Male,Mass,2025-11-11
CUST03383,19,Female,Mass,2021-09-23
CUST03384,39,Male,Mass,2024-09-27
CUST03385,65,Female,Business,2022-07-27
CUST03386,19,Male,Mass,2022-06-19
CUST03387,27,Male,Mass,2022-06-07
CUST03388,51,Male,Mass,2021-01-16
CUST03389,33,Female,Mass,2022-07-15
CUST03390,65,Female,Premium,2023-05-28
CUST03391,68,Male,Premium,2021-12-02
CUST03392,56,Male,Business,2023-06-29
CUST03393,39,Male,Premium,2024-11-14
CUST03394,29,Female,Mass,2021-06-19
CUST03395,41,Female,Mass,2023-07-02
CUST03396,64,Male,Mass,2021-04-29
CUST03397,57,Male,Business,2023-12-02
CUST03398,55,Female,Mass,2023-10-10
CUST03399,27,Male,Mass,2021-01-10
CUST03400,52,Male,Mass,2022-03-06
CUST03401,68,Male,Mass,2025-01-31
CUST03402,66,Male,Mass,2021-02-18
CUST03403,49,Female,Mass,2025-12-06
CUST03404,24,Female,Premium,2021-07-26
CUST03405,38,Male,Mass,2025-08-30
CUST03406,37,Female,Mass,2022-05-29
CUST03407,43,Male,Premium,2025-05-23
CUST03408,21,Female,Mass,2024-05-18
CUST03409,63,Female,Mass,2024-03-08
CUST03410,69,Female,Mass,2021-02-06
CUST03411,39,Male,Mass,2021-08-06
CUST03412,32,Male,Mass,2025-01-19
CUST03413,57,Male,Mass,2025-03-16
CUST03414,38,Female,Business,2024-07-25
CUST03415,32,Male,Mass,2021-06-29
CUST03416,39,Female,Mass,2025-03-21
CUST03417,69,Other,Mass,2021-05-10
CUST03418,45,Female,Business,2025-07-27
CUST03419,31,Female,Premium,2022-09-03
CUST03420,44,Male,Mass,2025-08-23
CUST03421,58,Male,Mass,2025-11-07
CUST03422,57,Male,Premium,2022-10-21
CUST03423,45,Female,Mass,2021-12-25
CUST03424,43,Male,Mass,2022-09-19
CUST03425,66,Female,Mass,2023-10-25
CUST03426,19,Male,Mass,2025-06-11
CUST03427,42,Male,Mass,2025-05-01
CUST03428,20,Female,Mass,2024-01-12
CUST03429,25,Male,Mass,2024-03-23
CUST03430,61,Male,Mass,2022-05-21
CUST03431,50,Female,Mass,2025-03-13
CUST03432,59,Male,Mass,2023-03-29
CUST03433,69,Male,Business,2023-03-05
CUST03434,52,Male,Mass,2023-04-19
CUST03435,23,Female,Mass,2025-12-29
CUST03436,56,Female,Mass,2022-09-15
CUST03437,69,Female,Premium,2022-09-21
CUST03438,40,Male,Mass,2021-04-07
CUST03439,42,Male,Mass,2024-07-29
CUST03440,67,Male,Mass,2025-09-21
CUST03441,60,Female,Mass,2025-06-12
CUST03442,36,Male,Premium,2023-03-30
CUST03443,22,Male,Premium,2022-08-22
CUST03444,68,Female,Business,2023-07-23
CUST03445,28,Female,Mass,2025-04-11
CUST03446,29,Male,Mass,2022-03-05
CUST03447,27,Male,Business,2025-04-16
CUST03448,25,Male,Mass,2024-02-24
CUST03449,41,Male,Premium,2025-09-30
CUST03450,45,Female,Mass,2024-08-17
CUST03451,58,Female,Mass,2022-06-27
CUST03452,53,Female,Mass,2022-01-02
CUST03453,54,Male,Mass,2025-11-03
CUST03454,38,Male,Mass,2023-12-05
CUST03455,25,Male,Mass,2025-02-25
CUST03456,26,Male,Mass,2024-09-01
CUST03457,64,Female,Mass,2024-04-27
CUST03458,32,Male,Mass,2021-02-21
CUST03459,65,Male,Mass,2022-07-18
CUST03460,63,Male,Mass,2024-09-17
CUST03461,57,Male,Mass,2022-05-14
CUST03462,35,Male,Mass,2023-09-04
CUST03463,59,Female,Mass,2024-09-03
CUST03464,37,Male,Premium,2024-12-04
CUST03465,23,Female,Mass,2021-11-19
CUST03466,29,Male,Premium,2025-06-03
CUST03467,19,Male,Premium,2025-05-04
CUST03468,24,Female,Mass,2024-06-07
CUST03469,33,Male,Mass,2024-09-29
CUST03470,20,Female,Mass,2024-10-26
CUST03471,62,Male,Mass,2022-07-10
CUST03472,20,Female,Business,2024-08-08
CUST03473,44,Female,Business,2024-12-31
CUST03474,67,Female,Mass,2024-06-24
CUST03475,60,Female,Mass,2021-08-07
CUST03476,57,Female,Premium,2022-06-18
CUST03477,55,Male,Premium,2022-10-04
CUST03478,50,Female,Mass,2022-06-03
CUST03479,45,Female,Mass,2025-12-13
CUST03480,18,Male,Mass,2025-02-04
CUST03481,25,Male,Mass,2024-10-05
CUST03482,54,Female,Premium,2021-02-13
CUST03483,49,Male,Business,2025-11-11
CUST03484,65,Male,Premium,2021-03-06
CUST03485,60,Female,Mass,2021-09-03
CUST03486,54,Male,Premium,2023-09-14
CUST03487,21,Male,Mass,2025-05-28
CUST03488,47,Female,Premium,2023-12-31
CUST03489,23,Male,Mass,2025-09-29
CUST03490,63,Female,Mass,2025-09-21
CUST03491,36,Male,Mass,2021-06-07
CUST03492,49,Male,Mass,2023-07-27
CUST03493,26,Male,Mass,2025-02-07
CUST03494,29,Female,Premium,2023-11-15
CUST03495,28,Male,Mass,2025-05-26
CUST03496,63,Male,Mass,2023-04-05
CUST03497,33,Male,Mass,2024-05-31
CUST03498,18,Male,Premium,2021-06-09
CUST03499,62,Male,Mass,2023-03-29
CUST03500,70,Male,Mass,2023-10-02
CUST03501,38,Female,Premium,2021-03-16
CUST03502,47,Male,Mass,2021-05-18
CUST03503,30,Female,Mass,2022-04-24
CUST03504,51,Female,Premium,2022-07-07
CUST03505,21,Male,Mass,2024-08-19
CUST03506,45,Male,Premium,2022-01-22
CUST03507,55,Female,Mass,2022-04-17
CUST03508,48,Female,Mass,2024-09-19
CUST03509,44,Male,Mass,2021-11-05
CUST03510,22,Female,Premium,2025-04-01
CUST03511,42,Male,Mass,2023-06-06
CUST03512,20,Male,Mass,2022-12-02
CUST03513,50,Male,Mass,2025-04-13
CUST03514,21,Female,Mass,2024-04-01
CUST03515,42,Female,Premium,2023-09-27
CUST03516,37,Female,Business,2023-08-10
CUST03517,51,Male,Mass,2023-12-15
CUST03518,43,Female,Mass,2023-02-25
CUST03519,22,Male,Mass,2025-01-18
CUST03520,52,Female,Mass,2021-11-01
CUST03521,45,Male,Business,2021-04-12
CUST03522,46,Male,Mass,2025-04-27
CUST03523,26,Male,Mass,2023-02-14
CUST03524,69,Female,Mass,2024-11-12
CUST03525,55,Male,Mass,2025-09-03
CUST03526,67,Male,Mass,2024-05-16
CUST03527,23,Male,Business,2024-08-31
CUST03528,36,Female,Mass,2023-12-09
CUST03529,61,Female,Mass,2022-07-26
CUST03530,28,Female,Mass,2025-03-22
CUST03531,19,Male,Premium,2021-05-28
CUST03532,64,Male,Mass,2025-12-28
CUST03533,61,Female,Mass,2024-05-19
CUST03534,61,Male,Mass,2024-10-27
CUST03535,26,Male,Mass,2025-08-13
CUST03536,38,Male,Premium,2022-08-20
CUST03537,41,Female,Mass,2023-09-05
CUST03538,51,Male,Mass,2025-08-23
CUST03539,39,Female,Mass,2023-12-07
CUST03540,20,Female,Mass,2025-08-25
CUST03541,29,Male,Mass,2022-05-14
CUST03542,45,Male,Premium,2021-06-04
CUST03543,47,Other,Mass,2021-08-18
CUST03544,43,Female,Premium,2024-08-16
CUST03545,65,Female,Mass,2021-06-07
CUST03546,38,Female,Business,2025-08-24
CUST03547,45,Male,Mass,2023-07-12
CUST03548,43,Female,Mass,2024-06-24
CUST03549,50,Male,Mass,2022-07-22
CUST03550,38,Female,Mass,2024-03-20
CUST03551,52,Female,Mass,2021-10-26
CUST03552,69,Female,Business,2023-12-14
CUST03553,51,Female,Premium,2024-05-31
CUST03554,58,Female,Mass,2023-02-05
CUST03555,68,Male,Mass,2025-05-23
CUST03556,64,Female,Mass,2022-07-19
CUST03557,35,Male,Premium,2022-04-12
CUST03558,28,Female,Mass,2025-11-16
CUST03559,40,Male,Mass,2022-05-01
CUST03560,65,Male,Premium,2025-04-25
CUST03561,39,Female,Mass,2022-03-20
CUST03562,34,Other,Premium,2023-06-24
CUST03563,22,Male,Mass,2023-05-13
CUST03564,61,Female,Premium,2024-03-07
CUST03565,28,Female,Mass,2025-12-07
CUST03566,47,Female,Mass,2023-07-15
CUST03567,32,Male,Business,2025-08-01
CUST03568,44,Female,Mass,2021-10-19
CUST03569,52,Female,Mass,2024-05-18
CUST03570,50,Male,Mass,2025-09-04
CUST03571,37,Female,Mass,2025-09-17
CUST03572,33,Female,Premium,2023-01-22
CUST03573,51,Female,Mass,2024-05-19
CUST03574,19,Male,Premium,2023-05-25
CUST03575,52,Male,Mass,2022-10-25
CUST03576,57,Female,Mass,2024-11-12
CUST03577,45,Male,Premium,2024-11-20
CUST03578,64,Female,Mass,2024-02-22
CUST03579,56,Male,Premium,2025-05-04
CUST03580,23,Male,Mass,2023-07-09
CUST03581,26,Male,Mass,2023-06-28
CUST03582,37,Female,Mass,2021-05-04
CUST03583,18,Male,Mass,2021-03-09
CUST03584,25,Female,Mass,2022-04-20
CUST03585,40,Female,Mass,2021-12-24
CUST03586,20,Female,Mass,2025-11-02
CUST03587,21,Female,Mass,2025-01-19
CUST03588,42,Male,Mass,2024-10-01
CUST03589,64,Male,Mass,2022-06-05
CUST03590,55,Male,Mass,2025-12-07
CUST03591,32,Female,Mass,2025-07-19
CUST03592,38,Female,Mass,2023-04-13
CUST03593,52,Male,Mass,2022-09-16
CUST03594,70,Male,Mass,2025-03-02
CUST03595,70,Female,Mass,2024-09-13
CUST03596,63,Male,Premium,2024-09-15
CUST03597,69,Female,Premium,2025-05-09
CUST03598,31,Male,Mass,2022-03-03
CUST03599,53,Female,Premium,2023-10-06
CUST03600,29,Male,Mass,2022-03-19
CUST03601,34,Male,Mass,2022-08-24
CUST03602,56,Male,Premium,2024-01-24
CUST03603,26,Male,Mass,2023-02-01
CUST03604,52,Male,Business,2023-08-13
CUST03605,30,Male,Business,2025-01-14
CUST03606,32,Female,Mass,2024-09-02
CUST03607,35,Male,Business,2022-05-02
CUST03608,68,Female,Business,2025-08-29
CUST03609,50,Male,Mass,2023-01-09
CUST03610,23,Female,Business,2022-10-10
CUST03611,44,Female,Mass,2023-06-15
CUST03612,40,Male,Mass,2025-05-20
CUST03613,44,Male,Mass,2021-01-05
CUST03614,51,Male,Mass,2022-09-24
CUST03615,63,Male,Mass,2024-10-26
CUST03616,55,Female,Mass,2025-10-21
CUST03617,31,Female,Mass,2023-05-27
CUST03618,53,Female,Mass,2023-09-13
CUST03619,70,Female,Mass,2025-04-28
CUST03620,25,Female,Mass,2024-04-26
CUST03621,52,Female,Mass,2021-01-26
CUST03622,36,Female,Premium,2025-12-08
CUST03623,47,Female,Mass,2021-06-11
CUST03624,31,Male,Mass,2023-01-15
CUST03625,37,Male,Mass,2024-02-28
CUST03626,66,Female,Mass,2022-06-17
CUST03627,42,Male,Mass,2023-06-02
CUST03628,57,Male,Business,2022-02-14
CUST03629,41,Male,Premium,2025-07-22
CUST03630,31,Male,Mass,2025-05-31
CUST03631,43,Female,Mass,2024-01-02
CUST03632,55,Male,Mass,2024-06-10
CUST03633,40,Female,Mass,2023-05-05
CUST03634,39,Female,Mass,2024-02-04
CUST03635,65,Male,Premium,2023-06-20
CUST03636,36,Female,Mass,2021-01-09
CUST03637,63,Female,Mass,2025-07-13
CUST03638,68,Male,Premium,2021-02-19
CUST03639,20,Male,Mass,2025-03-26
CUST03640,59,Male,Business,2025-07-07
CUST03641,36,Female,Mass,2022-03-18
CUST03642,26,Female,Mass,2025-12-07
CUST03643,45,Male,Mass,2025-06-02
CUST03644,37,Male,Premium,2021-02-05
CUST03645,62,Male,Premium,2024-05-10
CUST03646,24,Female,Mass,2021-04-28
CUST03647,31,Male,Mass,2022-12-03
CUST03648,26,Female,Mass,2023-01-24
CUST03649,36,Male,Mass,2024-04-07
CUST03650,64,Female,Mass,2025-03-16
CUST03651,69,Female,Mass,2021-08-18
CUST03652,31,Female,Mass,2022-07-14
CUST03653,55,Male,Mass,2024-03-19
CUST03654,70,Female,Mass,2021-07-27
CUST03655,53,Male,Mass,2023-12-21
CUST03656,57,Male,Mass,2024-02-15
CUST03657,34,Female,Mass,2021-08-27
CUST03658,47,Female,Premium,2023-05-17
CUST03659,26,Female,Mass,2021-02-17
CUST03660,50,Male,Mass,2025-01-11
CUST03661,69,Female,Mass,2023-01-27
CUST03662,42,Female,Premium,2025-01-31
CUST03663,31,Female,Mass,2024-08-09
CUST03664,28,Female,Business,2024-12-19
CUST03665,70,Female,Mass,2022-06-01
CUST03666,52,Male,Mass,2025-06-24
CUST03667,58,Female,Mass,2021-07-24
CUST03668,31,Female,Mass,2024-04-18
CUST03669,47,Other,Mass,2025-04-02
CUST03670,58,Male,Mass,2021-03-31
CUST03671,21,Male,Mass,2022-05-15
CUST03672,21,Male,Mass,2024-02-06
CUST03673,45,Female,Mass,2024-04-28
CUST03674,25,Female,Mass,2024-04-18
CUST03675,19,Male,Mass,2025-11-20
CUST03676,58,Female,Mass,2025-11-22
CUST03677,63,Female,Mass,2023-11-10
CUST03678,39,Female,Mass,2024-10-14
CUST03679,58,Male,Mass,2025-06-21
CUST03680,33,Female,Mass,2025-10-24
CUST03681,46,Male,Mass,2025-08-07
CUST03682,66,Female,Mass,2021-01-07
CUST03683,65,Male,Mass,2021-11-18
CUST03684,47,Male,Premium,2021-09-25
CUST03685,29,Female,Mass,2024-12-21
CUST03686,52,Male,Mass,2021-10-23
CUST03687,28,Male,Premium,2025-03-17
CUST03688,63,Female,Mass,2022-07-24
CUST03689,67,Female,Premium,2024-11-11
CUST03690,38,Female,Mass,2021-09-21
CUST03691,38,Male,Mass,2021-03-31
CUST03692,22,Male,Premium,2025-02-20
CUST03693,65,Male,Premium,2025-05-30
CUST03694,37,Male,Mass,2023-05-03
CUST03695,54,Female,Mass,2024-07-08
CUST03696,20,Male,Mass,2022-05-03
CUST03697,61,Male,Mass,2025-12-23
CUST03698,50,Male,Premium,2024-09-26
CUST03699,70,Male,Mass,2024-09-14
CUST03700,26,Female,Mass,2022-02-05
CUST03701,26,Female,Mass,2021-12-23
CUST03702,21,Male,Premium,2023-01-25
CUST03703,52,Male,Mass,2022-05-14
CUST03704,34,Male,Premium,2023-04-14
CUST03705,51,Female,Mass,2022-03-11
CUST03706,41,Female,Mass,2021-04-29
CUST03707,49,Male,Mass,2023-12-07
CUST03708,18,Male,Mass,2024-04-06
CUST03709,25,Female,Mass,2023-10-20
CUST03710,62,Female,Premium,2021-12-14
CUST03711,40,Female,Mass,2025-03-08
CUST03712,64,Male,Mass,2022-06-23
CUST03713,57,Male,Mass,2024-08-12
CUST03714,29,Male,Mass,2025-03-17
CUST03715,29,Female,Mass,2024-04-12
CUST03716,63,Female,Premium,2024-11-19
CUST03717,64,Male,Mass,2025-08-30
CUST03718,32,Male,Mass,2022-06-14
CUST03719,58,Male,Mass,2025-06-15
CUST03720,36,Male,Mass,2021-10-30
CUST03721,43,Male,Premium,2021-07-21
CUST03722,69,Female,Mass,2025-04-06
CUST03723,46,Male,Mass,2021-06-05
CUST03724,39,Male,Business,2021-01-14
CUST03725,57,Female,Mass,2023-11-10
CUST03726,38,Male,Premium,2023-01-26
CUST03727,68,Male,Mass,2023-06-08
CUST03728,55,Male,Mass,2025-01-20
CUST03729,37,Female,Mass,2024-04-11
CUST03730,46,Female,Mass,2022-03-21
CUST03731,68,Male,Premium,2021-05-02
CUST03732,21,Female,Mass,2025-03-01
CUST03733,24,Male,Mass,2021-07-03
CUST03734,45,Female,Mass,2025-05-23
CUST03735,45,Female,Mass,2022-11-02
CUST03736,21,Female,Mass,2021-02-18
CUST03737,39,Male,Premium,2021-06-30
CUST03738,29,Other,Premium,2024-11-18
CUST03739,62,Female,Mass,2024-11-17
CUST03740,20,Female,Mass,2024-10-03
CUST03741,39,Female,Business,2025-02-08
CUST03742,61,Male,Mass,2021-05-21
CUST03743,19,Male,Mass,2022-06-14
CUST03744,41,Male,Mass,2025-08-03
CUST03745,51,Male,Premium,2022-08-07
CUST03746,44,Female,Premium,2022-04-16
CUST03747,58,Female,Premium,2025-11-13
CUST03748,18,Female,Business,2025-12-02
CUST03749,25,Male,Mass,2024-07-10
CUST03750,40,Male,Mass,2021-05-23
CUST03751,55,Female,Mass,2022-12-08
CUST03752,23,Male,Mass,2024-03-15
CUST03753,39,Male,Mass,2021-10-21
CUST03754,42,Other,Premium,2025-04-11
CUST03755,35,Female,Mass,2025-03-13
CUST03756,34,Male,Mass,2022-02-26
CUST03757,29,Female,Premium,2025-05-14
CUST03758,23,Female,Mass,2022-07-18
CUST03759,43,Female,Mass,2022-02-21
CUST03760,44,Female,Mass,2022-10-23
CUST03761,25,Male,Mass,2023-07-02
CUST03762,36,Female,Business,2024-02-05
CUST03763,59,Male,Mass,2024-09-03
CUST03764,18,Male,Premium,2021-02-28
CUST03765,46,Female,Mass,2023-10-13
CUST03766,62,Female,Mass,2021-09-15
CUST03767,66,Female,Mass,2023-03-04
CUST03768,52,Female,Mass,2024-12-19
CUST03769,57,Female,Mass,2022-06-15
CUST03770,31,Female,Mass,2021-06-15
CUST03771,52,Male,Mass,2023-11-15
CUST03772,65,Male,Mass,2021-01-04
CUST03773,62,Male,Mass,2021-01-03
CUST03774,37,Male,Mass,2022-02-22
CUST03775,66,Male,Mass,2021-12-28
CUST03776,30,Female,Mass,2023-06-25
CUST03777,55,Female,Premium,2022-01-04
CUST03778,66,Female,Premium,2022-06-23
CUST03779,63,Female,Premium,2023-05-30
CUST03780,66,Female,Premium,2021-12-12
CUST03781,25,Male,Mass,2023-01-01
CUST03782,60,Male,Mass,2023-06-16
CUST03783,37,Male,Premium,2023-12-04
CUST03784,50,Female,Mass,2022-12-25
CUST03785,43,Male,Mass,2022-07-18
CUST03786,56,Female,Premium,2024-03-22
CUST03787,38,Female,Mass,2021-07-21
CUST03788,70,Male,Mass,2021-11-17
CUST03789,66,Male,Mass,2022-04-09
CUST03790,59,Female,Mass,2023-11-01
CUST03791,60,Male,Premium,2025-05-23
CUST03792,58,Female,Mass,2024-06-04
CUST03793,26,Female,Business,2022-09-25
CUST03794,41,Female,Premium,2021-11-29
CUST03795,54,Female,Mass,2025-02-01
CUST03796,66,Female,Mass,2021-01-15
CUST03797,58,Female,Mass,2023-12-17
CUST03798,34,Male,Premium,2024-09-15
CUST03799,41,Female,Mass,2023-12-24
CUST03800,38,Male,Premium,2021-08-18
CUST03801,68,Male,Mass,2021-01-11
CUST03802,56,Male,Mass,2025-07-15
CUST03803,58,Female,Premium,2024-06-01
CUST03804,56,Male,Mass,2025-10-27
CUST03805,30,Male,Mass,2025-07-19
CUST03806,28,Other,Mass,2025-08-11
CUST03807,63,Female,Premium,2025-10-30
CUST03808,36,Female,Premium,2022-06-26
CUST03809,28,Female,Premium,2025-03-10
CUST03810,30,Female,Mass,2022-06-06
CUST03811,63,Female,Mass,2023-12-14
CUST03812,62,Male,Mass,2025-09-18
CUST03813,18,Female,Mass,2025-10-09
CUST03814,57,Female,Mass,2023-02-06
CUST03815,61,Male,Mass,2024-03-26
CUST03816,36,Male,Mass,2022-10-03
CUST03817,29,Male,Premium,2022-07-24
CUST03818,25,Female,Premium,2022-02-09
CUST03819,25,Male,Business,2024-11-23
CUST03820,70,Female,Mass,2022-12-08
CUST03821,62,Female,Mass,2023-07-18
CUST03822,29,Female,Mass,2024-11-27
CUST03823,65,Female,Mass,2025-05-31
CUST03824,50,Male,Mass,2024-01-18
CUST03825,62,Male,Business,2022-08-16
CUST03826,43,Male,Mass,2021-07-05
CUST03827,56,Female,Mass,2025-12-09
CUST03828,45,Male,Mass,2023-06-14
CUST03829,22,Male,Mass,2021-03-20
CUST03830,25,Male,Mass,2021-05-25
CUST03831,42,Female,Mass,2025-07-23
CUST03832,44,Male,Mass,2021-01-14
CUST03833,63,Female,Mass,2025-07-13
CUST03834,40,Male,Mass,2021-01-02
CUST03835,47,Female,Mass,2022-05-31
CUST03836,62,Male,Mass,2023-01-26
CUST03837,64,Female,Mass,2021-03-07
CUST03838,40,Female,Premium,2021-09-03
CUST03839,66,Male,Mass,2025-06-14
CUST03840,64,Female,Mass,2024-12-24
CUST03841,37,Female,Premium,2025-09-10
CUST03842,35,Female,Mass,2022-07-26
CUST03843,35,Female,Premium,2024-06-09
CUST03844,19,Male,Premium,2022-03-12
CUST03845,21,Female,Mass,2021-12-19
CUST03846,47,Other,Premium,2025-09-08
CUST03847,50,Female,Mass,2022-11-10
CUST03848,53,Female,Mass,2022-01-18
CUST03849,35,Male,Premium,2025-09-30
CUST03850,54,Female,Premium,2023-12-20
CUST03851,36,Female,Premium,2022-04-15
CUST03852,64,Male,Mass,2024-12-05
CUST03853,45,Female,Mass,2024-01-12
CUST03854,57,Female,Mass,2021-03-15
CUST03855,37,Male,Mass,2024-08-27
CUST03856,66,Male,Business,2025-01-17
CUST03857,50,Female,Mass,2021-01-26
CUST03858,29,Male,Mass,2024-12-20
CUST03859,68,Male,Mass,2024-11-01
CUST03860,32,Male,Mass,2024-06-20
CUST03861,58,Male,Premium,2023-04-15
CUST03862,56,Female,Mass,2022-09-20
CUST03863,19,Male,Premium,2024-09-08
CUST03864,46,Female,Mass,2024-04-18
CUST03865,58,Female,Mass,2023-02-13
CUST03866,27,Female,Premium,2023-10-06
CUST03867,19,Male,Mass,2025-07-08
CUST03868,68,Female,Mass,2021-09-23
CUST03869,28,Male,Premium,2022-07-04
CUST03870,30,Male,Mass,2024-11-04
CUST03871,27,Female,Mass,2021-03-18
CUST03872,31,Female,Premium,2025-06-26
CUST03873,35,Female,Business,2025-03-28
CUST03874,68,Female,Mass,2023-12-09
CUST03875,26,Female,Premium,2023-10-11
CUST03876,56,Female,Mass,2024-07-01
CUST03877,45,Female,Mass,2024-11-04
CUST03878,20,Male,Mass,2024-06-26
CUST03879,37,Male,Business,2024-01-01
CUST03880,23,Female,Mass,2022-03-23
CUST03881,44,Female,Mass,2022-05-21
CUST03882,70,Male,Mass,2025-09-29
CUST03883,19,Male,Premium,2024-06-30
CUST03884,46,Male,Mass,2023-09-23
CUST03885,55,Female,Mass,2023-05-20
CUST03886,20,Female,Premium,2021-10-26
CUST03887,33,Female,Mass,2023-01-04
CUST03888,47,Female,Mass,2023-12-20
CUST03889,57,Female,Mass,2024-10-12
CUST03890,19,Male,Premium,2021-06-06
CUST03891,34,Male,Premium,2021-12-08
CUST03892,58,Male,Mass,2023-09-01
CUST03893,29,Female,Mass,2023-06-13
CUST03894,52,Male,Mass,2024-05-10
CUST03895,60,Female,Mass,2025-12-08
CUST03896,18,Female,Premium,2023-11-25
CUST03897,62,Male,Mass,2025-11-26
CUST03898,32,Female,Premium,2025-04-08
CUST03899,43,Female,Mass,2025-01-19
CUST03900,54,Male,Premium,2023-07-06
CUST03901,38,Male,Business,2024-04-03
CUST03902,66,Female,Mass,2023-11-18
CUST03903,48,Male,Mass,2024-10-27
CUST03904,42,Male,Premium,2021-11-10
CUST03905,40,Female,Premium,2025-05-08
CUST03906,41,Female,Mass,2024-07-31
CUST03907,55,Male,Premium,2024-08-14
CUST03908,45,Female,Mass,2022-04-20
CUST03909,38,Female,Mass,2022-08-20
CUST03910,60,Male,Mass,2024-10-04
CUST03911,35,Female,Business,2022-09-28
CUST03912,53,Male,Mass,2022-03-21
CUST03913,52,Male,Mass,2024-05-15
CUST03914,62,Female,Business,2022-02-21
CUST03915,26,Female,Premium,2022-03-15
CUST03916,70,Male,Premium,2021-06-14
CUST03917,55,Female,Mass,2025-05-02
CUST03918,47,Female,Mass,2022-02-24
CUST03919,61,Female,Mass,2024-10-26
CUST03920,51,Male,Premium,2025-08-19
CUST03921,49,Female,Mass,2024-07-13
CUST03922,20,Male,Mass,2024-07-26
CUST03923,20,Male,Premium,2023-09-15
CUST03924,45,Female,Mass,2022-04-27
CUST03925,61,Female,Mass,2022-06-01
CUST03926,32,Female,Mass,2021-03-23
CUST03927,58,Male,Mass,2021-04-29
CUST03928,40,Male,Mass,2025-12-03
CUST03929,57,Female,Premium,2025-07-19
CUST03930,28,Male,Premium,2024-08-19
CUST03931,65,Female,Mass,2024-05-23
CUST03932,49,Male,Mass,2021-01-28
CUST03933,53,Female,Mass,2023-02-20
CUST03934,50,Female,Business,2022-05-13
CUST03935,41,Female,Premium,2022-06-21
CUST03936,56,Female,Business,2022-06-03
CUST03937,51,Female,Premium,2021-07-13
CUST03938,45,Male,Mass,2022-08-15
CUST03939,54,Male,Mass,2022-03-18
CUST03940,24,Female,Mass,2023-11-26
CUST03941,21,Male,Mass,2021-09-15
CUST03942,54,Female,Mass,2021-04-23
CUST03943,18,Male,Mass,2024-08-10
CUST03944,18,Male,Mass,2025-10-04
CUST03945,64,Female,Mass,2021-01-14
CUST03946,37,Female,Mass,2025-08-18
CUST03947,36,Female,Mass,2023-06-30
CUST03948,46,Female,Mass,2025-06-09
CUST03949,27,Female,Premium,2021-05-20
CUST03950,35,Male,Premium,2024-10-26
CUST03951,45,Male,Mass,2024-12-21
CUST03952,52,Female,Mass,2024-01-26
CUST03953,60,Female,Mass,2022-11-28
CUST03954,64,Female,Mass,2025-02-20
CUST03955,48,Other,Mass,2024-09-27
CUST03956,44,Male,Business,2023-05-20
CUST03957,28,Male,Mass,2025-02-24
CUST03958,66,Female,Mass,2025-03-04
CUST03959,66,Male,Premium,2024-12-26
CUST03960,55,Male,Mass,2021-07-08
CUST03961,22,Male,Mass,2021-03-23
CUST03962,25,Male,Premium,2024-04-18
CUST03963,51,Female,Mass,2023-08-16
CUST03964,65,Female,Mass,2023-06-17
CUST03965,69,Female,Premium,2023-08-25
CUST03966,29,Female,Premium,2024-12-09
CUST03967,55,Male,Business,2024-02-03
CUST03968,18,Female,Premium,2022-01-16
CUST03969,48,Male,Mass,2022-12-23
CUST03970,21,Male,Premium,2021-11-25
CUST03971,66,Male,Premium,2024-06-26
CUST03972,62,Female,Business,2021-03-13
CUST03973,67,Female,Premium,2025-08-24
CUST03974,22,Female,Mass,2021-05-13
CUST03975,47,Female,Premium,2024-06-17
CUST03976,41,Male,Mass,2024-01-07
CUST03977,20,Female,Mass,2022-07-24
CUST03978,28,Female,Mass,2022-04-06
CUST03979,62,Male,Business,2021-05-05
CUST03980,21,Male,Mass,2023-11-01
CUST03981,43,Female,Premium,2025-01-31
CUST03982,44,Female,Mass,2024-12-01
CUST03983,63,Female,Mass,2023-07-30
CUST03984,60,Female,Mass,2021-01-27
CUST03985,44,Other,Mass,2021-07-26
CUST03986,59,Male,Premium,2024-05-30
CUST03987,68,Male,Mass,2021-11-08
CUST03988,67,Male,Mass,2022-01-17
CUST03989,23,Male,Premium,2025-11-21
CUST03990,32,Female,Mass,2024-08-31
CUST03991,70,Female,Mass,2024-05-16
CUST03992,47,Female,Mass,2025-07-03
CUST03993,59,Male,Mass,2021-10-23
CUST03994,54,Female,Mass,2022-02-06
CUST03995,54,Male,Mass,2024-12-29
CUST03996,59,Male,Business,2025-05-16
CUST03997,54,Female,Premium,2021-05-02
CUST03998,52,Female,Mass,2023-01-21
CUST03999,40,Male,Mass,2021-04-16
CUST04000,23,Male,Mass,2023-03-02
CUST04001,21,Female,Mass,2023-11-26
CUST04002,35,Male,Mass,2025-04-23
CUST04003,26,Male,Mass,2021-03-13
CUST04004,66,Female,Mass,2022-07-22
CUST04005,46,Male,Business,2024-04-05
CUST04006,30,Male,Business,2024-05-29
CUST04007,64,Male,Mass,2021-03-17
CUST04008,69,Female,Mass,2022-12-23
CUST04009,34,Female,Mass,2023-10-07
CUST04010,62,Male,Mass,2024-05-19
CUST04011,49,Male,Mass,2021-08-16
CUST04012,65,Male,Business,2025-10-27
CUST04013,39,Male,Premium,2022-03-29
CUST04014,21,Female,Mass,2023-02-05
CUST04015,22,Female,Premium,2022-05-02
CUST04016,54,Male,Mass,2022-10-30
CUST04017,58,Male,Mass,2025-02-06
CUST04018,66,Male,Mass,2025-08-12
CUST04019,30,Male,Mass,2023-04-10
CUST04020,51,Male,Premium,2023-03-02
CUST04021,62,Female,Premium,2023-08-29
CUST04022,39,Female,Mass,2022-05-05
CUST04023,70,Female,Premium,2022-01-11
CUST04024,40,Male,Business,2021-08-19
CUST04025,68,Female,Mass,2022-12-03
CUST04026,20,Male,Mass,2024-06-02
CUST04027,59,Male,Premium,2022-04-20
CUST04028,51,Female,Business,2025-05-20
CUST04029,49,Male,Mass,2025-07-02
CUST04030,62,Female,Mass,2024-01-09
CUST04031,68,Female,Mass,2025-07-27
CUST04032,66,Female,Premium,2025-09-06
CUST04033,38,Female,Business,2025-05-19
CUST04034,63,Male,Mass,2024-05-18
CUST04035,61,Other,Mass,2024-08-13
CUST04036,38,Female,Premium,2025-06-22
CUST04037,61,Female,Mass,2024-04-10
CUST04038,28,Male,Premium,2024-01-18
CUST04039,56,Female,Mass,2021-08-14
CUST04040,21,Male,Mass,2021-05-23
CUST04041,68,Female,Mass,2022-12-09
CUST04042,18,Male,Mass,2025-09-11
CUST04043,45,Female,Business,2021-02-23
CUST04044,41,Male,Business,2021-07-15
CUST04045,52,Male,Premium,2025-10-19
CUST04046,30,Male,Mass,2025-02-21
CUST04047,64,Male,Mass,2023-04-25
CUST04048,51,Male,Mass,2021-10-25
CUST04049,28,Male,Premium,2024-12-24
CUST04050,53,Female,Mass,2022-06-21
CUST04051,68,Female,Business,2022-08-02
CUST04052,34,Female,Business,2025-08-26
CUST04053,52,Male,Mass,2022-05-15
CUST04054,35,Male,Premium,2022-09-16
CUST04055,57,Male,Business,2023-04-21
CUST04056,39,Female,Premium,2021-07-25
CUST04057,41,Female,Mass,2023-05-30
CUST04058,36,Male,Premium,2024-03-06
CUST04059,54,Male,Mass,2022-02-12
CUST04060,56,Female,Mass,2021-10-06
CUST04061,38,Female,Mass,2025-01-08
CUST04062,25,Female,Mass,2022-11-08
CUST04063,45,Female,Premium,2023-07-30
CUST04064,22,Male,Mass,2021-09-28
CUST04065,34,Male,Mass,2022-03-17
CUST04066,54,Male,Mass,2024-06-05
CUST04067,53,Female,Business,2021-05-07
CUST04068,36,Male,Premium,2024-07-17
CUST04069,44,Female,Mass,2025-11-19
CUST04070,70,Male,Business,2022-05-02
CUST04071,51,Male,Mass,2022-07-02
CUST04072,28,Male,Premium,2024-03-24
CUST04073,62,Male,Premium,2025-08-08
CUST04074,64,Male,Premium,2023-09-13
CUST04075,29,Female,Premium,2023-07-26
CUST04076,38,Female,Mass,2023-02-11
CUST04077,28,Male,Mass,2021-01-19
CUST04078,56,Female,Mass,2022-03-01
CUST04079,45,Male,Mass,2023-07-25
CUST04080,22,Female,Mass,2021-02-27
CUST04081,34,Male,Mass,2022-02-27
CUST04082,37,Male,Mass,2025-12-04
CUST04083,58,Female,Mass,2025-04-21
CUST04084,63,Male,Mass,2025-10-13
CUST04085,29,Male,Premium,2023-04-24
CUST04086,23,Male,Mass,2025-08-11
CUST04087,34,Male,Business,2024-01-31
CUST04088,68,Male,Mass,2024-01-05
CUST04089,36,Female,Mass,2025-05-23
CUST04090,43,Female,Mass,2021-03-07
CUST04091,65,Female,Mass,2023-03-26
CUST04092,61,Male,Mass,2025-10-24
CUST04093,61,Male,Premium,2024-03-20
CUST04094,69,Male,Mass,2023-06-21
CUST04095,49,Male,Mass,2025-12-15
CUST04096,23,Female,Mass,2022-03-13
CUST04097,53,Male,Premium,2023-03-01
CUST04098,55,Female,Mass,2023-12-28
CUST04099,28,Male,Premium,2021-08-23
CUST04100,50,Male,Mass,2025-10-05
CUST04101,41,Male,Mass,2025-11-04
CUST04102,40,Male,Mass,2022-11-06
CUST04103,32,Male,Premium,2021-04-08
CUST04104,44,Male,Premium,2023-10-30
CUST04105,28,Male,Mass,2023-07-16
CUST04106,68,Female,Mass,2025-03-08
CUST04107,67,Female,Mass,2023-01-31
CUST04108,34,Male,Mass,2025-02-22
CUST04109,68,Male,Mass,2022-03-03
CUST04110,70,Female,Premium,2021-08-15
CUST04111,31,Other,Premium,2025-11-12
CUST04112,44,Female,Mass,2025-05-30
CUST04113,35,Male,Business,2021-01-17
CUST04114,45,Female,Premium,2022-07-17
CUST04115,68,Female,Mass,2021-08-16
CUST04116,64,Male,Mass,2022-12-07
CUST04117,64,Female,Premium,2025-12-21
CUST04118,21,Male,Mass,2024-06-15
CUST04119,24,Female,Mass,2024-11-05
CUST04120,62,Female,Premium,2025-12-12
CUST04121,52,Female,Mass,2024-11-11
CUST04122,65,Female,Premium,2022-10-31
CUST04123,26,Male,Mass,2021-09-11
CUST04124,25,Female,Mass,2024-08-24
CUST04125,69,Female,Mass,2024-08-30
CUST04126,62,Female,Mass,2024-08-17
CUST04127,34,Female,Mass,2021-04-28
CUST04128,34,Female,Mass,2021-02-19
CUST04129,66,Female,Premium,2025-12-19
CUST04130,50,Female,Mass,2025-05-07
CUST04131,49,Female,Mass,2024-04-19
CUST04132,25,Male,Mass,2022-06-27
CUST04133,36,Female,Mass,2021-11-23
CUST04134,55,Male,Mass,2025-03-07
CUST04135,20,Male,Mass,2025-02-28
CUST04136,22,Male,Premium,2023-08-02
CUST04137,30,Female,Mass,2024-06-23
CUST04138,64,Female,Premium,2022-08-25
CUST04139,63,Female,Mass,2025-04-16
CUST04140,48,Male,Mass,2021-04-12
CUST04141,33,Female,Mass,2024-06-07
CUST04142,67,Female,Premium,2022-01-23
CUST04143,49,Male,Mass,2025-06-21
CUST04144,39,Male,Mass,2025-05-22
CUST04145,46,Male,Mass,2025-09-24
CUST04146,39,Female,Premium,2024-05-19
CUST04147,60,Female,Premium,2022-10-11
CUST04148,20,Male,Mass,2024-12-24
CUST04149,27,Female,Mass,2021-12-05
CUST04150,59,Male,Premium,2021-07-03
CUST04151,38,Male,Premium,2021-02-25
CUST04152,33,Male,Mass,2023-09-06
CUST04153,29,Male,Premium,2025-11-21
CUST04154,19,Male,Mass,2024-07-29
CUST04155,58,Male,Mass,2022-07-26
CUST04156,41,Female,Mass,2024-02-26
CUST04157,52,Male,Mass,2022-12-18
CUST04158,47,Female,Mass,2025-10-16
CUST04159,47,Female,Mass,2025-07-21
CUST04160,64,Male,Mass,2023-10-05
CUST04161,52,Female,Mass,2025-03-12
CUST04162,36,Male,Mass,2025-05-27
CUST04163,67,Female,Mass,2021-08-04
CUST04164,25,Female,Premium,2024-01-19
CUST04165,43,Male,Mass,2023-08-02
CUST04166,66,Female,Mass,2021-11-10
CUST04167,57,Female,Premium,2021-08-21
CUST04168,24,Female,Premium,2023-01-15
CUST04169,47,Female,Mass,2022-07-29
CUST04170,24,Male,Mass,2023-06-07
CUST04171,20,Female,Premium,2021-09-04
CUST04172,18,Male,Mass,2022-03-18
CUST04173,53,Male,Mass,2021-05-15
CUST04174,42,Male,Mass,2023-10-13
CUST04175,54,Male,Premium,2023-10-23
CUST04176,18,Female,Mass,2021-06-10
CUST04177,32,Female,Premium,2021-05-20
CUST04178,54,Female,Mass,2021-10-31
CUST04179,30,Male,Premium,2025-01-23
CUST04180,57,Female,Mass,2025-10-04
CUST04181,25,Female,Mass,2021-05-05
CUST04182,22,Male,Mass,2023-07-26
CUST04183,26,Male,Mass,2024-10-02
CUST04184,18,Female,Mass,2025-06-06
CUST04185,53,Female,Premium,2024-09-09
CUST04186,52,Female,Mass,2022-02-11
CUST04187,19,Female,Mass,2025-02-01
CUST04188,57,Female,Mass,2021-06-13
CUST04189,40,Male,Mass,2023-05-12
CUST04190,26,Female,Premium,2021-08-28
CUST04191,51,Male,Mass,2024-05-21
CUST04192,63,Female,Mass,2021-05-29
CUST04193,31,Female,Mass,2022-08-07
CUST04194,21,Female,Mass,2024-02-01
CUST04195,47,Other,Mass,2024-04-21
CUST04196,48,Male,Mass,2022-05-20
CUST04197,55,Female,Premium,2025-09-16
CUST04198,28,Female,Premium,2022-06-09
CUST04199,52,Other,Premium,2024-11-04
CUST04200,25,Female,Premium,2025-11-03
CUST04201,20,Male,Mass,2025-08-13
CUST04202,31,Female,Mass,2023-02-14
CUST04203,30,Female,Premium,2023-11-14
CUST04204,62,Male,Premium,2022-12-02
CUST04205,49,Female,Premium,2024-03-02
CUST04206,51,Female,Mass,2023-10-15
CUST04207,62,Female,Mass,2021-02-19
CUST04208,36,Male,Mass,2023-08-16
CUST04209,55,Female,Mass,2022-11-26
CUST04210,33,Female,Premium,2021-01-26
CUST04211,19,Female,Mass,2022-10-12
CUST04212,57,Male,Mass,2021-01-11
CUST04213,34,Male,Mass,2023-03-19
CUST04214,51,Female,Mass,2024-01-31
CUST04215,59,Female,Mass,2021-01-11
CUST04216,33,Male,Business,2024-02-10
CUST04217,55,Male,Premium,2025-06-18
CUST04218,19,Male,Premium,2023-02-11
CUST04219,19,Female,Mass,2023-02-09
CUST04220,43,Male,Mass,2023-08-31
CUST04221,30,Male,Business,2024-04-05
CUST04222,64,Male,Mass,2025-10-11
CUST04223,48,Female,Premium,2022-02-11
CUST04224,51,Male,Premium,2023-12-05
CUST04225,56,Male,Mass,2023-04-22
CUST04226,20,Female,Mass,2022-12-18
CUST04227,25,Male,Mass,2021-12-25
CUST04228,40,Male,Mass,2022-07-08
CUST04229,31,Female,Mass,2021-10-12
CUST04230,44,Male,Premium,2022-02-04
CUST04231,46,Female,Premium,2025-01-14
CUST04232,56,Male,Mass,2025-06-24
CUST04233,70,Female,Mass,2025-01-07
CUST04234,56,Male,Mass,2022-01-23
CUST04235,18,Female,Mass,2024-10-11
CUST04236,34,Male,Mass,2023-02-23
CUST04237,58,Male,Premium,2022-03-01
CUST04238,47,Female,Mass,2023-10-27
CUST04239,70,Female,Mass,2025-04-27
CUST04240,30,Male,Mass,2022-03-17
CUST04241,38,Female,Mass,2021-12-22
CUST04242,36,Male,Mass,2023-07-08
CUST04243,70,Female,Mass,2023-02-04
CUST04244,36,Male,Mass,2025-05-31
CUST04245,42,Female,Premium,2022-07-08
CUST04246,39,Male,Premium,2021-09-25
CUST04247,48,Male,Mass,2023-09-19
CUST04248,34,Male,Mass,2024-05-25
CUST04249,40,Male,Mass,2021-03-05
CUST04250,49,Female,Mass,2022-03-18
CUST04251,27,Other,Premium,2025-09-11
CUST04252,27,Female,Mass,2022-06-25
CUST04253,53,Male,Mass,2024-07-22
CUST04254,25,Male,Mass,2022-04-15
CUST04255,69,Female,Premium,2024-05-24
CUST04256,37,Female,Premium,2025-05-09
CUST04257,49,Male,Mass,2023-05-28
CUST04258,67,Female,Premium,2025-06-04
CUST04259,31,Female,Mass,2024-05-02
CUST04260,67,Female,Mass,2022-12-13
CUST04261,45,Male,Mass,2021-01-13
CUST04262,63,Male,Mass,2021-08-10
CUST04263,69,Female,Mass,2025-09-25
CUST04264,70,Female,Business,2024-11-20
CUST04265,41,Male,Premium,2023-05-31
CUST04266,32,Male,Mass,2023-04-19
CUST04267,39,Female,Mass,2023-01-22
CUST04268,47,Male,Mass,2021-09-27
CUST04269,21,Male,Mass,2024-08-14
CUST04270,30,Female,Premium,2025-06-23
CUST04271,40,Female,Mass,2023-01-02
CUST04272,25,Female,Mass,2023-04-24
CUST04273,35,Male,Mass,2022-09-08
CUST04274,29,Female,Mass,2024-12-26
CUST04275,48,Female,Mass,2024-12-02
CUST04276,31,Male,Business,2021-03-06
CUST04277,51,Female,Premium,2025-08-08
CUST04278,35,Male,Mass,2023-11-28
CUST04279,51,Male,Premium,2021-01-28
CUST04280,28,Male,Business,2024-08-05
CUST04281,58,Male,Mass,2021-08-25
CUST04282,29,Male,Mass,2024-02-24
CUST04283,66,Female,Mass,2022-01-19
CUST04284,32,Male,Mass,2021-11-22
CUST04285,48,Female,Mass,2021-03-26
CUST04286,66,Female,Mass,2023-01-19
CUST04287,46,Male,Mass,2021-09-03
CUST04288,43,Male,Mass,2022-01-23
CUST04289,35,Female,Mass,2023-07-18
CUST04290,49,Female,Mass,2021-09-23
CUST04291,39,Male,Premium,2023-01-31
CUST04292,55,Male,Mass,2023-03-15
CUST04293,34,Female,Mass,2024-05-13
CUST04294,40,Male,Mass,2021-08-16
CUST04295,41,Female,Business,2021-08-28
CUST04296,67,Female,Mass,2024-01-02
CUST04297,25,Male,Mass,2025-08-22
CUST04298,58,Male,Mass,2022-01-23
CUST04299,23,Male,Mass,2022-01-13
CUST04300,22,Female,Mass,2021-07-31
CUST04301,61,Male,Mass,2025-07-30
CUST04302,46,Male,Premium,2023-03-06
CUST04303,45,Female,Mass,2022-11-07
CUST04304,28,Male,Mass,2022-10-11
CUST04305,18,Female,Premium,2021-06-20
CUST04306,60,Female,Mass,2024-03-21
CUST04307,36,Male,Mass,2025-08-28
CUST04308,26,Female,Mass,2023-03-20
CUST04309,44,Female,Premium,2021-04-14
CUST04310,51,Male,Premium,2024-05-30
CUST04311,61,Male,Mass,2024-07-29
CUST04312,21,Male,Mass,2024-11-12
CUST04313,53,Female,Premium,2022-01-07
CUST04314,35,Male,Mass,2021-05-09
CUST04315,32,Female,Premium,2024-11-28
CUST04316,68,Female,Mass,2021-08-08
CUST04317,30,Male,Business,2024-04-11
CUST04318,36,Female,Premium,2022-04-17
CUST04319,66,Male,Mass,2023-09-15
CUST04320,23,Female,Mass,2025-01-16
CUST04321,65,Female,Mass,2022-08-31
CUST04322,29,Male,Mass,2025-03-06
CUST04323,68,Male,Mass,2023-12-12
CUST04324,54,Female,Mass,2021-04-04
CUST04325,34,Female,Mass,2025-05-19
CUST04326,40,Female,Mass,2023-11-11
CUST04327,43,Male,Premium,2021-04-16
CUST04328,46,Male,Mass,2024-05-08
CUST04329,50,Male,Premium,2024-10-07
CUST04330,44,Female,Mass,2024-07-28
CUST04331,42,Male,Mass,2024-07-29
CUST04332,27,Male,Mass,2022-09-04
CUST04333,64,Female,Mass,2023-04-29
CUST04334,40,Female,Mass,2025-04-12
CUST04335,38,Male,Mass,2024-06-22
CUST04336,38,Male,Business,2023-08-06
CUST04337,60,Female,Mass,2025-05-18
CUST04338,30,Male,Premium,2023-05-04
CUST04339,54,Male,Mass,2022-03-05
CUST04340,50,Male,Mass,2023-11-28
CUST04341,41,Female,Mass,2024-12-13
CUST04342,61,Female,Premium,2021-10-29
CUST04343,28,Male,Mass,2022-10-01
CUST04344,34,Male,Premium,2021-03-12
CUST04345,21,Female,Mass,2022-10-08
CUST04346,64,Other,Mass,2025-11-24
CUST04347,42,Female,Mass,2022-06-09
CUST04348,47,Other,Mass,2021-06-23
CUST04349,26,Female,Mass,2021-03-31
CUST04350,38,Female,Mass,2022-01-03
CUST04351,37,Male,Mass,2023-03-12
CUST04352,36,Male,Mass,2024-05-15
CUST04353,36,Male,Mass,2023-12-22
CUST04354,29,Female,Mass,2021-11-15
CUST04355,54,Female,Mass,2023-04-04
CUST04356,59,Female,Mass,2022-07-05
CUST04357,34,Male,Premium,2021-03-01
CUST04358,54,Male,Premium,2024-02-03
CUST04359,65,Male,Mass,2024-06-16
CUST04360,56,Male,Mass,2025-01-25
CUST04361,45,Female,Mass,2021-05-07
CUST04362,58,Female,Premium,2021-03-24
CUST04363,52,Male,Premium,2024-05-28
CUST04364,64,Male,Mass,2024-12-02
CUST04365,65,Female,Premium,2023-08-04
CUST04366,35,Male,Mass,2025-06-29
CUST04367,31,Female,Mass,2022-08-09
CUST04368,52,Male,Premium,2022-10-09
CUST04369,61,Male,Premium,2024-12-24
CUST04370,58,Male,Premium,2023-06-09
CUST04371,24,Male,Mass,2022-07-28
CUST04372,58,Female,Mass,2022-05-28
CUST04373,30,Male,Premium,2024-01-08
CUST04374,35,Male,Mass,2021-03-06
CUST04375,54,Male,Mass,2021-07-02
CUST04376,30,Male,Mass,2023-12-26
CUST04377,53,Male,Premium,2023-04-15
CUST04378,48,Female,Premium,2024-05-16
CUST04379,19,Female,Mass,2021-02-23
CUST04380,33,Female,Premium,2024-05-29
CUST04381,26,Male,Mass,2021-08-24
CUST04382,26,Male,Mass,2023-06-08
CUST04383,55,Male,Premium,2022-09-04
CUST04384,28,Male,Mass,2023-08-17
CUST04385,39,Female,Premium,2022-03-14
CUST04386,50,Female,Premium,2023-10-01
CUST04387,53,Female,Mass,2024-02-01
CUST04388,62,Male,Premium,2024-12-30
CUST04389,40,Male,Mass,2022-11-25
CUST04390,62,Female,Mass,2023-08-21
CUST04391,62,Male,Premium,2024-12-15
CUST04392,51,Female,Mass,2024-02-06
CUST04393,26,Female,Premium,2022-06-08
CUST04394,41,Female,Mass,2025-01-06
CUST04395,25,Female,Premium,2025-03-10
CUST04396,24,Male,Mass,2022-02-08
CUST04397,53,Male,Mass,2021-12-09
CUST04398,35,Male,Mass,2025-06-10
CUST04399,20,Female,Mass,2023-03-11
CUST04400,45,Male,Mass,2024-09-12
CUST04401,23,Female,Mass,2021-08-02
CUST04402,61,Female,Premium,2023-10-21
CUST04403,61,Female,Premium,2025-04-29
CUST04404,38,Male,Premium,2021-11-18
CUST04405,45,Male,Premium,2024-01-07
CUST04406,57,Female,Premium,2023-12-15
CUST04407,18,Female,Mass,2023-02-23
CUST04408,53,Female,Premium,2023-05-06
CUST04409,38,Male,Premium,2023-12-31
CUST04410,60,Female,Mass,2023-12-28
CUST04411,52,Female,Mass,2021-06-29
CUST04412,30,Male,Mass,2022-01-15
CUST04413,66,Female,Premium,2023-07-22
CUST04414,27,Female,Premium,2025-09-06
CUST04415,70,Male,Business,2025-09-01
CUST04416,61,Male,Mass,2022-03-26
CUST04417,64,Female,Mass,2024-07-08
CUST04418,70,Male,Business,2025-01-10
CUST04419,27,Female,Mass,2025-07-19
CUST04420,63,Female,Mass,2021-05-11
CUST04421,30,Female,Mass,2024-06-11
CUST04422,54,Female,Premium,2023-06-23
CUST04423,55,Male,Mass,2024-03-23
CUST04424,41,Male,Mass,2021-11-26
CUST04425,19,Female,Mass,2022-09-29
CUST04426,39,Male,Mass,2025-06-24
CUST04427,34,Female,Mass,2021-02-22
CUST04428,53,Female,Premium,2022-04-13
CUST04429,31,Male,Premium,2022-10-02
CUST04430,27,Male,Premium,2022-02-17
CUST04431,52,Female,Mass,2023-11-04
CUST04432,42,Female,Premium,2022-05-11
CUST04433,20,Male,Business,2025-03-21
CUST04434,64,Female,Mass,2025-11-21
CUST04435,55,Female,Mass,2022-01-03
CUST04436,34,Other,Business,2022-06-23
CUST04437,29,Male,Mass,2022-09-29
CUST04438,69,Male,Premium,2025-01-15
CUST04439,41,Female,Mass,2025-04-14
CUST04440,46,Female,Mass,2022-05-30
CUST04441,60,Male,Premium,2022-04-26
CUST04442,42,Female,Mass,2022-02-18
CUST04443,53,Female,Mass,2021-08-16
CUST04444,43,Male,Mass,2021-05-17
CUST04445,55,Female,Mass,2025-11-28
CUST04446,18,Female,Mass,2024-06-17
CUST04447,37,Male,Premium,2023-03-02
CUST04448,45,Male,Mass,2023-04-15
CUST04449,33,Female,Mass,2025-08-23
CUST04450,64,Male,Mass,2022-04-17
CUST04451,34,Male,Mass,2022-06-02
CUST04452,57,Female,Mass,2025-01-24
CUST04453,45,Female,Premium,2021-11-01
CUST04454,29,Female,Premium,2022-10-17
CUST04455,44,Female,Mass,2021-06-30
CUST04456,70,Male,Mass,2021-01-30
CUST04457,59,Male,Mass,2023-08-30
CUST04458,64,Male,Mass,2023-02-04
CUST04459,47,Male,Mass,2021-02-09
CUST04460,58,Female,Premium,2021-07-06
CUST04461,51,Female,Mass,2021-11-15
CUST04462,54,Female,Mass,2024-06-04
CUST04463,23,Male,Premium,2023-01-02
CUST04464,24,Male,Premium,2023-06-11
CUST04465,49,Female,Mass,2021-11-20
CUST04466,49,Male,Mass,2023-08-01
CUST04467,70,Male,Business,2023-12-03
CUST04468,42,Female,Mass,2022-10-18
CUST04469,50,Male,Mass,2024-07-25
CUST04470,24,Male,Mass,2024-09-04
CUST04471,69,Female,Premium,2021-06-23
CUST04472,29,Male,Mass,2025-11-18
CUST04473,33,Female,Business,2022-11-16
CUST04474,33,Male,Premium,2023-12-01
CUST04475,60,Male,Mass,2022-02-13
CUST04476,70,Male,Mass,2025-05-05
CUST04477,53,Female,Mass,2024-09-08
CUST04478,30,Female,Mass,2021-06-29
CUST04479,24,Other,Premium,2023-05-04
CUST04480,53,Female,Mass,2024-03-28
CUST04481,64,Female,Mass,2021-02-06
CUST04482,68,Male,Mass,2022-02-10
CUST04483,26,Male,Mass,2022-06-23
CUST04484,49,Male,Mass,2022-01-11
CUST04485,28,Male,Mass,2021-09-13
CUST04486,25,Male,Mass,2021-10-05
CUST04487,50,Male,Mass,2021-09-06
CUST04488,40,Male,Mass,2022-11-24
CUST04489,42,Male,Premium,2023-11-07
CUST04490,25,Male,Mass,2024-10-23
CUST04491,62,Female,Mass,2021-05-05
CUST04492,39,Female,Mass,2024-08-28
CUST04493,21,Male,Mass,2021-07-31
CUST04494,57,Male,Business,2022-04-17
CUST04495,20,Male,Mass,2023-01-19
CUST04496,46,Female,Premium,2024-12-09
CUST04497,58,Male,Mass,2022-05-15
CUST04498,46,Female,Mass,2023-03-22
CUST04499,51,Male,Premium,2025-10-02
CUST04500,51,Male,Mass,2023-06-08
CUST04501,45,Male,Premium,2024-04-19
CUST04502,30,Male,Mass,2024-11-13
CUST04503,32,Female,Mass,2025-07-24
CUST04504,40,Male,Premium,2025-07-15
CUST04505,61,Female,Mass,2024-04-25
CUST04506,43,Female,Premium,2025-10-29
CUST04507,21,Female,Mass,2025-08-25
CUST04508,43,Female,Premium,2025-07-06
CUST04509,57,Male,Mass,2025-01-31
CUST04510,26,Male,Premium,2025-01-20
CUST04511,22,Male,Premium,2024-03-03
CUST04512,49,Female,Mass,2025-09-18
CUST04513,37,Male,Mass,2021-06-24
CUST04514,67,Female,Premium,2024-07-08
CUST04515,28,Male,Mass,2021-11-13
CUST04516,32,Female,Mass,2023-09-28
CUST04517,49,Male,Premium,2023-04-04
CUST04518,45,Male,Mass,2023-05-20
CUST04519,39,Female,Mass,2023-07-20
CUST04520,58,Male,Mass,2023-06-06
CUST04521,34,Female,Mass,2021-09-26
CUST04522,43,Male,Mass,2025-12-23
CUST04523,61,Male,Mass,2022-04-15
CUST04524,24,Female,Premium,2021-08-12
CUST04525,59,Female,Mass,2024-06-29
CUST04526,43,Male,Business,2023-12-24
CUST04527,42,Female,Premium,2023-09-02
CUST04528,27,Female,Premium,2023-06-26
CUST04529,62,Female,Mass,2023-04-10
CUST04530,36,Male,Mass,2025-01-27
CUST04531,28,Male,Mass,2024-02-22
CUST04532,30,Female,Mass,2025-05-25
CUST04533,70,Female,Mass,2021-08-26
CUST04534,25,Female,Premium,2021-03-16
CUST04535,57,Male,Mass,2025-01-05
CUST04536,21,Male,Mass,2022-05-15
CUST04537,64,Female,Mass,2025-03-26
CUST04538,48,Male,Premium,2021-09-25
CUST04539,45,Male,Business,2025-02-19
CUST04540,28,Male,Mass,2023-09-14
CUST04541,60,Female,Mass,2025-06-12
CUST04542,18,Male,Premium,2023-12-10
CUST04543,66,Male,Mass,2025-08-06
CUST04544,64,Female,Premium,2023-12-19
CUST04545,69,Female,Mass,2025-01-17
CUST04546,55,Male,Mass,2022-12-24
CUST04547,41,Male,Mass,2024-01-01
CUST04548,64,Female,Premium,2025-11-15
CUST04549,48,Female,Mass,2025-11-10
CUST04550,58,Female,Mass,2021-07-09
CUST04551,63,Female,Mass,2023-09-23
CUST04552,67,Female,Mass,2025-05-05
CUST04553,43,Female,Premium,2025-10-07
CUST04554,66,Male,Premium,2022-07-20
CUST04555,67,Male,Mass,2023-09-20
CUST04556,22,Male,Premium,2023-01-06
CUST04557,37,Male,Mass,2021-06-05
CUST04558,69,Female,Mass,2025-05-06
CUST04559,58,Male,Premium,2025-11-12
CUST04560,28,Female,Mass,2022-11-04
CUST04561,50,Male,Mass,2025-07-23
CUST04562,67,Male,Mass,2024-01-14
CUST04563,55,Other,Premium,2021-03-10
CUST04564,44,Male,Mass,2024-11-09
CUST04565,51,Male,Mass,2022-01-08
CUST04566,32,Male,Premium,2021-02-24
CUST04567,49,Female,Premium,2021-03-26
CUST04568,38,Female,Premium,2023-07-30
CUST04569,63,Female,Mass,2023-04-21
CUST04570,22,Male,Mass,2022-08-15
CUST04571,23,Female,Mass,2023-01-02
CUST04572,55,Male,Premium,2022-09-14
CUST04573,39,Female,Premium,2025-11-24
CUST04574,35,Female,Business,2023-10-06
CUST04575,31,Female,Mass,2021-11-13
CUST04576,27,Female,Mass,2024-04-02
CUST04577,63,Female,Mass,2025-06-27
CUST04578,30,Female,Mass,2022-09-17
CUST04579,48,Male,Mass,2021-09-09
CUST04580,47,Female,Business,2021-06-01
CUST04581,20,Male,Mass,2024-09-21
CUST04582,47,Male,Mass,2023-06-29
CUST04583,23,Male,Mass,2024-10-23
CUST04584,46,Male,Mass,2025-11-22
CUST04585,25,Male,Premium,2023-05-16
CUST04586,61,Female,Mass,2022-08-23
CUST04587,62,Male,Mass,2023-10-04
CUST04588,60,Male,Mass,2023-08-29
CUST04589,61,Female,Mass,2023-10-02
CUST04590,50,Male,Mass,2024-01-29
CUST04591,34,Female,Mass,2024-02-18
CUST04592,65,Female,Mass,2024-11-09
CUST04593,28,Female,Mass,2021-10-30
CUST04594,30,Female,Mass,2025-10-06
CUST04595,67,Male,Mass,2024-03-18
CUST04596,28,Male,Mass,2024-05-09
CUST04597,48,Male,Mass,2023-10-24
CUST04598,45,Female,Business,2022-02-04
CUST04599,61,Male,Mass,2021-03-09
CUST04600,23,Male,Mass,2021-06-03
CUST04601,58,Male,Premium,2023-10-12
CUST04602,33,Female,Mass,2025-02-26
CUST04603,21,Male,Mass,2021-07-01
CUST04604,52,Other,Mass,2022-06-09
CUST04605,65,Male,Premium,2021-07-08
CUST04606,43,Male,Premium,2021-01-20
CUST04607,29,Male,Business,2023-05-01
CUST04608,28,Female,Mass,2024-07-30
CUST04609,54,Female,Premium,2023-06-17
CUST04610,42,Male,Mass,2021-01-10
CUST04611,35,Male,Mass,2022-12-01
CUST04612,36,Female,Premium,2025-04-04
CUST04613,40,Male,Mass,2022-10-17
CUST04614,55,Male,Mass,2025-06-27
CUST04615,35,Male,Mass,2024-08-19
CUST04616,43,Male,Premium,2021-08-29
CUST04617,23,Male,Mass,2021-06-01
CUST04618,21,Male,Mass,2023-02-23
CUST04619,61,Male,Mass,2024-09-22
CUST04620,68,Female,Mass,2021-07-07
CUST04621,46,Male,Business,2022-04-09
CUST04622,51,Female,Mass,2022-12-23
CUST04623,34,Male,Mass,2024-04-15
CUST04624,60,Female,Mass,2023-06-19
CUST04625,60,Male,Mass,2022-12-07
CUST04626,70,Female,Mass,2024-04-15
CUST04627,33,Male,Mass,2023-05-31
CUST04628,19,Female,Business,2022-02-19
CUST04629,51,Male,Mass,2022-08-01
CUST04630,25,Male,Mass,2021-11-06
CUST04631,30,Female,Mass,2023-10-23
CUST04632,59,Female,Mass,2021-11-13
CUST04633,25,Male,Mass,2025-12-12
CUST04634,47,Female,Mass,2025-03-13
CUST04635,49,Male,Business,2023-10-17
CUST04636,53,Male,Mass,2025-05-15
CUST04637,64,Other,Mass,2022-01-03
CUST04638,47,Male,Mass,2022-07-09
CUST04639,18,Female,Mass,2022-08-28
CUST04640,60,Male,Mass,2024-06-03
CUST04641,56,Female,Mass,2023-07-25
CUST04642,34,Female,Mass,2022-04-25
CUST04643,37,Other,Mass,2023-09-08
CUST04644,41,Female,Premium,2025-12-27
CUST04645,67,Male,Mass,2023-12-23
CUST04646,39,Female,Mass,2024-07-27
CUST04647,46,Male,Business,2023-07-29
CUST04648,39,Female,Mass,2021-01-14
CUST04649,61,Female,Premium,2021-01-28
CUST04650,26,Male,Mass,2021-05-22
CUST04651,54,Female,Mass,2025-07-02
CUST04652,27,Male,Mass,2025-12-31
CUST04653,53,Female,Mass,2022-08-13
CUST04654,54,Male,Mass,2025-11-18
CUST04655,45,Female,Premium,2022-04-18
CUST04656,45,Male,Premium,2025-03-28
CUST04657,59,Female,Mass,2024-04-22
CUST04658,60,Male,Premium,2021-11-13
CUST04659,38,Female,Premium,2024-10-16
CUST04660,41,Male,Mass,2022-03-21
CUST04661,59,Female,Premium,2021-10-23
CUST04662,57,Male,Mass,2022-02-08
CUST04663,19,Female,Premium,2023-01-22
CUST04664,25,Male,Premium,2021-09-20
CUST04665,65,Female,Mass,2023-04-27
CUST04666,44,Male,Mass,2022-01-12
CUST04667,39,Female,Premium,2022-08-08
CUST04668,54,Male,Mass,2023-12-28
CUST04669,44,Female,Mass,2023-03-10
CUST04670,46,Male,Mass,2022-04-16
CUST04671,20,Male,Mass,2023-01-02
CUST04672,61,Female,Mass,2023-08-30
CUST04673,30,Male,Mass,2021-02-16
CUST04674,62,Male,Mass,2023-08-05
CUST04675,27,Female,Premium,2023-12-18
CUST04676,53,Female,Mass,2021-01-24
CUST04677,26,Female,Mass,2024-08-06
CUST04678,44,Male,Mass,2023-04-11
CUST04679,51,Male,Mass,2025-01-07
CUST04680,68,Female,Business,2022-02-07
CUST04681,18,Male,Premium,2023-11-14
CUST04682,49,Female,Mass,2023-12-24
CUST04683,42,Male,Mass,2025-11-26
CUST04684,46,Other,Mass,2025-08-11
CUST04685,24,Female,Mass,2025-07-10
CUST04686,66,Female,Mass,2025-06-22
CUST04687,20,Male,Mass,2024-06-16
CUST04688,37,Female,Business,2021-10-10
CUST04689,37,Male,Mass,2025-01-05
CUST04690,70,Female,Mass,2024-08-16
CUST04691,47,Female,Mass,2021-04-03
CUST04692,52,Male,Mass,2025-05-20
CUST04693,52,Male,Mass,2024-10-30
CUST04694,66,Female,Mass,2022-11-17
CUST04695,56,Male,Premium,2021-11-06
CUST04696,44,Male,Mass,2023-06-07
CUST04697,43,Male,Mass,2025-11-06
CUST04698,31,Male,Mass,2024-04-05
CUST04699,34,Female,Premium,2025-11-08
CUST04700,35,Female,Mass,2021-01-07
CUST04701,62,Male,Mass,2023-12-03
CUST04702,69,Female,Premium,2023-02-27
CUST04703,46,Female,Mass,2024-09-25
CUST04704,37,Female,Premium,2024-03-22
CUST04705,70,Male,Mass,2021-02-12
CUST04706,44,Male,Mass,2022-12-26
CUST04707,35,Female,Mass,2021-07-20
CUST04708,21,Female,Mass,2023-06-14
CUST04709,18,Male,Mass,2022-10-29
CUST04710,67,Female,Mass,2025-10-22
CUST04711,18,Male,Mass,2025-08-16
CUST04712,43,Male,Premium,2022-07-02
CUST04713,62,Female,Mass,2021-08-14
CUST04714,37,Female,Mass,2022-09-25
CUST04715,69,Male,Mass,2025-03-25
CUST04716,40,Female,Mass,2024-09-24
CUST04717,27,Female,Premium,2024-09-20
CUST04718,28,Female,Premium,2024-04-19
CUST04719,58,Female,Mass,2025-04-06
CUST04720,58,Male,Mass,2023-08-04
CUST04721,22,Male,Mass,2024-07-19
CUST04722,18,Male,Mass,2021-07-13
CUST04723,34,Female,Premium,2022-06-22
CUST04724,39,Female,Mass,2025-12-26
CUST04725,51,Male,Mass,2022-04-26
CUST04726,62,Male,Mass,2024-01-27
CUST04727,58,Male,Mass,2022-03-06
CUST04728,46,Male,Mass,2025-03-16
CUST04729,21,Female,Premium,2025-10-21
CUST04730,22,Female,Premium,2024-09-12
CUST04731,28,Male,Mass,2023-08-03
CUST04732,68,Female,Premium,2023-06-30
CUST04733,38,Female,Mass,2025-12-14
CUST04734,52,Female,Mass,2025-12-29
CUST04735,29,Male,Mass,2022-08-01
CUST04736,43,Male,Mass,2024-12-10
CUST04737,68,Male,Mass,2021-04-21
CUST04738,36,Female,Premium,2021-07-31
CUST04739,62,Female,Mass,2025-09-03
CUST04740,24,Female,Premium,2023-05-01
CUST04741,64,Male,Premium,2023-05-28
CUST04742,24,Male,Mass,2023-09-14
CUST04743,43,Male,Premium,2023-09-23
CUST04744,57,Female,Mass,2022-07-25
CUST04745,22,Male,Mass,2023-11-20
CUST04746,38,Male,Mass,2024-07-14
CUST04747,31,Female,Mass,2022-10-28
CUST04748,21,Female,Mass,2021-12-16
CUST04749,40,Female,Premium,2025-03-18
CUST04750,59,Male,Premium,2023-07-19
CUST04751,37,Female,Mass,2022-11-12
CUST04752,32,Male,Mass,2024-05-22
CUST04753,67,Female,Mass,2021-09-08
CUST04754,69,Male,Mass,2025-04-16
CUST04755,62,Male,Mass,2021-11-15
CUST04756,46,Female,Premium,2024-04-21
CUST04757,25,Female,Mass,2023-06-04
CUST04758,58,Female,Mass,2021-07-08
CUST04759,65,Male,Premium,2022-12-26
CUST04760,36,Male,Premium,2024-02-25
CUST04761,65,Female,Mass,2024-08-12
CUST04762,56,Female,Mass,2023-11-13
CUST04763,63,Female,Premium,2025-04-03
CUST04764,45,Female,Business,2021-03-20
CUST04765,63,Female,Mass,2022-06-30
CUST04766,44,Female,Mass,2025-02-02
CUST04767,21,Male,Premium,2023-07-13
CUST04768,32,Male,Mass,2022-09-11
CUST04769,52,Male,Business,2021-11-01
CUST04770,54,Male,Mass,2025-01-11
CUST04771,18,Female,Business,2021-07-18
CUST04772,20,Female,Mass,2024-04-29
CUST04773,64,Female,Premium,2024-06-09
CUST04774,41,Male,Mass,2025-05-17
CUST04775,44,Male,Premium,2022-07-08
CUST04776,57,Male,Business,2023-11-14
CUST04777,53,Female,Mass,2025-08-26
CUST04778,51,Male,Mass,2025-01-24
CUST04779,46,Female,Mass,2021-07-02
CUST04780,41,Male,Mass,2024-12-27
CUST04781,41,Male,Premium,2022-08-30
CUST04782,59,Female,Mass,2021-03-24
CUST04783,21,Female,Premium,2021-04-03
CUST04784,20,Male,Mass,2024-07-25
CUST04785,51,Female,Mass,2022-09-09
CUST04786,66,Other,Mass,2024-01-14
CUST04787,40,Other,Mass,2022-07-27
CUST04788,70,Female,Mass,2024-05-16
CUST04789,69,Female,Premium,2025-08-21
CUST04790,40,Male,Premium,2022-08-04
CUST04791,62,Female,Mass,2023-09-28
CUST04792,22,Male,Mass,2025-01-07
CUST04793,48,Female,Premium,2023-02-13
CUST04794,70,Male,Mass,2023-05-03
CUST04795,58,Male,Mass,2025-11-05
CUST04796,23,Female,Mass,2024-10-25
CUST04797,54,Male,Premium,2022-10-13
CUST04798,27,Male,Mass,2023-03-03
CUST04799,57,Female,Mass,2022-04-21
CUST04800,24,Female,Business,2022-05-19
CUST04801,56,Female,Mass,2021-08-19
CUST04802,55,Male,Premium,2023-05-28
CUST04803,38,Female,Mass,2024-10-15
CUST04804,37,Male,Mass,2025-05-06
CUST04805,20,Male,Mass,2025-11-10
CUST04806,68,Female,Mass,2023-11-09
CUST04807,39,Female,Mass,2022-11-21
CUST04808,64,Male,Mass,2021-07-28
CUST04809,21,Female,Mass,2021-05-11
CUST04810,45,Male,Mass,2023-01-13
CUST04811,29,Female,Premium,2022-01-19
CUST04812,55,Male,Premium,2024-01-21
CUST04813,68,Female,Premium,2025-04-16
CUST04814,53,Female,Mass,2021-12-28
CUST04815,64,Female,Business,2023-01-31
CUST04816,58,Female,Mass,2024-02-22
CUST04817,22,Female,Mass,2023-08-01
CUST04818,30,Female,Mass,2022-10-10
CUST04819,40,Male,Premium,2024-07-20
CUST04820,67,Male,Premium,2021-12-21
CUST04821,47,Female,Mass,2021-04-10
CUST04822,54,Female,Mass,2023-01-01
CUST04823,42,Male,Mass,2025-06-28
CUST04824,65,Male,Mass,2021-10-28
CUST04825,44,Male,Mass,2022-09-01
CUST04826,68,Female,Mass,2023-06-01
CUST04827,31,Male,Mass,2021-07-22
CUST04828,65,Male,Mass,2023-11-11
CUST04829,64,Female,Premium,2024-05-06
CUST04830,53,Female,Mass,2021-04-22
CUST04831,56,Male,Mass,2024-03-18
CUST04832,33,Male,Mass,2022-01-16
CUST04833,39,Female,Business,2023-01-25
CUST04834,38,Male,Mass,2023-08-12
CUST04835,38,Female,Mass,2024-04-21
CUST04836,25,Female,Mass,2023-03-07
CUST04837,66,Male,Mass,2021-12-03
CUST04838,33,Male,Mass,2024-09-23
CUST04839,48,Male,Mass,2024-08-16
CUST04840,59,Male,Mass,2025-06-13
CUST04841,27,Female,Mass,2021-08-10
CUST04842,49,Female,Mass,2023-10-09
CUST04843,51,Male,Mass,2023-01-30
CUST04844,26,Male,Business,2024-12-03
CUST04845,34,Male,Premium,2022-11-20
CUST04846,28,Male,Mass,2021-04-28
CUST04847,49,Female,Mass,2021-06-23
CUST04848,27,Male,Premium,2024-05-27
CUST04849,39,Female,Premium,2024-10-31
CUST04850,34,Male,Premium,2025-10-20
CUST04851,21,Female,Mass,2021-11-15
CUST04852,65,Female,Mass,2025-06-01
CUST04853,69,Male,Business,2024-01-17
CUST04854,64,Male,Business,2024-01-07
CUST04855,42,Male,Mass,2022-03-17
CUST04856,38,Male,Business,2024-05-09
CUST04857,54,Female,Premium,2025-05-19
CUST04858,55,Female,Mass,2022-02-19
CUST04859,66,Female,Mass,2023-10-25
CUST04860,18,Female,Mass,2023-08-08
CUST04861,42,Male,Mass,2021-03-24
CUST04862,68,Female,Business,2025-09-25
CUST04863,53,Other,Mass,2023-09-16
CUST04864,34,Male,Premium,2022-05-08
CUST04865,58,Male,Premium,2021-01-06
CUST04866,41,Female,Mass,2022-12-06
CUST04867,19,Male,Mass,2025-10-19
CUST04868,57,Male,Mass,2021-12-13
CUST04869,32,Female,Mass,2022-06-18
CUST04870,49,Female,Mass,2022-10-19
CUST04871,56,Male,Mass,2023-08-13
CUST04872,23,Male,Mass,2025-12-26
CUST04873,18,Female,Mass,2022-03-27
CUST04874,64,Female,Mass,2024-03-14
CUST04875,40,Male,Mass,2023-10-23
CUST04876,56,Female,Business,2024-08-04
CUST04877,34,Female,Mass,2023-07-07
CUST04878,51,Female,Premium,2024-06-02
CUST04879,58,Male,Business,2023-08-12
CUST04880,46,Male,Premium,2024-12-31
CUST04881,26,Female,Mass,2021-08-02
CUST04882,30,Male,Premium,2023-06-19
CUST04883,23,Female,Mass,2024-04-04
CUST04884,23,Male,Mass,2022-01-08
CUST04885,37,Male,Premium,2022-10-15
CUST04886,69,Male,Mass,2022-05-22
CUST04887,70,Male,Business,2023-09-10
CUST04888,20,Female,Mass,2022-07-30
CUST04889,34,Male,Mass,2021-11-29
CUST04890,66,Female,Mass,2021-07-31
CUST04891,29,Female,Premium,2021-10-16
CUST04892,65,Male,Mass,2022-09-02
CUST04893,64,Female,Premium,2021-06-15
CUST04894,62,Male,Mass,2021-05-06
CUST04895,18,Female,Mass,2024-03-26
CUST04896,34,Female,Mass,2025-11-21
CUST04897,20,Male,Mass,2025-05-16
CUST04898,43,Male,Mass,2023-11-22
CUST04899,32,Female,Mass,2021-10-01
CUST04900,53,Female,Mass,2024-08-17
CUST04901,49,Male,Premium,2023-11-11
CUST04902,49,Female,Mass,2025-03-28
CUST04903,21,Male,Mass,2025-11-15
CUST04904,35,Female,Mass,2022-09-07
CUST04905,66,Male,Mass,2021-10-03
CUST04906,36,Female,Mass,2023-10-28
CUST04907,60,Male,Mass,2023-10-13
CUST04908,69,Female,Mass,2025-01-18
CUST04909,52,Female,Mass,2024-02-28
CUST04910,57,Female,Mass,2024-08-15
CUST04911,31,Female,Mass,2021-04-07
CUST04912,50,Female,Mass,2021-10-04
CUST04913,31,Female,Premium,2024-08-01
CUST04914,51,Female,Mass,2023-03-11
CUST04915,21,Female,Premium,2024-04-11
CUST04916,41,Female,Premium,2021-11-28
CUST04917,46,Female,Mass,2021-07-24
CUST04918,36,Male,Premium,2021-04-13
CUST04919,23,Female,Mass,2023-10-01
CUST04920,50,Male,Premium,2025-07-07
CUST04921,66,Female,Mass,2023-08-13
CUST04922,57,Female,Mass,2021-12-26
CUST04923,36,Other,Mass,2024-02-29
CUST04924,70,Male,Premium,2021-02-08
CUST04925,18,Male,Mass,2021-11-03
CUST04926,22,Female,Premium,2023-06-03
CUST04927,44,Male,Premium,2022-06-04
CUST04928,33,Male,Mass,2023-05-28
CUST04929,23,Female,Mass,2021-02-15
CUST04930,57,Female,Mass,2021-07-13
CUST04931,30,Male,Mass,2025-03-22
CUST04932,65,Female,Premium,2025-05-13
CUST04933,52,Male,Premium,2024-04-07
CUST04934,36,Female,Premium,2024-02-20
CUST04935,29,Male,Business,2021-09-06
CUST04936,33,Female,Mass,2023-10-10
CUST04937,60,Male,Mass,2021-07-26
CUST04938,27,Female,Premium,2021-04-25
CUST04939,42,Male,Premium,2021-08-27
CUST04940,37,Female,Mass,2022-07-20
CUST04941,48,Male,Mass,2024-01-05
CUST04942,21,Male,Premium,2024-04-07
CUST04943,61,Female,Mass,2023-12-08
CUST04944,40,Male,Mass,2023-01-06
CUST04945,19,Male,Premium,2023-12-30
CUST04946,39,Male,Business,2022-05-23
CUST04947,68,Male,Premium,2021-06-04
CUST04948,54,Male,Premium,2025-05-02
CUST04949,25,Male,Mass,2022-04-06
CUST04950,24,Male,Mass,2024-10-28
CUST04951,31,Female,Mass,2023-03-02
CUST04952,20,Female,Business,2024-05-10
CUST04953,67,Male,Mass,2022-10-16
CUST04954,33,Female,Mass,2021-11-13
CUST04955,36,Female,Premium,2022-03-27
CUST04956,68,Male,Mass,2025-07-20
CUST04957,35,Male,Business,2025-08-16
CUST04958,69,Female,Mass,2022-07-31
CUST04959,33,Male,Mass,2024-01-25
CUST04960,25,Male,Mass,2025-09-13
CUST04961,50,Female,Premium,2022-05-11
CUST04962,66,Female,Premium,2021-12-28
CUST04963,29,Male,Mass,2022-04-02
CUST04964,70,Female,Mass,2024-04-16
CUST04965,28,Female,Premium,2021-05-09
CUST04966,22,Female,Mass,2025-02-22
CUST04967,44,Female,Mass,2023-11-29
CUST04968,29,Male,Mass,2025-01-21
CUST04969,34,Female,Premium,2023-03-23
CUST04970,23,Male,Mass,2023-05-23
CUST04971,50,Male,Mass,2021-12-16
CUST04972,22,Male,Business,2022-10-07
CUST04973,45,Male,Mass,2022-03-28
CUST04974,31,Male,Mass,2024-11-04
CUST04975,22,Male,Mass,2021-04-19
CUST04976,50,Male,Business,2025-05-27
CUST04977,67,Female,Premium,2024-05-16
CUST04978,65,Male,Mass,2022-07-31
CUST04979,58,Female,Premium,2021-08-29
CUST04980,36,Male,Mass,2022-08-14
CUST04981,39,Male,Business,2024-01-17
CUST04982,22,Male,Mass,2024-11-23
CUST04983,19,Male,Premium,2025-09-10
CUST04984,47,Female,Mass,2024-07-09
CUST04985,64,Male,Mass,2022-08-01
CUST04986,56,Female,Premium,2021-11-21
CUST04987,21,Female,Mass,2022-01-06
CUST04988,50,Male,Mass,2021-04-15
CUST04989,30,Female,Premium,2021-04-08
CUST04990,37,Male,Mass,2025-02-19
CUST04991,24,Female,Mass,2021-04-06
CUST04992,32,Female,Business,2025-02-04
CUST04993,40,Male,Mass,2021-02-15
CUST04994,31,Male,Mass,2023-06-09
CUST04995,40,Male,Premium,2021-01-31
CUST04996,36,Male,Business,2022-02-12
CUST04997,46,Female,Mass,2024-10-30
CUST04998,37,Male,Mass,2024-11-06
CUST04999,46,Male,Premium,2022-12-17
CUST05000,41,Male,Mass,2025-08-11
CUST05001,35,Female,Mass,2022-10-06
CUST05002,27,Male,Premium,2022-11-29
CUST05003,58,Female,Mass,2023-08-31
CUST05004,25,Female,Mass,2022-12-02
CUST05005,43,Female,Mass,2025-02-21
CUST05006,46,Female,Mass,2025-07-21
CUST05007,27,Male,Mass,2023-05-26
CUST05008,34,Male,Mass,2023-06-25
CUST05009,19,Female,Premium,2023-03-20
CUST05010,23,Female,Premium,2024-08-25
CUST05011,22,Female,Mass,2022-08-22
CUST05012,45,Male,Mass,2023-08-25
CUST05013,58,Male,Premium,2022-09-25
CUST05014,22,Other,Mass,2021-05-15
CUST05015,35,Male,Mass,2021-11-24
CUST05016,43,Male,Premium,2021-07-18
CUST05017,37,Male,Mass,2022-11-14
CUST05018,58,Female,Mass,2024-07-07
CUST05019,66,Male,Business,2021-05-04
CUST05020,44,Male,Mass,2023-01-24
CUST05021,66,Female,Mass,2025-05-26
CUST05022,29,Male,Mass,2022-01-17
CUST05023,24,Female,Mass,2025-03-11
CUST05024,20,Female,Premium,2022-07-25
CUST05025,27,Male,Premium,2024-02-07
CUST05026,51,Female,Mass,2023-12-01
CUST05027,42,Female,Mass,2025-01-08
CUST05028,52,Male,Business,2023-03-09
CUST05029,33,Male,Mass,2023-06-10
CUST05030,19,Female,Mass,2024-03-15
CUST05031,41,Male,Mass,2025-12-27
CUST05032,27,Female,Mass,2025-05-07
CUST05033,55,Female,Mass,2021-06-25
CUST05034,39,Male,Mass,2024-07-26
CUST05035,43,Female,Premium,2022-01-15
CUST05036,60,Male,Premium,2021-06-14
CUST05037,56,Female,Mass,2025-02-18
CUST05038,44,Male,Mass,2023-02-03
CUST05039,46,Female,Mass,2022-09-07
CUST05040,64,Female,Mass,2025-05-08
CUST05041,55,Female,Mass,2025-11-26
CUST05042,37,Female,Mass,2024-10-16
CUST05043,44,Female,Mass,2021-06-22
CUST05044,58,Male,Mass,2023-02-02
CUST05045,37,Female,Business,2024-04-15
CUST05046,61,Female,Mass,2023-12-09
CUST05047,36,Female,Mass,2024-02-09
CUST05048,37,Female,Mass,2024-05-18
CUST05049,52,Male,Mass,2025-11-19
CUST05050,64,Male,Premium,2025-09-07
CUST05051,19,Male,Mass,2022-09-11
CUST05052,47,Female,Premium,2022-10-27
CUST05053,70,Male,Mass,2023-05-09
CUST05054,51,Female,Premium,2024-03-24
CUST05055,39,Male,Mass,2025-08-03
CUST05056,20,Male,Mass,2025-08-14
CUST05057,23,Male,Mass,2024-07-20
CUST05058,32,Male,Mass,2022-07-10
CUST05059,44,Female,Mass,2025-05-26
CUST05060,27,Male,Mass,2022-09-29
CUST05061,26,Male,Premium,2025-08-15
CUST05062,50,Male,Mass,2025-01-18
CUST05063,49,Female,Mass,2024-09-01
CUST05064,65,Female,Mass,2025-10-22
CUST05065,23,Male,Mass,2021-08-03
CUST05066,58,Female,Mass,2024-09-15
CUST05067,53,Male,Mass,2021-05-24
CUST05068,19,Male,Mass,2022-09-11
CUST05069,46,Female,Premium,2023-10-05
CUST05070,21,Male,Mass,2021-12-20
CUST05071,18,Female,Mass,2021-10-08
CUST05072,36,Male,Mass,2024-09-07
CUST05073,43,Female,Mass,2024-08-22
CUST05074,42,Male,Mass,2023-04-17
CUST05075,27,Female,Mass,2025-02-11
CUST05076,70,Female,Mass,2022-01-25
CUST05077,32,Male,Mass,2023-12-24
CUST05078,39,Female,Mass,2025-12-25
CUST05079,68,Male,Mass,2021-09-22
CUST05080,65,Female,Mass,2021-01-06
CUST05081,38,Male,Mass,2023-07-02
CUST05082,39,Male,Mass,2021-06-17
CUST05083,53,Female,Premium,2021-12-21
CUST05084,51,Male,Premium,2021-06-22
CUST05085,47,Female,Mass,2023-04-30
CUST05086,42,Male,Mass,2021-04-29
CUST05087,62,Male,Mass,2024-06-03
CUST05088,45,Female,Mass,2021-06-23
CUST05089,18,Female,Business,2023-08-17
CUST05090,66,Male,Mass,2021-05-09
CUST05091,62,Male,Premium,2021-07-06
CUST05092,21,Male,Mass,2023-12-23
CUST05093,24,Male,Premium,2023-06-12
CUST05094,66,Male,Premium,2024-07-21
CUST05095,26,Male,Premium,2022-08-21
CUST05096,53,Female,Mass,2021-07-29
CUST05097,36,Female,Premium,2023-10-06
CUST05098,18,Male,Mass,2024-05-01
CUST05099,27,Male,Premium,2023-01-20
CUST05100,53,Male,Mass,2022-06-16
CUST05101,26,Female,Mass,2023-08-10
CUST05102,62,Female,Business,2024-04-20
CUST05103,63,Female,Premium,2022-07-14
CUST05104,59,Female,Premium,2021-08-16
CUST05105,49,Female,Mass,2022-07-20
CUST05106,49,Male,Business,2022-09-06
CUST05107,23,Male,Premium,2021-03-30
CUST05108,65,Female,Mass,2024-03-13
CUST05109,55,Male,Premium,2025-08-11
CUST05110,34,Female,Mass,2025-11-01
CUST05111,27,Female,Mass,2023-03-26
CUST05112,67,Female,Mass,2021-09-07
CUST05113,44,Male,Mass,2021-08-13
CUST05114,67,Female,Mass,2023-06-22
CUST05115,52,Female,Mass,2023-08-29
CUST05116,69,Female,Mass,2022-11-04
CUST05117,38,Female,Mass,2021-06-17
CUST05118,42,Other,Mass,2021-04-20
CUST05119,45,Male,Mass,2025-12-02
CUST05120,64,Male,Mass,2024-04-11
CUST05121,32,Male,Mass,2025-03-15
CUST05122,21,Male,Premium,2021-10-24
CUST05123,46,Female,Premium,2021-08-31
CUST05124,26,Other,Mass,2021-07-28
CUST05125,44,Male,Mass,2024-06-20
CUST05126,43,Male,Mass,2024-07-01
CUST05127,36,Male,Mass,2024-01-11
CUST05128,45,Female,Business,2024-12-28
CUST05129,34,Male,Mass,2025-02-07
CUST05130,60,Male,Mass,2025-04-16
CUST05131,58,Male,Mass,2023-10-25
CUST05132,59,Male,Business,2024-05-02
CUST05133,67,Female,Mass,2023-12-16
CUST05134,37,Male,Mass,2021-09-18
CUST05135,62,Male,Mass,2025-06-05
CUST05136,57,Male,Mass,2025-05-09
CUST05137,56,Female,Premium,2022-01-15
CUST05138,66,Female,Mass,2025-02-19
CUST05139,70,Male,Premium,2021-04-06
CUST05140,40,Male,Mass,2024-09-21
CUST05141,64,Female,Mass,2023-02-08
CUST05142,49,Male,Mass,2025-10-06
CUST05143,69,Female,Mass,2025-10-13
CUST05144,64,Male,Mass,2024-09-14
CUST05145,50,Male,Mass,2025-02-28
CUST05146,63,Female,Mass,2023-04-09
CUST05147,22,Female,Premium,2025-07-20
CUST05148,60,Female,Premium,2025-03-23
CUST05149,65,Male,Premium,2023-07-15
CUST05150,51,Male,Mass,2024-02-23
CUST05151,57,Male,Mass,2025-12-12
CUST05152,28,Female,Mass,2022-09-12
CUST05153,67,Female,Mass,2021-09-17
CUST05154,20,Male,Premium,2023-04-11
CUST05155,50,Female,Premium,2025-05-25
CUST05156,28,Female,Premium,2022-07-04
CUST05157,33,Male,Mass,2025-09-07
CUST05158,35,Female,Premium,2022-12-01
CUST05159,47,Male,Premium,2025-10-29
CUST05160,65,Male,Mass,2025-11-29
CUST05161,27,Female,Mass,2022-12-10
CUST05162,35,Male,Mass,2023-10-29
CUST05163,55,Male,Mass,2022-07-17
CUST05164,36,Female,Premium,2022-01-08
CUST05165,53,Female,Mass,2021-08-10
CUST05166,30,Other,Mass,2022-06-15
CUST05167,63,Female,Mass,2021-12-16
CUST05168,20,Male,Mass,2025-11-18
CUST05169,27,Female,Mass,2021-01-31
CUST05170,55,Female,Business,2025-06-04
CUST05171,18,Male,Mass,2024-10-13
CUST05172,44,Female,Premium,2021-01-22
CUST05173,63,Male,Premium,2024-08-05
CUST05174,25,Male,Mass,2023-01-24
CUST05175,68,Female,Business,2021-08-02
CUST05176,63,Female,Mass,2022-12-13
CUST05177,59,Male,Mass,2024-04-03
CUST05178,34,Male,Mass,2021-05-20
CUST05179,26,Female,Mass,2024-10-25
CUST05180,23,Male,Mass,2023-08-23
CUST05181,60,Male,Premium,2024-09-05
CUST05182,42,Female,Mass,2022-02-13
CUST05183,56,Female,Mass,2022-03-14
CUST05184,66,Female,Premium,2023-03-08
CUST05185,45,Female,Premium,2021-01-13
CUST05186,50,Female,Mass,2022-05-16
CUST05187,54,Female,Mass,2023-11-16
CUST05188,26,Male,Mass,2022-06-18
CUST05189,35,Female,Mass,2023-05-11
CUST05190,38,Male,Mass,2021-03-17
CUST05191,19,Male,Premium,2022-01-01
CUST05192,60,Male,Mass,2025-02-23
CUST05193,55,Female,Mass,2024-01-21
CUST05194,57,Male,Premium,2023-04-21
CUST05195,53,Male,Mass,2023-06-06
CUST05196,67,Female,Mass,2024-07-13
CUST05197,60,Female,Mass,2025-05-03
CUST05198,54,Female,Premium,2022-05-14
CUST05199,32,Male,Premium,2024-04-08
CUST05200,45,Male,Premium,2024-10-01
CUST05201,35,Female,Mass,2025-11-16
CUST05202,51,Male,Premium,2024-06-05
CUST05203,39,Female,Mass,2022-11-30
CUST05204,28,Male,Mass,2022-11-11
CUST05205,30,Female,Mass,2021-07-22
CUST05206,21,Male,Mass,2022-03-22
CUST05207,39,Male,Mass,2022-06-02
CUST05208,24,Female,Mass,2021-05-12
CUST05209,60,Male,Mass,2024-06-22
CUST05210,41,Male,Mass,2021-04-01
CUST05211,21,Female,Premium,2024-02-24
CUST05212,45,Male,Premium,2022-04-17
CUST05213,32,Male,Mass,2024-06-19
CUST05214,18,Male,Mass,2022-05-17
CUST05215,20,Male,Mass,2023-01-31
CUST05216,31,Male,Mass,2022-01-22
CUST05217,55,Female,Premium,2023-10-28
CUST05218,67,Female,Mass,2024-01-17
CUST05219,18,Male,Mass,2022-08-21
CUST05220,55,Male,Mass,2023-06-27
CUST05221,55,Female,Premium,2023-05-17
CUST05222,38,Other,Mass,2024-03-14
CUST05223,65,Male,Mass,2025-01-14
CUST05224,46,Female,Mass,2024-09-16
CUST05225,22,Female,Premium,2025-09-30
CUST05226,66,Male,Premium,2024-04-02
CUST05227,27,Male,Mass,2022-10-19
CUST05228,45,Male,Premium,2021-12-08
CUST05229,38,Female,Premium,2023-10-22
CUST05230,67,Female,Premium,2024-02-18
CUST05231,24,Female,Premium,2025-05-22
CUST05232,20,Male,Mass,2022-04-09
CUST05233,62,Female,Mass,2022-04-07
CUST05234,64,Female,Business,2023-12-09
CUST05235,37,Female,Mass,2023-03-30
CUST05236,36,Male,Business,2024-09-12
CUST05237,52,Female,Mass,2022-04-19
CUST05238,21,Male,Mass,2023-06-07
CUST05239,22,Female,Mass,2023-07-28
CUST05240,18,Female,Premium,2022-01-03
CUST05241,21,Male,Mass,2024-08-03
CUST05242,29,Female,Mass,2023-11-14
CUST05243,44,Male,Premium,2022-12-24
CUST05244,59,Female,Business,2021-10-20
CUST05245,40,Male,Mass,2025-01-12
CUST05246,42,Female,Mass,2023-12-23
CUST05247,38,Female,Mass,2022-07-22
CUST05248,69,Male,Premium,2025-01-21
CUST05249,41,Female,Mass,2025-04-03
CUST05250,42,Male,Mass,2023-05-24
CUST05251,62,Male,Mass,2023-08-19
CUST05252,63,Female,Mass,2024-12-07
CUST05253,49,Female,Mass,2022-08-12
CUST05254,49,Female,Mass,2021-09-17
CUST05255,22,Female,Premium,2025-07-15
CUST05256,53,Female,Mass,2023-06-27
CUST05257,63,Female,Mass,2021-07-03
CUST05258,59,Female,Mass,2023-12-08
CUST05259,66,Female,Premium,2021-05-27
CUST05260,59,Male,Premium,2025-12-23
CUST05261,56,Male,Mass,2022-08-15
CUST05262,33,Female,Mass,2025-11-07
CUST05263,50,Female,Mass,2024-12-03
CUST05264,66,Female,Premium,2023-10-15
CUST05265,38,Male,Mass,2022-03-16
CUST05266,26,Female,Mass,2025-01-21
CUST05267,23,Male,Premium,2021-08-17
CUST05268,68,Female,Mass,2024-07-31
CUST05269,62,Male,Mass,2025-05-16
CUST05270,52,Male,Mass,2023-01-02
CUST05271,56,Female,Mass,2024-09-30
CUST05272,39,Female,Mass,2025-06-13
CUST05273,58,Male,Mass,2023-08-05
CUST05274,22,Male,Business,2024-07-11
CUST05275,59,Male,Mass,2023-01-10
CUST05276,40,Male,Mass,2022-01-13
CUST05277,34,Male,Mass,2024-02-01
CUST05278,29,Female,Mass,2023-08-12
CUST05279,40,Female,Premium,2022-08-23
CUST05280,33,Male,Mass,2021-01-23
CUST05281,20,Female,Business,2021-10-20
CUST05282,47,Male,Mass,2024-07-14
CUST05283,39,Male,Mass,2025-04-02
CUST05284,26,Male,Mass,2022-04-21
CUST05285,46,Female,Mass,2023-08-10
CUST05286,64,Male,Mass,2022-03-27
CUST05287,54,Male,Premium,2023-06-17
CUST05288,40,Male,Mass,2021-10-12
CUST05289,30,Male,Premium,2024-08-29
CUST05290,49,Male,Mass,2024-03-31
CUST05291,63,Female,Mass,2022-08-13
CUST05292,69,Female,Mass,2021-05-02
CUST05293,64,Female,Mass,2025-02-13
CUST05294,65,Male,Premium,2024-02-10
CUST05295,40,Male,Mass,2024-06-16
CUST05296,62,Male,Premium,2024-05-18
CUST05297,34,Male,Mass,2024-10-04
CUST05298,57,Female,Premium,2022-05-26
CUST05299,38,Male,Premium,2021-01-02
CUST05300,19,Male,Mass,2023-06-11
CUST05301,54,Female,Mass,2025-10-05
CUST05302,23,Male,Mass,2023-03-10
CUST05303,61,Other,Mass,2022-09-21
CUST05304,35,Male,Mass,2022-04-06
CUST05305,47,Female,Mass,2023-08-10
CUST05306,39,Male,Mass,2025-02-14
CUST05307,50,Other,Business,2025-07-08
CUST05308,47,Male,Mass,2025-05-29
CUST05309,34,Female,Premium,2023-08-30
CUST05310,60,Male,Mass,2024-06-18
CUST05311,49,Female,Mass,2023-09-09
CUST05312,59,Male,Mass,2023-03-25
CUST05313,68,Male,Mass,2021-02-23
CUST05314,31,Female,Premium,2025-08-22
CUST05315,27,Female,Business,2025-01-30
CUST05316,64,Male,Mass,2021-04-19
CUST05317,68,Female,Business,2021-10-07
CUST05318,53,Male,Premium,2025-08-16
CUST05319,51,Female,Business,2025-08-26
CUST05320,26,Female,Mass,2023-12-17
CUST05321,59,Male,Business,2023-04-20
CUST05322,45,Female,Premium,2023-04-17
CUST05323,28,Female,Mass,2024-05-22
CUST05324,31,Male,Mass,2025-03-12
CUST05325,56,Female,Mass,2023-11-18
CUST05326,64,Male,Mass,2021-07-23
CUST05327,36,Female,Premium,2022-06-29
CUST05328,32,Female,Premium,2021-11-05
CUST05329,45,Male,Premium,2025-07-16
CUST05330,41,Female,Mass,2022-06-12
CUST05331,25,Female,Mass,2025-08-17
CUST05332,60,Female,Mass,2024-09-28
CUST05333,26,Male,Premium,2023-10-06
CUST05334,64,Male,Mass,2024-05-26
CUST05335,50,Female,Mass,2022-09-09
CUST05336,50,Male,Mass,2025-06-01
CUST05337,36,Male,Mass,2024-01-16
CUST05338,20,Female,Mass,2021-01-31
CUST05339,27,Male,Mass,2021-04-10
CUST05340,57,Female,Business,2022-10-29
CUST05341,64,Female,Mass,2023-03-15
CUST05342,59,Female,Premium,2024-08-31
CUST05343,18,Male,Mass,2022-05-10
CUST05344,46,Male,Premium,2025-06-30
CUST05345,67,Male,Mass,2022-04-16
CUST05346,51,Female,Premium,2023-01-12
CUST05347,68,Male,Premium,2025-03-19
CUST05348,30,Female,Mass,2023-01-04
CUST05349,18,Female,Premium,2025-07-15
CUST05350,51,Female,Mass,2025-08-23
CUST05351,46,Male,Premium,2025-12-12
CUST05352,65,Male,Mass,2023-09-25
CUST05353,64,Female,Premium,2021-11-27
CUST05354,30,Male,Premium,2024-05-02
CUST05355,65,Male,Mass,2025-10-20
CUST05356,66,Male,Mass,2024-04-29
CUST05357,70,Female,Premium,2021-09-09
CUST05358,46,Female,Premium,2025-10-28
CUST05359,56,Female,Business,2023-10-22
CUST05360,41,Female,Mass,2025-01-22
CUST05361,43,Male,Mass,2025-07-27
CUST05362,34,Female,Mass,2024-01-19
CUST05363,24,Male,Mass,2022-06-02
CUST05364,30,Female,Mass,2025-02-15
CUST05365,22,Male,Mass,2025-11-15
CUST05366,43,Male,Mass,2025-07-27
CUST05367,66,Female,Mass,2024-02-14
CUST05368,20,Male,Mass,2021-03-14
CUST05369,24,Female,Premium,2021-06-05
CUST05370,66,Male,Mass,2022-12-24
CUST05371,56,Male,Mass,2021-03-10
CUST05372,70,Male,Mass,2022-04-16
CUST05373,18,Female,Mass,2022-05-07
CUST05374,66,Male,Premium,2021-10-27
CUST05375,34,Female,Mass,2024-03-13
CUST05376,60,Male,Premium,2025-10-01
CUST05377,42,Male,Mass,2024-05-14
CUST05378,20,Male,Premium,2023-07-07
CUST05379,32,Female,Mass,2022-12-14
CUST05380,46,Female,Mass,2023-01-21
CUST05381,70,Male,Premium,2022-02-11
CUST05382,60,Female,Mass,2023-07-28
CUST05383,49,Female,Premium,2022-08-03
CUST05384,43,Male,Mass,2025-09-03
CUST05385,33,Female,Premium,2024-08-13
CUST05386,42,Male,Premium,2022-08-05
CUST05387,45,Female,Business,2023-03-10
CUST05388,26,Female,Mass,2022-06-13
CUST05389,18,Male,Mass,2021-05-17
CUST05390,46,Male,Business,2021-08-07
CUST05391,39,Other,Premium,2022-06-02
CUST05392,33,Female,Mass,2025-09-30
CUST05393,58,Female,Mass,2025-01-11
CUST05394,68,Male,Mass,2021-05-12
CUST05395,61,Male,Business,2024-10-18
CUST05396,68,Male,Mass,2024-09-29
CUST05397,58,Male,Mass,2025-09-16
CUST05398,24,Female,Mass,2023-11-08
CUST05399,31,Female,Business,2024-12-10
CUST05400,46,Female,Premium,2025-10-15
CUST05401,36,Male,Mass,2022-07-14
CUST05402,36,Female,Mass,2025-04-14
CUST05403,19,Female,Business,2023-07-17
CUST05404,58,Female,Premium,2024-03-22
CUST05405,62,Female,Premium,2021-11-28
CUST05406,32,Female,Premium,2025-11-09
CUST05407,20,Female,Mass,2021-11-15
CUST05408,28,Male,Premium,2025-12-06
CUST05409,70,Male,Mass,2024-05-07
CUST05410,63,Female,Mass,2025-03-30
CUST05411,47,Male,Premium,2025-12-17
CUST05412,57,Male,Mass,2023-09-07
CUST05413,35,Male,Mass,2023-10-31
CUST05414,68,Female,Mass,2024-03-08
CUST05415,65,Other,Mass,2021-06-16
CUST05416,19,Male,Premium,2021-05-27
CUST05417,49,Female,Premium,2024-11-27
CUST05418,25,Female,Mass,2025-11-16
CUST05419,39,Male,Mass,2023-07-28
CUST05420,23,Male,Mass,2022-03-21
CUST05421,29,Female,Mass,2021-03-11
CUST05422,64,Male,Premium,2024-09-13
CUST05423,57,Female,Mass,2023-04-13
CUST05424,53,Female,Premium,2023-07-08
CUST05425,32,Male,Mass,2022-09-08
CUST05426,45,Female,Mass,2024-06-06
CUST05427,69,Male,Mass,2025-08-01
CUST05428,66,Male,Mass,2021-11-15
CUST05429,62,Male,Premium,2021-02-05
CUST05430,35,Male,Mass,2025-07-12
CUST05431,19,Female,Mass,2021-09-12
CUST05432,30,Female,Business,2024-08-29
CUST05433,62,Female,Mass,2023-08-20
CUST05434,32,Male,Mass,2021-12-01
CUST05435,37,Female,Business,2023-11-10
CUST05436,46,Female,Mass,2021-10-25
CUST05437,59,Female,Premium,2023-11-11
CUST05438,46,Female,Mass,2022-04-23
CUST05439,20,Male,Mass,2025-11-27
CUST05440,36,Male,Mass,2025-11-19
CUST05441,20,Male,Mass,2022-04-17
CUST05442,31,Female,Mass,2023-08-20
CUST05443,57,Female,Mass,2025-08-29
CUST05444,21,Male,Premium,2022-04-15
CUST05445,69,Male,Premium,2024-10-04
CUST05446,28,Male,Mass,2023-02-06
CUST05447,48,Female,Mass,2022-08-13
CUST05448,60,Male,Mass,2023-03-03
CUST05449,49,Male,Premium,2025-12-23
CUST05450,44,Male,Mass,2022-01-21
CUST05451,47,Female,Mass,2023-07-31
CUST05452,60,Female,Mass,2025-04-19
CUST05453,19,Female,Business,2022-03-22
CUST05454,66,Male,Mass,2021-04-09
CUST05455,26,Male,Mass,2022-10-17
CUST05456,45,Male,Mass,2023-12-15
CUST05457,48,Male,Premium,2023-10-24
CUST05458,51,Male,Premium,2024-09-17
CUST05459,32,Male,Premium,2023-07-23
CUST05460,65,Female,Premium,2024-12-29
CUST05461,42,Male,Mass,2025-02-18
CUST05462,53,Male,Mass,2024-05-27
CUST05463,25,Female,Premium,2024-05-19
CUST05464,26,Female,Mass,2023-03-28
CUST05465,54,Female,Mass,2025-02-28
CUST05466,65,Female,Premium,2022-10-23
CUST05467,62,Male,Premium,2021-08-20
CUST05468,56,Female,Business,2022-08-23
CUST05469,49,Female,Business,2023-07-09
CUST05470,69,Male,Mass,2025-10-13
CUST05471,34,Male,Premium,2025-10-25
CUST05472,52,Female,Mass,2024-03-17
CUST05473,54,Male,Premium,2024-05-15
CUST05474,36,Male,Mass,2021-12-26
CUST05475,61,Male,Mass,2024-12-13
CUST05476,46,Male,Business,2025-10-29
CUST05477,24,Male,Mass,2024-12-11
CUST05478,45,Male,Mass,2023-05-22
CUST05479,26,Male,Mass,2025-09-16
CUST05480,45,Male,Mass,2025-04-26
CUST05481,23,Female,Mass,2024-04-20
CUST05482,46,Male,Mass,2022-07-10
CUST05483,34,Female,Mass,2024-05-18
CUST05484,33,Female,Mass,2021-09-07
CUST05485,40,Female,Premium,2025-03-16
CUST05486,48,Female,Mass,2022-08-19
CUST05487,20,Male,Mass,2021-05-19
CUST05488,38,Male,Business,2023-09-17
CUST05489,43,Female,Mass,2024-06-08
CUST05490,53,Male,Mass,2023-06-29
CUST05491,59,Female,Premium,2021-01-12
CUST05492,54,Female,Premium,2023-09-07
CUST05493,70,Male,Premium,2021-09-30
CUST05494,39,Female,Business,2022-05-03
CUST05495,59,Female,Mass,2024-01-19
CUST05496,29,Male,Business,2023-11-15
CUST05497,59,Male,Business,2022-06-22
CUST05498,30,Female,Premium,2025-08-16
CUST05499,28,Female,Mass,2023-09-12
CUST05500,33,Male,Premium,2025-05-15
CUST05501,25,Male,Mass,2023-12-20
CUST05502,57,Female,Premium,2025-12-24
CUST05503,57,Female,Mass,2024-04-09
CUST05504,62,Female,Premium,2022-08-11
CUST05505,19,Female,Mass,2023-02-27
CUST05506,47,Male,Mass,2025-01-10
CUST05507,47,Male,Premium,2025-10-10
CUST05508,29,Female,Mass,2023-07-10
CUST05509,27,Female,Mass,2025-08-18
CUST05510,61,Male,Mass,2025-09-12
CUST05511,28,Male,Premium,2025-06-06
CUST05512,32,Female,Mass,2023-10-31
CUST05513,33,Male,Mass,2021-08-31
CUST05514,34,Female,Mass,2024-04-16
CUST05515,43,Male,Premium,2023-03-09
CUST05516,19,Male,Premium,2021-09-14
CUST05517,67,Male,Mass,2021-11-06
CUST05518,29,Female,Mass,2022-05-31
CUST05519,68,Female,Mass,2024-05-23
CUST05520,43,Female,Premium,2023-11-20
CUST05521,40,Female,Premium,2024-10-01
CUST05522,35,Male,Mass,2023-12-25
CUST05523,49,Male,Mass,2022-09-28
CUST05524,66,Female,Mass,2023-03-08
CUST05525,55,Female,Premium,2024-03-22
CUST05526,64,Female,Mass,2021-02-09
CUST05527,20,Female,Premium,2023-11-16
CUST05528,55,Male,Mass,2024-07-20
CUST05529,20,Male,Mass,2024-03-28
CUST05530,47,Female,Mass,2025-09-21
CUST05531,18,Male,Premium,2025-12-05
CUST05532,47,Male,Premium,2022-08-04
CUST05533,62,Female,Mass,2021-01-01
CUST05534,49,Male,Mass,2021-03-20
CUST05535,45,Female,Mass,2024-06-05
CUST05536,38,Male,Premium,2024-09-12
CUST05537,63,Female,Mass,2025-05-01
CUST05538,30,Female,Mass,2022-09-12
CUST05539,44,Female,Mass,2022-05-16
CUST05540,53,Male,Premium,2025-02-07
CUST05541,24,Male,Mass,2024-10-10
CUST05542,39,Male,Mass,2024-02-22
CUST05543,27,Male,Mass,2025-08-11
CUST05544,56,Female,Premium,2023-09-05
CUST05545,70,Male,Mass,2024-12-18
CUST05546,32,Male,Mass,2024-06-29
CUST05547,32,Male,Mass,2025-03-18
CUST05548,21,Female,Mass,2025-10-24
CUST05549,49,Male,Mass,2025-09-21
CUST05550,40,Female,Business,2025-03-11
CUST05551,23,Female,Mass,2022-05-01
CUST05552,41,Female,Mass,2022-04-23
CUST05553,37,Female,Mass,2025-05-26
CUST05554,54,Male,Mass,2021-11-29
CUST05555,37,Female,Mass,2025-06-21
CUST05556,29,Female,Premium,2024-06-09
CUST05557,50,Female,Mass,2025-04-15
CUST05558,45,Female,Business,2021-01-30
CUST05559,25,Male,Mass,2022-12-28
CUST05560,18,Male,Mass,2021-06-22
CUST05561,54,Female,Mass,2023-03-03
CUST05562,39,Female,Mass,2022-04-13
CUST05563,23,Male,Mass,2025-02-08
CUST05564,38,Male,Mass,2022-12-24
CUST05565,49,Male,Mass,2024-09-02
CUST05566,52,Female,Mass,2022-02-01
CUST05567,32,Female,Mass,2021-05-05
CUST05568,22,Female,Mass,2024-01-09
CUST05569,63,Male,Premium,2022-11-27
CUST05570,67,Male,Mass,2022-06-11
CUST05571,65,Male,Mass,2025-03-27
CUST05572,23,Male,Mass,2024-11-20
CUST05573,42,Female,Premium,2024-01-18
CUST05574,63,Male,Mass,2023-10-24
CUST05575,57,Female,Premium,2022-06-20
CUST05576,46,Female,Mass,2022-08-24
CUST05577,24,Female,Mass,2025-03-25
CUST05578,57,Male,Mass,2023-09-15
CUST05579,30,Male,Business,2025-05-01
CUST05580,55,Male,Premium,2022-08-29
CUST05581,35,Female,Premium,2023-12-31
CUST05582,19,Female,Mass,2022-12-01
CUST05583,25,Male,Premium,2021-05-19
CUST05584,28,Male,Mass,2021-01-10
CUST05585,50,Female,Premium,2025-03-19
CUST05586,55,Female,Mass,2025-04-04
CUST05587,65,Other,Premium,2021-05-10
CUST05588,44,Male,Premium,2022-02-05
CUST05589,37,Male,Mass,2024-05-29
CUST05590,29,Male,Mass,2022-10-04
CUST05591,60,Male,Mass,2022-03-13
CUST05592,48,Female,Mass,2024-11-24
CUST05593,44,Male,Mass,2024-02-11
CUST05594,49,Male,Premium,2025-08-01
CUST05595,27,Female,Mass,2025-01-15
CUST05596,20,Male,Mass,2025-04-28
CUST05597,62,Female,Mass,2024-05-26
CUST05598,44,Male,Mass,2021-02-27
CUST05599,52,Female,Mass,2024-02-11
CUST05600,48,Male,Mass,2022-12-01
CUST05601,32,Female,Mass,2024-02-20
CUST05602,33,Male,Mass,2022-02-12
CUST05603,30,Male,Premium,2025-01-23
CUST05604,66,Female,Mass,2024-01-14
CUST05605,52,Male,Business,2025-06-30
CUST05606,69,Male,Premium,2022-02-04
CUST05607,28,Female,Mass,2021-12-22
CUST05608,38,Female,Mass,2021-04-09
CUST05609,68,Male,Mass,2025-03-25
CUST05610,28,Male,Premium,2022-06-02
CUST05611,47,Male,Mass,2021-04-18
CUST05612,65,Male,Premium,2021-06-01
CUST05613,70,Female,Mass,2023-06-25
CUST05614,52,Female,Mass,2023-04-30
CUST05615,39,Male,Mass,2023-01-19
CUST05616,55,Other,Mass,2021-01-27
CUST05617,48,Female,Mass,2021-04-29
CUST05618,31,Female,Mass,2022-12-24
CUST05619,41,Male,Premium,2021-04-10
CUST05620,67,Male,Premium,2021-01-03
CUST05621,66,Female,Mass,2023-03-17
CUST05622,49,Male,Mass,2024-09-14
CUST05623,53,Male,Mass,2025-04-02
CUST05624,49,Male,Premium,2024-02-04
CUST05625,32,Male,Mass,2024-06-07
CUST05626,60,Female,Mass,2021-10-31
CUST05627,52,Female,Mass,2021-06-26
CUST05628,20,Male,Mass,2021-03-25
CUST05629,33,Male,Business,2021-09-20
CUST05630,22,Female,Premium,2024-05-04
CUST05631,38,Male,Mass,2024-06-26
CUST05632,27,Female,Premium,2024-11-06
CUST05633,36,Female,Business,2022-04-03
CUST05634,42,Male,Mass,2025-08-12
CUST05635,21,Female,Premium,2025-10-08
CUST05636,46,Female,Mass,2022-02-13
CUST05637,36,Male,Premium,2024-01-10
CUST05638,60,Male,Mass,2025-09-21
CUST05639,19,Female,Business,2024-12-06
CUST05640,27,Male,Mass,2021-07-25
CUST05641,60,Female,Premium,2023-03-31
CUST05642,42,Female,Mass,2023-10-12
CUST05643,37,Male,Mass,2025-12-10
CUST05644,65,Male,Business,2023-03-13
CUST05645,36,Female,Premium,2023-06-14
CUST05646,40,Male,Mass,2023-05-23
CUST05647,41,Female,Mass,2022-01-23
CUST05648,28,Female,Mass,2023-06-13
CUST05649,63,Female,Mass,2023-02-06
CUST05650,51,Male,Premium,2024-11-23
CUST05651,45,Female,Mass,2023-10-29
CUST05652,22,Female,Mass,2025-07-08
CUST05653,22,Female,Premium,2025-03-21
CUST05654,68,Male,Mass,2022-03-26
CUST05655,38,Female,Mass,2025-02-08
CUST05656,29,Female,Mass,2021-12-08
CUST05657,67,Male,Premium,2024-01-02
CUST05658,21,Other,Premium,2023-05-10
CUST05659,66,Male,Mass,2021-05-01
CUST05660,59,Male,Mass,2021-10-29
CUST05661,37,Female,Mass,2023-08-19
CUST05662,55,Male,Premium,2023-06-03
CUST05663,42,Female,Mass,2023-05-31
CUST05664,31,Female,Mass,2021-08-22
CUST05665,28,Male,Business,2021-03-07
CUST05666,49,Male,Mass,2021-08-18
CUST05667,28,Female,Mass,2023-07-11
CUST05668,35,Female,Mass,2025-04-16
CUST05669,44,Female,Mass,2021-02-20
CUST05670,35,Female,Mass,2022-10-21
CUST05671,40,Male,Premium,2025-06-19
CUST05672,28,Male,Mass,2024-09-14
CUST05673,38,Female,Mass,2022-01-22
CUST05674,61,Female,Mass,2023-11-28
CUST05675,22,Male,Premium,2025-09-30
CUST05676,40,Female,Premium,2023-01-23
CUST05677,58,Female,Mass,2024-04-11
CUST05678,42,Female,Premium,2022-05-08
CUST05679,58,Male,Mass,2025-11-27
CUST05680,27,Female,Mass,2025-01-18
CUST05681,39,Female,Premium,2021-02-10
CUST05682,36,Female,Mass,2023-08-04
CUST05683,18,Female,Business,2024-02-27
CUST05684,24,Female,Mass,2023-12-14
CUST05685,21,Female,Mass,2021-03-27
CUST05686,18,Female,Mass,2025-10-14
CUST05687,32,Male,Mass,2024-07-16
CUST05688,57,Male,Mass,2021-10-23
CUST05689,29,Female,Mass,2023-11-11
CUST05690,39,Male,Mass,2024-05-23
CUST05691,39,Male,Premium,2022-03-01
CUST05692,67,Male,Premium,2021-07-08
CUST05693,64,Male,Mass,2021-06-10
CUST05694,34,Male,Mass,2022-12-14
CUST05695,46,Male,Mass,2025-04-14
CUST05696,63,Female,Mass,2022-01-16
CUST05697,31,Female,Mass,2021-09-01
CUST05698,67,Female,Premium,2021-07-02
CUST05699,37,Male,Mass,2022-06-28
CUST05700,67,Female,Premium,2023-02-18
CUST05701,65,Female,Mass,2023-08-06
CUST05702,50,Female,Premium,2025-04-21
CUST05703,60,Male,Mass,2021-04-03
CUST05704,32,Male,Premium,2022-01-03
CUST05705,29,Female,Mass,2021-06-08
CUST05706,57,Female,Premium,2022-02-02
CUST05707,37,Female,Mass,2024-04-18
CUST05708,47,Female,Mass,2022-03-14
CUST05709,55,Male,Mass,2022-01-08
CUST05710,20,Female,Mass,2021-11-02
CUST05711,45,Male,Mass,2023-09-12
CUST05712,43,Female,Mass,2024-11-03
CUST05713,47,Other,Mass,2024-05-26
CUST05714,30,Female,Mass,2023-09-09
CUST05715,30,Male,Mass,2021-11-25
CUST05716,19,Male,Premium,2021-12-09
CUST05717,54,Female,Premium,2025-10-29
CUST05718,66,Female,Mass,2022-12-25
CUST05719,55,Female,Mass,2024-04-01
CUST05720,19,Female,Premium,2021-06-07
CUST05721,53,Male,Premium,2024-02-08
CUST05722,43,Female,Mass,2025-05-10
CUST05723,28,Female,Premium,2021-12-16
CUST05724,25,Female,Mass,2022-12-27
CUST05725,61,Male,Premium,2021-12-31
CUST05726,57,Female,Mass,2021-01-15
CUST05727,60,Male,Mass,2021-06-02
CUST05728,39,Female,Mass,2022-06-16
CUST05729,37,Female,Mass,2023-08-25
CUST05730,25,Male,Mass,2024-11-24
CUST05731,46,Male,Premium,2023-12-12
CUST05732,57,Female,Mass,2023-05-05
CUST05733,43,Female,Mass,2022-04-14
CUST05734,47,Male,Mass,2024-09-06
CUST05735,34,Male,Mass,2023-05-29
CUST05736,37,Female,Premium,2022-08-19
CUST05737,69,Female,Premium,2022-01-02
CUST05738,33,Male,Mass,2025-02-18
CUST05739,63,Female,Mass,2025-10-26
CUST05740,60,Male,Mass,2022-10-03
CUST05741,24,Male,Business,2023-05-12
CUST05742,33,Male,Mass,2023-06-13
CUST05743,62,Female,Mass,2023-11-06
CUST05744,64,Male,Premium,2024-12-05
CUST05745,65,Female,Premium,2024-07-21
CUST05746,44,Male,Mass,2022-08-12
CUST05747,70,Other,Mass,2024-08-22
CUST05748,40,Female,Mass,2021-04-02
CUST05749,41,Female,Mass,2022-04-03
CUST05750,26,Female,Mass,2024-07-17
CUST05751,52,Female,Mass,2023-12-12
CUST05752,68,Female,Mass,2024-02-19
CUST05753,37,Male,Premium,2023-12-10
CUST05754,54,Male,Mass,2025-02-07
CUST05755,59,Female,Mass,2025-02-24
CUST05756,34,Male,Premium,2025-12-14
CUST05757,64,Male,Premium,2024-11-04
CUST05758,48,Female,Premium,2025-07-14
CUST05759,25,Male,Premium,2022-01-22
CUST05760,32,Female,Mass,2025-06-19
CUST05761,48,Male,Mass,2025-08-12
CUST05762,70,Female,Mass,2024-08-05
CUST05763,47,Female,Business,2025-11-28
CUST05764,63,Female,Mass,2025-01-17
CUST05765,37,Male,Mass,2022-01-06
CUST05766,56,Female,Mass,2021-07-03
CUST05767,70,Female,Premium,2023-02-11
CUST05768,29,Female,Premium,2025-08-13
CUST05769,66,Female,Premium,2021-07-24
CUST05770,34,Male,Mass,2023-08-12
CUST05771,59,Female,Mass,2021-06-21
CUST05772,47,Female,Mass,2023-04-05
CUST05773,46,Male,Mass,2021-08-10
CUST05774,36,Female,Mass,2024-04-06
CUST05775,63,Female,Mass,2024-06-21
CUST05776,28,Female,Mass,2024-05-26
CUST05777,51,Male,Premium,2023-12-16
CUST05778,67,Female,Mass,2025-05-18
CUST05779,24,Other,Premium,2022-09-07
CUST05780,61,Female,Mass,2021-06-16
CUST05781,51,Female,Mass,2025-03-23
CUST05782,37,Female,Mass,2021-05-22
CUST05783,67,Female,Mass,2021-05-05
CUST05784,55,Female,Mass,2021-03-31
CUST05785,41,Male,Premium,2021-11-07
CUST05786,27,Male,Premium,2024-10-26
CUST05787,49,Male,Premium,2023-08-10
CUST05788,69,Male,Mass,2021-08-04
CUST05789,32,Male,Premium,2025-01-04
CUST05790,54,Male,Mass,2025-07-17
CUST05791,37,Female,Business,2024-04-24
CUST05792,20,Male,Mass,2023-06-02
CUST05793,54,Male,Business,2024-03-22
CUST05794,57,Male,Premium,2023-01-31
CUST05795,25,Female,Premium,2025-07-08
CUST05796,57,Male,Mass,2021-04-06
CUST05797,61,Male,Mass,2022-12-11
CUST05798,40,Male,Mass,2024-09-21
CUST05799,57,Female,Mass,2025-03-19
CUST05800,28,Female,Mass,2021-05-29
CUST05801,63,Female,Business,2023-07-17
CUST05802,25,Male,Mass,2025-07-05
CUST05803,46,Female,Mass,2025-04-05
CUST05804,47,Female,Mass,2022-12-16
CUST05805,27,Male,Mass,2023-06-02
CUST05806,56,Male,Mass,2024-11-26
CUST05807,45,Male,Mass,2025-09-14
CUST05808,66,Female,Mass,2024-09-16
CUST05809,53,Male,Premium,2024-06-04
CUST05810,30,Male,Mass,2021-12-24
CUST05811,49,Male,Premium,2022-08-11
CUST05812,53,Female,Business,2021-11-12
CUST05813,54,Female,Mass,2025-10-25
CUST05814,43,Female,Premium,2023-06-04
CUST05815,39,Female,Mass,2023-11-26
CUST05816,21,Female,Mass,2025-03-13
CUST05817,48,Male,Mass,2025-02-10
CUST05818,35,Male,Mass,2024-12-22
CUST05819,55,Female,Business,2022-03-26
CUST05820,41,Other,Mass,2023-04-25
CUST05821,40,Female,Mass,2021-03-31
CUST05822,39,Male,Mass,2022-06-25
CUST05823,19,Male,Mass,2021-06-25
CUST05824,48,Male,Business,2024-12-14
CUST05825,28,Female,Mass,2025-10-22
CUST05826,45,Female,Mass,2022-10-10
CUST05827,63,Female,Mass,2023-06-20
CUST05828,49,Female,Mass,2022-11-18
CUST05829,22,Male,Mass,2025-07-20
CUST05830,55,Male,Mass,2024-04-09
CUST05831,27,Male,Mass,2022-01-29
CUST05832,57,Female,Premium,2024-07-13
CUST05833,63,Male,Mass,2022-05-19
CUST05834,41,Female,Premium,2024-03-03
CUST05835,52,Female,Business,2025-12-13
CUST05836,61,Male,Business,2023-08-14
CUST05837,65,Male,Mass,2023-11-16
CUST05838,40,Male,Business,2024-07-24
CUST05839,34,Female,Premium,2021-04-10
CUST05840,18,Male,Premium,2025-01-05
CUST05841,48,Male,Mass,2022-03-01
CUST05842,48,Female,Mass,2023-11-20
CUST05843,59,Female,Business,2025-07-27
CUST05844,59,Female,Mass,2023-06-25
CUST05845,70,Female,Mass,2022-05-11
CUST05846,51,Female,Mass,2022-10-13
CUST05847,26,Female,Premium,2023-09-25
CUST05848,39,Male,Mass,2024-04-29
CUST05849,30,Male,Premium,2024-04-25
CUST05850,42,Female,Mass,2021-05-20
CUST05851,65,Female,Mass,2021-11-16
CUST05852,35,Female,Mass,2025-11-08
CUST05853,68,Female,Mass,2022-01-04
CUST05854,29,Female,Mass,2021-10-24
CUST05855,57,Male,Mass,2024-05-08
CUST05856,34,Male,Mass,2023-03-07
CUST05857,32,Male,Mass,2024-11-03
CUST05858,59,Female,Mass,2024-01-09
CUST05859,32,Male,Mass,2025-01-10
CUST05860,32,Male,Mass,2022-05-16
CUST05861,56,Male,Mass,2021-09-16
CUST05862,30,Male,Mass,2025-06-25
CUST05863,34,Male,Premium,2025-04-17
CUST05864,49,Male,Mass,2025-12-18
CUST05865,26,Female,Mass,2024-02-19
CUST05866,57,Male,Mass,2023-12-15
CUST05867,37,Male,Mass,2025-02-25
CUST05868,43,Female,Mass,2021-01-18
CUST05869,44,Female,Mass,2024-08-25
CUST05870,38,Male,Premium,2025-07-15
CUST05871,35,Male,Mass,2021-04-20
CUST05872,30,Female,Mass,2021-11-27
CUST05873,33,Male,Mass,2025-05-16
CUST05874,26,Male,Mass,2023-08-04
CUST05875,29,Male,Mass,2024-07-11
CUST05876,61,Male,Business,2021-09-25
CUST05877,55,Female,Mass,2022-03-11
CUST05878,36,Female,Premium,2022-03-26
CUST05879,24,Female,Mass,2021-10-24
CUST05880,52,Female,Premium,2025-07-21
CUST05881,65,Male,Mass,2024-03-06
CUST05882,35,Female,Mass,2025-06-02
CUST05883,33,Male,Mass,2022-12-20
CUST05884,56,Male,Mass,2023-10-18
CUST05885,21,Female,Premium,2024-11-21
CUST05886,42,Female,Mass,2021-07-03
CUST05887,49,Male,Mass,2022-02-16
CUST05888,57,Female,Mass,2025-06-13
CUST05889,30,Male,Mass,2021-11-16
CUST05890,62,Male,Mass,2023-01-11
CUST05891,34,Male,Mass,2025-05-19
CUST05892,66,Female,Mass,2024-09-11
CUST05893,54,Female,Mass,2025-05-10
CUST05894,23,Female,Premium,2023-03-16
CUST05895,36,Male,Premium,2022-02-21
CUST05896,30,Male,Mass,2025-12-22
CUST05897,43,Female,Mass,2023-06-01
CUST05898,31,Male,Mass,2023-03-02
CUST05899,48,Male,Mass,2025-09-20
CUST05900,21,Female,Premium,2025-09-23
CUST05901,56,Female,Mass,2025-12-14
CUST05902,25,Male,Mass,2025-06-19
CUST05903,42,Male,Mass,2021-03-31
CUST05904,30,Male,Business,2023-01-29
CUST05905,49,Female,Premium,2025-01-04
CUST05906,55,Female,Premium,2024-01-04
CUST05907,55,Female,Mass,2022-07-28
CUST05908,45,Male,Mass,2025-10-24
CUST05909,70,Male,Premium,2024-07-14
CUST05910,47,Female,Mass,2023-08-21
CUST05911,20,Other,Mass,2023-07-25
CUST05912,45,Female,Mass,2025-07-15
CUST05913,20,Male,Mass,2024-08-28
CUST05914,62,Female,Mass,2025-02-15
CUST05915,51,Female,Premium,2023-11-18
CUST05916,33,Female,Mass,2024-09-27
CUST05917,39,Female,Premium,2022-03-02
CUST05918,49,Male,Premium,2023-06-02
CUST05919,55,Male,Business,2023-02-25
CUST05920,25,Male,Mass,2022-06-19
CUST05921,25,Female,Mass,2024-12-04
CUST05922,23,Female,Business,2025-06-23
CUST05923,31,Female,Mass,2021-10-12
CUST05924,49,Male,Mass,2022-09-14
CUST05925,52,Female,Mass,2025-10-05
CUST05926,27,Female,Mass,2024-02-04
CUST05927,20,Male,Mass,2022-05-19
CUST05928,29,Female,Mass,2021-02-15
CUST05929,66,Male,Premium,2025-11-28
CUST05930,48,Male,Mass,2025-01-10
CUST05931,46,Male,Premium,2024-03-13
CUST05932,22,Female,Mass,2022-06-21
CUST05933,69,Female,Mass,2021-03-03
CUST05934,42,Male,Business,2025-11-01
CUST05935,58,Female,Mass,2024-01-11
CUST05936,48,Female,Premium,2021-12-02
CUST05937,38,Female,Mass,2021-07-30
CUST05938,37,Male,Premium,2022-02-04
CUST05939,56,Female,Mass,2022-12-10
CUST05940,39,Female,Mass,2021-12-13
CUST05941,21,Male,Mass,2024-05-06
CUST05942,30,Male,Mass,2022-01-12
CUST05943,62,Female,Mass,2024-03-31
CUST05944,59,Male,Premium,2024-05-16
CUST05945,67,Female,Mass,2023-04-01
CUST05946,66,Male,Premium,2023-07-08
CUST05947,37,Female,Mass,2024-12-21
CUST05948,69,Male,Mass,2021-02-13
CUST05949,30,Male,Business,2023-03-11
CUST05950,34,Male,Business,2025-02-23
CUST05951,53,Female,Mass,2024-07-26
CUST05952,50,Female,Premium,2023-02-26
CUST05953,18,Male,Mass,2023-01-03
CUST05954,32,Male,Mass,2023-08-26
CUST05955,30,Female,Mass,2025-12-26
CUST05956,34,Male,Business,2024-03-15
CUST05957,41,Female,Business,2023-12-29
CUST05958,25,Male,Mass,2022-10-14
CUST05959,67,Female,Premium,2022-06-06
CUST05960,44,Female,Premium,2021-04-21
CUST05961,62,Other,Mass,2025-04-22
CUST05962,40,Female,Mass,2025-06-05
CUST05963,63,Male,Mass,2022-08-31
CUST05964,25,Male,Mass,2023-12-15
CUST05965,25,Female,Premium,2025-07-26
CUST05966,43,Female,Mass,2024-05-31
CUST05967,64,Female,Mass,2023-06-15
CUST05968,30,Female,Mass,2025-05-18
CUST05969,56,Female,Premium,2022-06-08
CUST05970,54,Male,Mass,2021-05-26
CUST05971,66,Male,Mass,2021-09-21
CUST05972,45,Male,Mass,2025-04-17
CUST05973,42,Male,Mass,2022-04-13
CUST05974,33,Female,Premium,2025-05-04
CUST05975,19,Male,Mass,2023-05-22
CUST05976,35,Male,Mass,2023-08-17
CUST05977,34,Male,Mass,2024-04-25
CUST05978,47,Male,Mass,2024-09-28
CUST05979,56,Male,Premium,2024-01-28
CUST05980,30,Female,Mass,2022-11-10
CUST05981,49,Male,Premium,2024-08-22
CUST05982,67,Female,Mass,2025-10-15
CUST05983,46,Female,Mass,2024-05-07
CUST05984,63,Female,Premium,2023-01-28
CUST05985,47,Male,Mass,2024-03-23
CUST05986,35,Male,Mass,2023-07-08
CUST05987,30,Male,Business,2024-01-25
CUST05988,60,Male,Premium,2022-07-29
CUST05989,38,Female,Mass,2022-12-07
CUST05990,47,Female,Mass,2023-04-14
CUST05991,38,Female,Mass,2024-10-14
CUST05992,65,Male,Premium,2023-03-25
CUST05993,34,Female,Mass,2022-02-03
CUST05994,57,Male,Business,2025-12-13
CUST05995,36,Female,Mass,2024-10-31
CUST05996,69,Female,Mass,2022-08-25
CUST05997,32,Male,Mass,2021-11-24
CUST05998,26,Male,Mass,2024-07-19
CUST05999,69,Female,Mass,2025-06-09
CUST06000,27,Male,Mass,2024-08-11
CUST06001,61,Male,Premium,2022-01-30
CUST06002,48,Male,Mass,2025-02-04
CUST06003,70,Male,Mass,2022-07-02
CUST06004,40,Female,Premium,2023-11-08
CUST06005,69,Female,Business,2023-07-08
CUST06006,47,Female,Mass,2021-03-18
CUST06007,50,Male,Business,2023-12-09
CUST06008,69,Female,Mass,2025-03-02
CUST06009,26,Female,Mass,2024-12-20
CUST06010,64,Male,Premium,2025-11-07
CUST06011,18,Male,Premium,2025-04-29
CUST06012,61,Female,Premium,2023-10-15
CUST06013,52,Male,Premium,2025-07-03
CUST06014,28,Male,Mass,2021-05-09
CUST06015,51,Male,Mass,2022-06-03
CUST06016,33,Male,Mass,2021-10-31
CUST06017,26,Male,Mass,2024-02-10
CUST06018,49,Male,Mass,2022-12-26
CUST06019,32,Female,Mass,2023-07-01
CUST06020,29,Male,Premium,2023-03-27
CUST06021,50,Female,Premium,2023-09-01
CUST06022,62,Male,Mass,2023-03-30
CUST06023,31,Female,Mass,2021-12-29
CUST06024,25,Female,Premium,2023-12-26
CUST06025,25,Female,Mass,2023-11-21
CUST06026,44,Female,Business,2024-08-11
CUST06027,29,Female,Mass,2025-12-06
CUST06028,18,Female,Mass,2023-03-20
CUST06029,60,Male,Premium,2024-09-04
CUST06030,57,Male,Premium,2023-11-04
CUST06031,59,Female,Mass,2022-07-24
CUST06032,68,Male,Mass,2023-08-28
CUST06033,28,Female,Premium,2024-06-19
CUST06034,56,Female,Mass,2021-12-19
CUST06035,60,Male,Premium,2024-06-25
CUST06036,48,Female,Mass,2022-09-02
CUST06037,34,Male,Mass,2022-04-13
CUST06038,50,Male,Mass,2023-07-13
CUST06039,49,Female,Mass,2022-01-23
CUST06040,46,Male,Mass,2025-08-25
CUST06041,38,Female,Mass,2023-01-29
CUST06042,38,Female,Mass,2022-03-18
CUST06043,57,Male,Mass,2024-09-27
CUST06044,40,Female,Mass,2022-05-31
CUST06045,23,Female,Mass,2025-12-02
CUST06046,39,Male,Business,2023-04-23
CUST06047,67,Male,Mass,2021-02-14
CUST06048,55,Female,Mass,2024-12-13
CUST06049,54,Female,Mass,2022-12-24
CUST06050,62,Male,Premium,2023-01-26
CUST06051,68,Male,Mass,2021-07-22
CUST06052,25,Female,Mass,2025-10-05
CUST06053,58,Female,Mass,2022-06-23
CUST06054,66,Male,Premium,2022-01-21
CUST06055,52,Female,Premium,2022-09-22
CUST06056,68,Male,Mass,2023-08-26
CUST06057,28,Female,Mass,2023-01-08
CUST06058,41,Male,Mass,2021-12-26
CUST06059,66,Male,Mass,2025-01-31
CUST06060,38,Male,Premium,2023-09-10
CUST06061,68,Female,Mass,2021-07-24
CUST06062,19,Female,Mass,2024-06-24
CUST06063,57,Female,Mass,2023-09-18
CUST06064,36,Female,Mass,2023-12-09
CUST06065,56,Male,Mass,2022-01-01
CUST06066,45,Female,Premium,2021-09-10
CUST06067,34,Male,Mass,2021-03-19
CUST06068,23,Female,Mass,2023-02-08
CUST06069,36,Male,Mass,2022-09-24
CUST06070,55,Male,Mass,2023-09-14
CUST06071,45,Female,Mass,2022-02-21
CUST06072,19,Female,Mass,2023-11-25
CUST06073,55,Female,Mass,2025-01-01
CUST06074,54,Female,Business,2021-11-08
CUST06075,68,Male,Mass,2024-03-12
CUST06076,69,Female,Mass,2021-07-16
CUST06077,21,Male,Mass,2023-09-24
CUST06078,39,Female,Mass,2021-09-17
CUST06079,43,Female,Mass,2024-10-21
CUST06080,66,Male,Mass,2022-08-19
CUST06081,60,Male,Mass,2024-04-30
CUST06082,53,Male,Premium,2025-02-19
CUST06083,30,Male,Mass,2022-06-18
CUST06084,69,Male,Mass,2021-01-24
CUST06085,49,Male,Premium,2023-08-01
CUST06086,34,Male,Mass,2024-01-04
CUST06087,58,Female,Mass,2025-07-28
CUST06088,53,Female,Mass,2023-07-12
CUST06089,63,Male,Premium,2024-11-18
CUST06090,36,Male,Mass,2022-11-10
CUST06091,52,Male,Mass,2025-01-21
CUST06092,63,Female,Premium,2021-04-20
CUST06093,57,Female,Mass,2021-03-31
CUST06094,45,Female,Premium,2021-02-06
CUST06095,18,Female,Premium,2023-04-02
CUST06096,59,Female,Mass,2023-09-20
CUST06097,35,Female,Premium,2025-05-06
CUST06098,65,Male,Premium,2022-07-26
CUST06099,57,Female,Premium,2022-08-07
CUST06100,50,Female,Mass,2025-07-22
CUST06101,29,Female,Business,2021-11-03
CUST06102,25,Female,Mass,2021-03-03
CUST06103,41,Male,Premium,2021-11-01
CUST06104,33,Female,Mass,2021-06-28
CUST06105,67,Male,Mass,2022-06-24
CUST06106,21,Male,Mass,2025-11-11
CUST06107,55,Male,Mass,2023-07-21
CUST06108,61,Female,Mass,2025-11-03
CUST06109,44,Female,Mass,2025-08-16
CUST06110,26,Female,Mass,2023-07-21
CUST06111,64,Female,Mass,2023-04-25
CUST06112,33,Male,Mass,2025-01-07
CUST06113,29,Female,Mass,2025-03-23
CUST06114,48,Female,Premium,2025-05-20
CUST06115,41,Female,Mass,2025-07-17
CUST06116,31,Male,Mass,2023-11-26
CUST06117,62,Female,Mass,2023-01-20
CUST06118,42,Female,Premium,2025-02-10
CUST06119,51,Female,Mass,2024-01-02
CUST06120,20,Female,Mass,2023-11-20
CUST06121,41,Female,Mass,2023-01-09
CUST06122,59,Female,Business,2024-08-19
CUST06123,26,Female,Mass,2024-10-02
CUST06124,43,Female,Premium,2023-03-08
CUST06125,37,Male,Mass,2025-03-15
CUST06126,57,Female,Premium,2025-03-21
CUST06127,27,Female,Mass,2023-12-25
CUST06128,36,Female,Mass,2023-01-17
CUST06129,20,Female,Mass,2022-09-19
CUST06130,41,Male,Premium,2022-03-29
CUST06131,22,Male,Mass,2023-04-11
CUST06132,20,Female,Mass,2023-01-28
CUST06133,44,Female,Premium,2023-05-11
CUST06134,33,Male,Mass,2025-04-02
CUST06135,66,Male,Mass,2023-03-30
CUST06136,32,Male,Mass,2024-10-24
CUST06137,52,Male,Mass,2023-11-27
CUST06138,29,Male,Mass,2022-01-16
CUST06139,58,Male,Premium,2024-05-27
CUST06140,70,Male,Mass,2022-10-11
CUST06141,61,Male,Premium,2021-09-03
CUST06142,43,Male,Mass,2025-04-23
CUST06143,64,Female,Mass,2021-09-08
CUST06144,51,Male,Mass,2022-07-19
CUST06145,40,Male,Mass,2023-06-28
CUST06146,48,Male,Mass,2024-10-01
CUST06147,67,Male,Premium,2023-04-01
CUST06148,37,Male,Premium,2022-12-16
CUST06149,29,Male,Mass,2022-04-17
CUST06150,40,Female,Mass,2025-05-04
CUST06151,21,Female,Mass,2021-05-02
CUST06152,40,Female,Premium,2024-09-11
CUST06153,65,Female,Mass,2025-04-01
CUST06154,65,Male,Premium,2023-02-20
CUST06155,18,Female,Mass,2023-01-18
CUST06156,42,Male,Premium,2021-05-01
CUST06157,19,Female,Mass,2021-05-19
CUST06158,47,Male,Mass,2021-03-28
CUST06159,20,Female,Premium,2021-05-10
CUST06160,38,Female,Premium,2021-09-09
CUST06161,42,Male,Mass,2023-02-26
CUST06162,37,Female,Mass,2024-10-15
CUST06163,66,Male,Mass,2024-12-24
CUST06164,69,Female,Mass,2021-02-16
CUST06165,39,Female,Mass,2025-06-03
CUST06166,38,Male,Mass,2022-05-16
CUST06167,50,Male,Business,2022-03-01
CUST06168,69,Male,Mass,2024-10-30
CUST06169,55,Female,Mass,2023-08-23
CUST06170,32,Male,Mass,2023-01-01
CUST06171,63,Female,Mass,2021-04-21
CUST06172,69,Female,Mass,2024-06-04
CUST06173,32,Male,Mass,2025-12-16
CUST06174,63,Other,Mass,2025-11-27
CUST06175,42,Female,Business,2023-11-29
CUST06176,38,Male,Business,2021-05-15
CUST06177,41,Male,Mass,2024-08-11
CUST06178,22,Female,Mass,2022-09-02
CUST06179,23,Male,Premium,2023-11-24
CUST06180,66,Male,Mass,2023-09-14
CUST06181,60,Male,Premium,2022-03-04
CUST06182,65,Female,Premium,2023-12-28
CUST06183,61,Female,Mass,2025-09-23
CUST06184,64,Female,Mass,2021-07-18
CUST06185,40,Male,Premium,2022-07-14
CUST06186,21,Female,Premium,2021-09-16
CUST06187,44,Female,Premium,2022-12-26
CUST06188,35,Male,Mass,2022-11-05
CUST06189,38,Male,Premium,2025-07-07
CUST06190,45,Female,Mass,2021-05-17
CUST06191,52,Female,Mass,2023-07-05
CUST06192,39,Female,Mass,2023-07-25
CUST06193,57,Female,Business,2022-01-16
CUST06194,40,Female,Premium,2025-03-28
CUST06195,20,Male,Premium,2021-08-26
CUST06196,57,Female,Mass,2024-07-31
CUST06197,67,Female,Mass,2022-11-19
CUST06198,27,Other,Premium,2025-10-27
CUST06199,42,Male,Mass,2022-04-03
CUST06200,69,Female,Premium,2025-05-30
CUST06201,66,Female,Mass,2024-03-04
CUST06202,25,Male,Premium,2021-03-23
CUST06203,28,Male,Premium,2022-08-18
CUST06204,22,Female,Mass,2022-10-16
CUST06205,62,Male,Mass,2024-05-17
CUST06206,70,Female,Mass,2025-10-17
CUST06207,54,Female,Premium,2022-02-07
CUST06208,62,Male,Premium,2023-04-02
CUST06209,55,Other,Premium,2025-11-26
CUST06210,46,Female,Mass,2021-07-07
CUST06211,22,Female,Premium,2022-05-08
CUST06212,26,Male,Mass,2025-11-18
CUST06213,65,Female,Mass,2021-09-12
CUST06214,19,Male,Business,2024-09-08
CUST06215,18,Male,Mass,2025-08-25
CUST06216,57,Male,Mass,2022-03-01
CUST06217,68,Male,Mass,2024-12-09
CUST06218,47,Male,Mass,2024-04-05
CUST06219,28,Other,Mass,2025-06-02
CUST06220,45,Female,Mass,2022-04-30
CUST06221,61,Male,Premium,2022-03-12
CUST06222,29,Male,Mass,2025-09-07
CUST06223,56,Female,Mass,2025-04-05
CUST06224,43,Male,Mass,2025-06-20
CUST06225,30,Female,Premium,2025-02-13
CUST06226,25,Female,Mass,2021-06-29
CUST06227,45,Female,Business,2025-06-19
CUST06228,47,Male,Mass,2023-12-31
CUST06229,26,Male,Mass,2025-09-22
CUST06230,56,Male,Mass,2023-06-20
CUST06231,48,Male,Mass,2025-01-04
CUST06232,38,Male,Premium,2022-10-06
CUST06233,64,Female,Mass,2021-05-19
CUST06234,51,Female,Mass,2023-02-26
CUST06235,48,Female,Mass,2021-04-12
CUST06236,69,Female,Mass,2022-04-13
CUST06237,42,Male,Premium,2021-10-10
CUST06238,29,Female,Mass,2023-11-19
CUST06239,18,Male,Mass,2021-01-18
CUST06240,39,Male,Mass,2023-01-26
CUST06241,57,Female,Mass,2022-11-18
CUST06242,54,Female,Premium,2025-03-12
CUST06243,64,Female,Premium,2022-08-24
CUST06244,18,Male,Mass,2023-11-10
CUST06245,18,Male,Mass,2024-09-11
CUST06246,59,Male,Mass,2024-10-11
CUST06247,59,Male,Premium,2022-03-09
CUST06248,38,Male,Mass,2024-11-23
CUST06249,32,Female,Mass,2023-11-08
CUST06250,34,Female,Mass,2025-04-23
CUST06251,39,Male,Mass,2022-01-11
CUST06252,55,Female,Mass,2025-06-13
CUST06253,52,Male,Mass,2024-09-25
CUST06254,62,Female,Mass,2024-03-19
CUST06255,33,Male,Mass,2023-10-08
CUST06256,25,Female,Mass,2022-12-17
CUST06257,64,Female,Mass,2024-06-10
CUST06258,34,Female,Mass,2024-02-02
CUST06259,34,Male,Premium,2023-10-21
CUST06260,43,Female,Mass,2025-07-05
CUST06261,30,Male,Premium,2023-01-07
CUST06262,34,Male,Mass,2021-08-09
CUST06263,55,Male,Mass,2023-11-16
CUST06264,34,Female,Premium,2023-12-24
CUST06265,65,Female,Premium,2021-09-11
CUST06266,31,Male,Mass,2024-06-26
CUST06267,62,Female,Premium,2023-01-06
CUST06268,23,Female,Mass,2023-04-06
CUST06269,52,Female,Mass,2024-02-29
CUST06270,63,Male,Mass,2021-01-30
CUST06271,31,Male,Mass,2023-02-26
CUST06272,64,Female,Mass,2021-01-10
CUST06273,25,Male,Mass,2024-01-18
CUST06274,32,Female,Mass,2022-03-06
CUST06275,44,Male,Mass,2024-03-16
CUST06276,30,Male,Business,2024-02-25
CUST06277,66,Male,Mass,2022-11-29
CUST06278,48,Male,Mass,2021-05-04
CUST06279,70,Female,Premium,2025-07-01
CUST06280,52,Male,Mass,2024-09-26
CUST06281,23,Female,Mass,2025-03-22
CUST06282,22,Male,Mass,2021-02-20
CUST06283,39,Female,Mass,2022-02-02
CUST06284,66,Female,Business,2021-11-10
CUST06285,40,Female,Mass,2022-10-10
CUST06286,42,Female,Mass,2022-05-29
CUST06287,51,Female,Mass,2022-05-17
CUST06288,43,Male,Mass,2022-06-14
CUST06289,64,Female,Mass,2025-11-20
CUST06290,22,Female,Premium,2022-11-28
CUST06291,43,Female,Premium,2023-01-04
CUST06292,37,Female,Premium,2025-10-30
CUST06293,23,Female,Mass,2023-05-10
CUST06294,23,Male,Mass,2022-02-23
CUST06295,67,Female,Business,2021-07-13
CUST06296,35,Male,Mass,2021-11-08
CUST06297,21,Male,Business,2023-09-23
CUST06298,34,Female,Premium,2022-12-23
CUST06299,31,Male,Premium,2024-08-15
CUST06300,31,Male,Mass,2024-09-14
CUST06301,30,Female,Mass,2022-04-21
CUST06302,24,Female,Mass,2022-08-07
CUST06303,61,Female,Premium,2021-04-27
CUST06304,32,Female,Mass,2021-09-21
CUST06305,36,Female,Premium,2025-03-21
CUST06306,60,Male,Mass,2025-12-10
CUST06307,64,Female,Mass,2025-03-23
CUST06308,61,Male,Premium,2021-01-21
CUST06309,52,Male,Mass,2022-04-22
CUST06310,34,Female,Mass,2022-07-03
CUST06311,52,Female,Mass,2024-04-11
CUST06312,36,Male,Mass,2023-08-06
CUST06313,37,Male,Mass,2023-10-18
CUST06314,53,Female,Mass,2023-12-22
CUST06315,52,Female,Mass,2021-07-25
CUST06316,49,Female,Premium,2025-06-25
CUST06317,65,Male,Premium,2022-09-23
CUST06318,61,Female,Mass,2021-06-28
CUST06319,57,Male,Mass,2025-07-26
CUST06320,41,Male,Mass,2023-06-07
CUST06321,34,Female,Premium,2021-12-08
CUST06322,24,Female,Mass,2022-03-16
CUST06323,60,Male,Business,2024-01-04
CUST06324,67,Male,Mass,2021-10-17
CUST06325,18,Female,Premium,2022-07-11
CUST06326,52,Male,Mass,2024-03-13
CUST06327,49,Male,Premium,2022-10-11
CUST06328,53,Male,Mass,2021-07-27
CUST06329,30,Male,Mass,2025-11-02
CUST06330,23,Male,Mass,2021-09-29
CUST06331,31,Female,Premium,2025-06-19
CUST06332,54,Female,Mass,2022-02-19
CUST06333,65,Female,Mass,2024-11-21
CUST06334,32,Female,Mass,2022-01-19
CUST06335,64,Female,Mass,2024-07-08
CUST06336,21,Female,Mass,2023-06-10
CUST06337,57,Female,Business,2025-07-21
CUST06338,33,Male,Mass,2024-04-05
CUST06339,45,Female,Premium,2023-11-08
CUST06340,33,Male,Mass,2022-10-22
CUST06341,21,Female,Premium,2021-09-04
CUST06342,62,Female,Business,2025-07-24
CUST06343,43,Female,Mass,2024-08-12
CUST06344,45,Female,Mass,2022-02-18
CUST06345,49,Male,Mass,2025-12-07
CUST06346,62,Male,Mass,2024-09-05
CUST06347,19,Male,Mass,2025-04-27
CUST06348,48,Male,Mass,2022-12-16
CUST06349,20,Male,Premium,2025-09-13
CUST06350,25,Male,Mass,2021-06-30
CUST06351,41,Male,Mass,2024-08-12
CUST06352,32,Female,Business,2025-08-07
CUST06353,60,Male,Mass,2023-08-02
CUST06354,48,Male,Mass,2023-06-12
CUST06355,26,Male,Premium,2021-03-02
CUST06356,56,Female,Mass,2024-05-17
CUST06357,62,Male,Mass,2021-06-15
CUST06358,19,Female,Premium,2023-10-06
CUST06359,25,Male,Mass,2024-08-16
CUST06360,24,Female,Mass,2022-10-17
CUST06361,61,Female,Mass,2021-12-17
CUST06362,68,Male,Mass,2023-12-21
CUST06363,56,Male,Mass,2021-09-20
CUST06364,59,Male,Premium,2021-05-04
CUST06365,33,Female,Mass,2024-06-15
CUST06366,52,Male,Premium,2025-04-15
CUST06367,47,Female,Premium,2023-07-21
CUST06368,27,Female,Mass,2025-11-26
CUST06369,55,Female,Mass,2024-01-19
CUST06370,35,Male,Premium,2021-05-19
CUST06371,67,Male,Mass,2024-10-17
CUST06372,22,Female,Mass,2024-12-07
CUST06373,70,Female,Mass,2023-05-10
CUST06374,46,Female,Mass,2025-10-09
CUST06375,56,Female,Mass,2024-01-22
CUST06376,51,Female,Mass,2021-05-14
CUST06377,60,Female,Mass,2024-05-12
CUST06378,62,Female,Mass,2023-03-30
CUST06379,40,Male,Mass,2025-07-04
CUST06380,22,Female,Premium,2023-11-28
CUST06381,47,Male,Mass,2023-10-15
CUST06382,23,Male,Mass,2022-04-02
CUST06383,63,Female,Mass,2025-04-07
CUST06384,61,Male,Mass,2025-10-27
CUST06385,21,Male,Mass,2022-03-14
CUST06386,46,Male,Business,2022-11-11
CUST06387,40,Female,Premium,2022-10-09
CUST06388,23,Female,Business,2022-09-14
CUST06389,49,Female,Premium,2024-06-01
CUST06390,59,Male,Mass,2024-04-06
CUST06391,35,Male,Mass,2024-02-05
CUST06392,32,Male,Premium,2024-11-04
CUST06393,57,Male,Mass,2021-01-24
CUST06394,49,Female,Mass,2025-03-15
CUST06395,26,Male,Mass,2023-03-20
CUST06396,54,Male,Mass,2024-08-23
CUST06397,27,Male,Premium,2023-07-24
CUST06398,37,Male,Premium,2024-10-13
CUST06399,23,Male,Business,2022-01-05
CUST06400,65,Female,Mass,2023-09-24
CUST06401,20,Female,Premium,2025-10-13
CUST06402,59,Female,Mass,2021-06-20
CUST06403,28,Female,Mass,2025-05-24
CUST06404,60,Male,Premium,2021-08-10
CUST06405,34,Female,Premium,2022-03-19
CUST06406,49,Female,Mass,2024-03-22
CUST06407,21,Male,Mass,2023-05-12
CUST06408,21,Female,Premium,2022-01-11
CUST06409,34,Female,Premium,2021-10-08
CUST06410,58,Male,Mass,2022-12-14
CUST06411,36,Female,Premium,2024-05-27
CUST06412,22,Female,Mass,2023-08-16
CUST06413,49,Female,Mass,2025-06-28
CUST06414,39,Female,Premium,2023-03-22
CUST06415,23,Male,Mass,2023-04-07
CUST06416,52,Male,Mass,2022-05-01
CUST06417,39,Female,Premium,2025-03-14
CUST06418,18,Female,Premium,2021-12-01
CUST06419,37,Female,Mass,2023-01-12
CUST06420,39,Male,Business,2022-02-14
CUST06421,65,Male,Mass,2021-02-23
CUST06422,28,Male,Business,2022-12-02
CUST06423,30,Male,Premium,2025-10-24
CUST06424,59,Male,Mass,2024-01-04
CUST06425,20,Male,Mass,2021-12-15
CUST06426,26,Male,Mass,2023-09-02
CUST06427,29,Male,Mass,2025-09-04
CUST06428,40,Male,Mass,2022-01-28
CUST06429,31,Other,Mass,2022-07-08
CUST06430,50,Female,Mass,2024-03-26
CUST06431,35,Male,Premium,2023-04-27
CUST06432,66,Female,Mass,2021-03-22
CUST06433,58,Female,Mass,2024-05-16
CUST06434,26,Female,Mass,2023-04-06
CUST06435,40,Male,Premium,2024-01-15
CUST06436,27,Male,Mass,2023-01-14
CUST06437,36,Female,Premium,2025-01-10
CUST06438,64,Male,Mass,2021-06-26
CUST06439,22,Female,Mass,2022-05-26
CUST06440,64,Female,Mass,2025-07-01
CUST06441,69,Other,Mass,2021-05-19
CUST06442,40,Male,Mass,2024-01-31
CUST06443,47,Male,Mass,2022-04-18
CUST06444,42,Male,Mass,2022-06-26
CUST06445,45,Female,Premium,2021-07-13
CUST06446,51,Male,Mass,2025-11-15
CUST06447,62,Female,Mass,2022-05-01
CUST06448,65,Male,Business,2024-08-30
CUST06449,64,Male,Mass,2025-09-17
CUST06450,42,Male,Mass,2023-03-16
CUST06451,27,Female,Business,2021-09-04
CUST06452,31,Female,Business,2022-09-22
CUST06453,59,Male,Mass,2022-03-14
CUST06454,63,Female,Mass,2021-03-14
CUST06455,47,Female,Mass,2023-12-29
CUST06456,58,Female,Premium,2023-01-24
CUST06457,42,Female,Business,2024-03-21
CUST06458,31,Male,Mass,2023-04-11
CUST06459,52,Male,Premium,2021-04-04
CUST06460,69,Female,Mass,2022-03-11
CUST06461,65,Male,Mass,2025-12-12
CUST06462,51,Male,Premium,2024-12-25
CUST06463,27,Male,Mass,2022-04-02
CUST06464,52,Female,Mass,2024-12-24
CUST06465,28,Male,Business,2021-08-17
CUST06466,28,Female,Mass,2021-01-30
CUST06467,38,Male,Mass,2025-07-07
CUST06468,38,Other,Premium,2021-12-01
CUST06469,39,Male,Business,2022-10-22
CUST06470,62,Female,Premium,2022-07-23
CUST06471,24,Female,Mass,2021-06-26
CUST06472,34,Female,Mass,2023-04-04
CUST06473,19,Male,Mass,2022-07-22
CUST06474,29,Female,Mass,2022-02-13
CUST06475,59,Male,Business,2023-02-16
CUST06476,35,Male,Premium,2024-06-14
CUST06477,28,Female,Mass,2024-07-25
CUST06478,33,Female,Mass,2021-03-18
CUST06479,66,Female,Premium,2023-07-22
CUST06480,68,Female,Premium,2022-09-28
CUST06481,35,Male,Mass,2022-06-24
CUST06482,52,Female,Mass,2025-08-05
CUST06483,70,Male,Mass,2024-03-27
CUST06484,43,Female,Premium,2024-04-05
CUST06485,33,Female,Mass,2024-04-23
CUST06486,23,Female,Premium,2024-11-13
CUST06487,61,Male,Mass,2021-01-12
CUST06488,60,Female,Mass,2021-06-18
CUST06489,64,Male,Mass,2023-04-11
CUST06490,64,Male,Business,2024-12-20
CUST06491,65,Male,Business,2022-03-25
CUST06492,59,Female,Premium,2025-02-26
CUST06493,29,Male,Business,2022-03-25
CUST06494,30,Male,Mass,2024-02-04
CUST06495,21,Male,Mass,2025-11-25
CUST06496,56,Male,Premium,2022-03-03
CUST06497,19,Female,Mass,2023-08-14
CUST06498,43,Female,Mass,2023-07-05
CUST06499,44,Male,Mass,2024-01-27
CUST06500,44,Female,Mass,2022-09-23
CUST06501,32,Female,Mass,2021-08-14
CUST06502,25,Female,Mass,2022-03-23
CUST06503,24,Female,Mass,2025-08-15
CUST06504,64,Male,Premium,2025-02-08
CUST06505,63,Male,Premium,2021-07-22
CUST06506,57,Male,Mass,2023-08-26
CUST06507,29,Male,Mass,2022-11-06
CUST06508,30,Female,Mass,2024-08-13
CUST06509,60,Female,Premium,2022-09-26
CUST06510,34,Male,Premium,2021-01-16
CUST06511,34,Male,Mass,2024-11-02
CUST06512,53,Female,Business,2024-09-21
CUST06513,38,Female,Mass,2022-09-10
CUST06514,25,Female,Mass,2025-12-03
CUST06515,22,Male,Mass,2023-11-10
CUST06516,43,Female,Mass,2022-03-16
CUST06517,33,Male,Business,2024-06-21
CUST06518,53,Male,Mass,2024-06-21
CUST06519,45,Male,Mass,2023-08-29
CUST06520,46,Female,Mass,2022-01-27
CUST06521,64,Female,Mass,2022-12-25
CUST06522,29,Female,Mass,2023-01-06
CUST06523,54,Female,Mass,2024-07-09
CUST06524,47,Male,Mass,2021-08-08
CUST06525,40,Male,Mass,2023-10-29
CUST06526,33,Male,Premium,2022-03-22
CUST06527,31,Female,Premium,2021-01-14
CUST06528,27,Female,Mass,2022-01-22
CUST06529,24,Other,Mass,2022-10-04
CUST06530,62,Female,Premium,2023-11-12
CUST06531,69,Female,Mass,2021-08-13
CUST06532,54,Female,Mass,2021-08-23
CUST06533,46,Female,Mass,2024-09-26
CUST06534,20,Female,Premium,2023-09-27
CUST06535,32,Female,Mass,2022-12-12
CUST06536,53,Female,Mass,2024-03-03
CUST06537,64,Female,Mass,2024-04-16
CUST06538,63,Male,Premium,2025-04-29
CUST06539,69,Male,Mass,2025-03-24
CUST06540,36,Male,Mass,2023-03-03
CUST06541,30,Male,Mass,2025-04-12
CUST06542,59,Female,Mass,2022-03-13
CUST06543,38,Male,Mass,2023-12-11
CUST06544,54,Male,Mass,2025-01-06
CUST06545,44,Male,Mass,2022-08-04
CUST06546,69,Female,Mass,2024-07-28
CUST06547,46,Male,Mass,2023-12-04
CUST06548,37,Male,Premium,2022-11-18
CUST06549,42,Male,Mass,2025-07-13
CUST06550,23,Male,Premium,2021-12-31
CUST06551,53,Female,Business,2021-09-26
CUST06552,19,Male,Mass,2025-09-13
CUST06553,39,Female,Business,2025-05-08
CUST06554,49,Female,Mass,2024-08-09
CUST06555,33,Female,Premium,2025-09-23
CUST06556,35,Male,Mass,2024-05-02
CUST06557,22,Male,Mass,2024-10-26
CUST06558,53,Male,Mass,2025-04-25
CUST06559,47,Male,Mass,2021-03-19
CUST06560,62,Female,Premium,2021-07-08
CUST06561,36,Male,Mass,2025-06-19
CUST06562,40,Male,Mass,2024-11-14
CUST06563,51,Female,Business,2023-11-15
CUST06564,30,Female,Business,2025-06-27
CUST06565,60,Male,Business,2024-08-18
CUST06566,46,Male,Premium,2022-11-02
CUST06567,53,Male,Mass,2021-12-24
CUST06568,39,Female,Mass,2025-10-10
CUST06569,69,Female,Mass,2023-08-17
CUST06570,69,Female,Business,2024-01-23
CUST06571,64,Female,Mass,2025-04-24
CUST06572,53,Female,Mass,2021-12-02
CUST06573,26,Male,Mass,2024-04-02
CUST06574,56,Male,Mass,2023-06-22
CUST06575,68,Female,Mass,2021-12-07
CUST06576,36,Female,Mass,2023-04-14
CUST06577,55,Male,Mass,2022-07-21
CUST06578,23,Female,Mass,2021-03-13
CUST06579,69,Female,Premium,2023-12-02
CUST06580,64,Male,Premium,2022-02-15
CUST06581,32,Female,Mass,2023-06-17
CUST06582,37,Male,Premium,2023-04-18
CUST06583,26,Male,Premium,2022-10-06
CUST06584,49,Male,Mass,2021-01-21
CUST06585,21,Female,Premium,2023-10-22
CUST06586,67,Female,Premium,2022-11-09
CUST06587,35,Male,Mass,2025-05-15
CUST06588,22,Female,Mass,2024-01-05
CUST06589,37,Female,Mass,2022-08-26
CUST06590,40,Female,Premium,2024-11-22
CUST06591,28,Male,Mass,2025-10-09
CUST06592,54,Female,Mass,2021-03-29
CUST06593,39,Male,Mass,2025-06-06
CUST06594,21,Male,Mass,2021-01-17
CUST06595,46,Male,Mass,2024-09-14
CUST06596,61,Male,Mass,2023-08-01
CUST06597,51,Female,Premium,2024-05-18
CUST06598,30,Male,Premium,2023-04-04
CUST06599,59,Male,Mass,2022-01-18
CUST06600,26,Female,Mass,2025-05-08
CUST06601,59,Female,Premium,2022-10-02
CUST06602,48,Female,Premium,2024-03-15
CUST06603,24,Male,Premium,2022-03-29
CUST06604,21,Female,Mass,2023-03-27
CUST06605,36,Male,Business,2024-11-17
CUST06606,59,Other,Premium,2021-11-06
CUST06607,47,Female,Mass,2023-07-20
CUST06608,48,Female,Mass,2022-05-07
CUST06609,52,Male,Mass,2023-01-30
CUST06610,38,Male,Premium,2024-12-24
CUST06611,48,Male,Mass,2021-01-01
CUST06612,36,Male,Mass,2021-02-10
CUST06613,48,Male,Mass,2025-05-28
CUST06614,70,Female,Mass,2022-11-03
CUST06615,49,Male,Mass,2021-07-31
CUST06616,19,Female,Mass,2024-09-18
CUST06617,69,Male,Mass,2025-08-02
CUST06618,27,Male,Mass,2025-01-09
CUST06619,19,Female,Mass,2021-10-31
CUST06620,19,Female,Mass,2025-04-28
CUST06621,41,Male,Mass,2022-11-22
CUST06622,34,Male,Mass,2025-09-21
CUST06623,49,Female,Mass,2025-11-17
CUST06624,33,Male,Premium,2024-03-23
CUST06625,33,Male,Mass,2022-09-08
CUST06626,63,Female,Premium,2022-06-07
CUST06627,56,Male,Mass,2021-01-25
CUST06628,70,Male,Mass,2023-03-19
CUST06629,48,Female,Premium,2021-01-25
CUST06630,60,Female,Mass,2022-08-19
CUST06631,41,Male,Business,2024-02-04
CUST06632,18,Female,Mass,2025-11-12
CUST06633,28,Male,Mass,2024-02-17
CUST06634,38,Female,Mass,2021-04-18
CUST06635,21,Female,Premium,2024-09-15
CUST06636,24,Male,Business,2021-06-29
CUST06637,43,Male,Mass,2023-05-31
CUST06638,64,Male,Mass,2021-05-11
CUST06639,67,Female,Mass,2022-08-26
CUST06640,29,Female,Premium,2023-01-23
CUST06641,48,Male,Mass,2023-01-29
CUST06642,34,Male,Mass,2021-06-17
CUST06643,50,Male,Mass,2021-08-11
CUST06644,28,Male,Premium,2022-04-14
CUST06645,45,Male,Mass,2021-10-05
CUST06646,49,Female,Premium,2021-07-09
CUST06647,18,Female,Premium,2022-06-15
CUST06648,64,Female,Mass,2025-03-30
CUST06649,45,Female,Mass,2025-11-14
CUST06650,70,Female,Mass,2022-09-13
CUST06651,59,Female,Mass,2024-04-28
CUST06652,24,Female,Mass,2021-08-06
CUST06653,19,Male,Premium,2024-08-15
CUST06654,59,Male,Business,2024-08-27
CUST06655,41,Male,Business,2021-08-24
CUST06656,21,Female,Premium,2021-06-17
CUST06657,61,Female,Mass,2023-02-19
CUST06658,36,Male,Mass,2021-07-12
CUST06659,43,Female,Mass,2021-08-30
CUST06660,28,Female,Mass,2024-03-31
CUST06661,57,Male,Mass,2024-09-24
CUST06662,67,Male,Mass,2023-03-02
CUST06663,60,Male,Premium,2022-03-31
CUST06664,28,Male,Business,2024-03-04
CUST06665,62,Female,Business,2021-07-12
CUST06666,20,Female,Mass,2024-11-26
CUST06667,29,Female,Premium,2022-01-27
CUST06668,20,Female,Mass,2022-08-24
CUST06669,59,Female,Mass,2023-12-02
CUST06670,44,Female,Mass,2021-04-03
CUST06671,66,Female,Mass,2024-05-23
CUST06672,19,Female,Business,2021-12-15
CUST06673,66,Female,Mass,2022-05-28
CUST06674,33,Male,Mass,2024-09-20
CUST06675,19,Female,Mass,2024-11-23
CUST06676,47,Male,Premium,2023-07-13
CUST06677,37,Female,Mass,2024-04-02
CUST06678,55,Male,Premium,2021-04-16
CUST06679,45,Male,Premium,2024-06-09
CUST06680,42,Female,Mass,2023-09-19
CUST06681,49,Male,Mass,2025-05-01
CUST06682,27,Male,Mass,2022-12-18
CUST06683,59,Male,Mass,2025-04-06
CUST06684,57,Female,Business,2024-04-15
CUST06685,50,Female,Premium,2025-08-30
CUST06686,30,Female,Mass,2024-08-10
CUST06687,58,Female,Mass,2024-07-12
CUST06688,59,Male,Mass,2023-02-27
CUST06689,64,Male,Premium,2025-03-24
CUST06690,54,Male,Mass,2024-07-17
CUST06691,33,Female,Premium,2024-05-20
CUST06692,62,Female,Business,2024-04-01
CUST06693,39,Male,Mass,2023-04-03
CUST06694,37,Male,Mass,2025-04-30
CUST06695,67,Male,Premium,2023-07-06
CUST06696,60,Female,Mass,2025-11-04
CUST06697,44,Male,Mass,2023-12-13
CUST06698,58,Male,Mass,2024-06-10
CUST06699,33,Male,Mass,2025-01-01
CUST06700,51,Female,Mass,2023-05-04
CUST06701,49,Female,Mass,2022-11-14
CUST06702,43,Male,Mass,2023-10-20
CUST06703,42,Female,Premium,2025-03-22
CUST06704,19,Female,Mass,2023-08-09
CUST06705,29,Female,Mass,2021-02-13
CUST06706,57,Male,Premium,2022-08-26
CUST06707,26,Female,Premium,2025-09-28
CUST06708,29,Female,Mass,2025-03-20
CUST06709,43,Male,Mass,2022-09-25
CUST06710,26,Female,Mass,2025-05-18
CUST06711,27,Male,Mass,2021-04-02
CUST06712,49,Male,Mass,2023-01-29
CUST06713,51,Male,Mass,2023-01-01
CUST06714,65,Male,Mass,2023-08-12
CUST06715,37,Male,Premium,2025-01-01
CUST06716,56,Male,Mass,2021-12-03
CUST06717,19,Female,Premium,2025-11-02
CUST06718,18,Female,Mass,2024-08-10
CUST06719,68,Male,Mass,2022-12-01
CUST06720,53,Female,Business,2023-07-14
CUST06721,41,Female,Mass,2022-11-11
CUST06722,44,Male,Mass,2023-08-25
CUST06723,19,Male,Mass,2021-09-21
CUST06724,48,Female,Mass,2021-04-15
CUST06725,31,Female,Mass,2021-08-12
CUST06726,19,Male,Mass,2024-12-13
CUST06727,46,Male,Business,2023-09-05
CUST06728,32,Female,Mass,2021-04-25
CUST06729,29,Other,Premium,2023-06-10
CUST06730,54,Male,Mass,2024-06-12
CUST06731,45,Other,Mass,2025-12-13
CUST06732,37,Male,Mass,2024-07-21
CUST06733,56,Male,Mass,2024-06-07
CUST06734,41,Male,Mass,2022-12-30
CUST06735,38,Female,Mass,2021-02-03
CUST06736,27,Male,Premium,2024-11-12
CUST06737,63,Male,Mass,2025-09-29
CUST06738,31,Female,Mass,2025-03-05
CUST06739,54,Other,Mass,2023-06-14
CUST06740,35,Male,Business,2022-04-07
CUST06741,41,Male,Mass,2022-03-25
CUST06742,31,Female,Mass,2023-04-09
CUST06743,51,Female,Mass,2024-05-22
CUST06744,29,Male,Mass,2023-12-06
CUST06745,39,Female,Mass,2022-02-09
CUST06746,23,Male,Mass,2021-11-29
CUST06747,53,Female,Mass,2021-08-28
CUST06748,62,Male,Mass,2024-07-01
CUST06749,53,Female,Premium,2021-08-16
CUST06750,39,Male,Mass,2023-01-03
CUST06751,31,Female,Mass,2023-06-10
CUST06752,33,Female,Mass,2021-06-15
CUST06753,53,Male,Mass,2022-08-08
CUST06754,42,Female,Mass,2023-01-07
CUST06755,49,Male,Mass,2025-03-15
CUST06756,50,Female,Mass,2022-08-21
CUST06757,62,Female,Mass,2022-08-16
CUST06758,53,Female,Premium,2022-12-28
CUST06759,37,Female,Mass,2025-08-27
CUST06760,35,Female,Mass,2024-11-14
CUST06761,55,Male,Mass,2025-11-11
CUST06762,20,Male,Mass,2024-12-17
CUST06763,40,Female,Mass,2023-07-14
CUST06764,49,Female,Mass,2024-12-05
CUST06765,62,Female,Mass,2025-05-24
CUST06766,33,Female,Mass,2022-10-11
CUST06767,22,Male,Mass,2025-08-15
CUST06768,21,Male,Premium,2022-03-23
CUST06769,38,Male,Mass,2024-11-27
CUST06770,57,Female,Mass,2021-04-07
CUST06771,68,Male,Mass,2022-01-14
CUST06772,31,Male,Mass,2022-11-01
CUST06773,56,Female,Mass,2024-04-24
CUST06774,48,Female,Mass,2025-08-31
CUST06775,31,Female,Mass,2024-06-21
CUST06776,23,Female,Mass,2022-09-23
CUST06777,29,Female,Mass,2022-12-09
CUST06778,33,Male,Mass,2022-05-18
CUST06779,34,Female,Mass,2021-10-15
CUST06780,62,Male,Business,2022-01-04
CUST06781,40,Female,Mass,2021-03-06
CUST06782,31,Female,Mass,2021-06-11
CUST06783,24,Female,Mass,2022-08-20
CUST06784,63,Male,Mass,2023-07-16
CUST06785,49,Male,Premium,2022-07-25
CUST06786,32,Female,Mass,2023-09-01
CUST06787,61,Male,Mass,2025-12-23
CUST06788,34,Female,Mass,2022-10-24
CUST06789,58,Female,Mass,2024-12-12
CUST06790,64,Female,Mass,2022-04-26
CUST06791,61,Female,Mass,2025-07-15
CUST06792,51,Female,Mass,2021-09-26
CUST06793,22,Male,Mass,2025-11-26
CUST06794,62,Male,Mass,2023-01-06
CUST06795,44,Female,Business,2022-07-21
CUST06796,69,Female,Mass,2025-07-30
CUST06797,40,Female,Mass,2024-04-28
CUST06798,57,Female,Premium,2022-02-10
CUST06799,31,Male,Business,2023-02-04
CUST06800,32,Male,Mass,2025-02-21
CUST06801,60,Male,Mass,2024-08-28
CUST06802,50,Female,Mass,2025-06-08
CUST06803,70,Male,Mass,2023-05-16
CUST06804,48,Male,Premium,2025-09-09
CUST06805,52,Female,Premium,2024-01-23
CUST06806,34,Male,Mass,2022-01-25
CUST06807,45,Female,Premium,2022-07-01
CUST06808,36,Male,Mass,2024-12-05
CUST06809,63,Male,Business,2024-05-20
CUST06810,40,Male,Business,2025-07-20
CUST06811,49,Female,Mass,2024-10-24
CUST06812,57,Male,Mass,2023-01-12
CUST06813,30,Male,Mass,2024-04-06
CUST06814,37,Male,Business,2023-11-04
CUST06815,52,Male,Business,2022-08-09
CUST06816,22,Female,Mass,2025-05-07
CUST06817,26,Male,Mass,2023-05-24
CUST06818,46,Female,Mass,2024-05-15
CUST06819,23,Male,Premium,2021-02-12
CUST06820,42,Female,Mass,2023-05-30
CUST06821,48,Female,Mass,2025-01-05
CUST06822,39,Female,Mass,2025-03-19
CUST06823,19,Female,Premium,2023-06-30
CUST06824,62,Male,Premium,2022-08-30
CUST06825,22,Female,Mass,2024-11-19
CUST06826,44,Male,Mass,2021-08-26
CUST06827,42,Male,Mass,2025-08-30
CUST06828,25,Female,Premium,2025-04-04
CUST06829,18,Male,Mass,2022-12-20
CUST06830,37,Female,Mass,2023-01-12
CUST06831,61,Male,Mass,2022-02-08
CUST06832,40,Female,Mass,2021-08-02
CUST06833,49,Female,Mass,2025-05-11
CUST06834,28,Female,Mass,2023-04-26
CUST06835,56,Female,Mass,2024-10-29
CUST06836,64,Female,Mass,2021-05-12
CUST06837,41,Female,Mass,2021-01-09
CUST06838,28,Male,Mass,2025-11-02
CUST06839,46,Female,Mass,2021-06-02
CUST06840,43,Male,Mass,2022-03-07
CUST06841,33,Male,Mass,2022-04-28
CUST06842,52,Male,Premium,2021-11-01
CUST06843,37,Male,Mass,2021-10-11
CUST06844,63,Female,Mass,2022-04-17
CUST06845,20,Female,Mass,2023-09-20
CUST06846,18,Female,Premium,2021-07-09
CUST06847,70,Female,Mass,2025-04-01
CUST06848,64,Male,Mass,2022-05-27
CUST06849,18,Male,Mass,2021-12-09
CUST06850,34,Male,Mass,2024-12-24
CUST06851,19,Female,Premium,2022-12-16
CUST06852,46,Male,Mass,2025-09-06
CUST06853,37,Female,Premium,2022-11-11
CUST06854,23,Female,Mass,2023-11-24
CUST06855,25,Female,Business,2022-04-16
CUST06856,46,Female,Mass,2024-11-18
CUST06857,65,Female,Premium,2023-01-11
CUST06858,68,Male,Mass,2025-02-27
CUST06859,50,Male,Mass,2022-05-28
CUST06860,20,Female,Mass,2024-09-07
CUST06861,52,Female,Premium,2024-02-13
CUST06862,22,Female,Mass,2024-05-22
CUST06863,44,Male,Mass,2025-11-25
CUST06864,61,Female,Mass,2021-05-25
CUST06865,29,Male,Business,2022-07-13
CUST06866,37,Male,Mass,2023-03-03
CUST06867,62,Male,Mass,2024-04-16
CUST06868,37,Male,Business,2025-10-15
CUST06869,26,Male,Premium,2021-12-26
CUST06870,56,Male,Mass,2021-10-12
CUST06871,21,Female,Premium,2024-06-22
CUST06872,68,Female,Mass,2023-02-04
CUST06873,36,Female,Mass,2024-05-14
CUST06874,55,Male,Premium,2022-08-07
CUST06875,44,Female,Premium,2025-10-24
CUST06876,62,Male,Mass,2024-09-27
CUST06877,60,Male,Mass,2022-12-28
CUST06878,30,Female,Mass,2024-10-15
CUST06879,30,Male,Premium,2025-03-03
CUST06880,39,Female,Business,2024-03-10
CUST06881,45,Female,Mass,2023-08-18
CUST06882,69,Female,Premium,2025-08-19
CUST06883,64,Female,Mass,2024-05-30
CUST06884,70,Female,Mass,2024-11-13
CUST06885,62,Male,Mass,2024-09-15
CUST06886,39,Female,Mass,2023-01-13
CUST06887,60,Male,Mass,2024-11-17
CUST06888,36,Female,Premium,2022-10-16
CUST06889,25,Female,Mass,2021-12-24
CUST06890,69,Male,Mass,2024-11-18
CUST06891,25,Female,Premium,2022-08-10
CUST06892,59,Male,Mass,2021-02-09
CUST06893,43,Male,Mass,2023-06-21
CUST06894,65,Female,Mass,2021-09-30
CUST06895,68,Male,Premium,2024-12-14
CUST06896,43,Male,Mass,2023-12-30
CUST06897,40,Male,Mass,2023-04-09
CUST06898,60,Female,Mass,2022-09-15
CUST06899,30,Male,Business,2022-04-03
CUST06900,45,Male,Mass,2021-08-22
CUST06901,26,Female,Mass,2021-07-16
CUST06902,37,Male,Mass,2025-10-01
CUST06903,36,Male,Mass,2025-03-13
CUST06904,65,Female,Mass,2022-06-20
CUST06905,56,Female,Business,2023-07-27
CUST06906,68,Female,Mass,2021-05-27
CUST06907,29,Male,Premium,2022-07-28
CUST06908,32,Female,Premium,2025-01-22
CUST06909,48,Female,Mass,2023-12-27
CUST06910,31,Male,Mass,2021-01-30
CUST06911,28,Male,Premium,2021-04-17
CUST06912,43,Other,Premium,2025-08-29
CUST06913,59,Male,Mass,2022-01-25
CUST06914,44,Female,Mass,2023-05-29
CUST06915,28,Female,Mass,2022-02-10
CUST06916,55,Female,Mass,2024-02-19
CUST06917,51,Female,Mass,2023-11-01
CUST06918,60,Male,Business,2022-08-07
CUST06919,36,Male,Mass,2021-12-13
CUST06920,23,Female,Premium,2024-06-30
CUST06921,63,Female,Mass,2023-03-08
CUST06922,69,Female,Mass,2021-04-29
CUST06923,55,Other,Premium,2022-06-04
CUST06924,66,Female,Mass,2024-05-23
CUST06925,59,Male,Mass,2023-01-03
CUST06926,45,Female,Mass,2021-03-21
CUST06927,18,Male,Mass,2022-02-23
CUST06928,52,Male,Mass,2022-08-07
CUST06929,57,Male,Business,2022-12-13
CUST06930,25,Female,Premium,2025-09-05
CUST06931,69,Female,Mass,2024-08-05
CUST06932,64,Male,Premium,2021-08-22
CUST06933,24,Male,Mass,2021-09-18
CUST06934,28,Female,Mass,2023-07-22
CUST06935,56,Female,Mass,2022-10-19
CUST06936,21,Female,Mass,2023-11-12
CUST06937,42,Female,Mass,2021-03-19
CUST06938,29,Female,Mass,2023-01-12
CUST06939,43,Male,Mass,2022-11-03
CUST06940,55,Male,Mass,2023-11-04
CUST06941,63,Male,Business,2025-11-07
CUST06942,29,Female,Business,2024-03-17
CUST06943,60,Male,Premium,2025-08-13
CUST06944,68,Female,Mass,2021-01-30
CUST06945,70,Male,Premium,2022-03-14
CUST06946,54,Male,Premium,2025-08-24
CUST06947,63,Male,Premium,2025-12-02
CUST06948,70,Male,Mass,2025-04-03
CUST06949,41,Male,Mass,2021-03-04
CUST06950,33,Female,Mass,2024-12-24
CUST06951,30,Male,Mass,2024-03-04
CUST06952,42,Female,Mass,2021-06-06
CUST06953,69,Male,Premium,2022-07-23
CUST06954,21,Female,Premium,2023-08-01
CUST06955,28,Female,Mass,2023-02-16
CUST06956,49,Female,Mass,2021-09-11
CUST06957,66,Male,Mass,2023-10-04
CUST06958,24,Male,Mass,2024-04-25
CUST06959,63,Female,Mass,2023-05-23
CUST06960,28,Male,Premium,2024-11-03
CUST06961,45,Female,Mass,2024-09-12
CUST06962,58,Male,Premium,2021-07-18
CUST06963,40,Female,Premium,2023-05-31
CUST06964,62,Male,Premium,2024-04-09
CUST06965,40,Female,Mass,2024-08-31
CUST06966,67,Female,Mass,2021-01-06
CUST06967,45,Male,Mass,2024-07-03
CUST06968,60,Male,Mass,2023-04-01
CUST06969,64,Male,Mass,2024-09-05
CUST06970,43,Female,Premium,2021-09-05
CUST06971,42,Male,Business,2025-10-21
CUST06972,46,Male,Premium,2021-01-04
CUST06973,36,Female,Mass,2022-05-28
CUST06974,50,Male,Mass,2023-04-18
CUST06975,53,Male,Mass,2022-05-21
CUST06976,31,Male,Mass,2021-01-31
CUST06977,31,Female,Premium,2025-07-11
CUST06978,52,Female,Mass,2024-07-22
CUST06979,47,Male,Mass,2022-12-10
CUST06980,45,Female,Premium,2023-06-05
CUST06981,34,Male,Mass,2024-09-10
CUST06982,20,Male,Business,2024-04-15
CUST06983,33,Female,Mass,2024-08-03
CUST06984,63,Male,Premium,2023-01-18
CUST06985,47,Female,Mass,2021-03-20
CUST06986,69,Female,Mass,2021-08-31
CUST06987,46,Female,Mass,2022-05-16
CUST06988,62,Male,Premium,2021-07-24
CUST06989,32,Male,Premium,2025-01-23
CUST06990,63,Female,Mass,2024-11-07
CUST06991,42,Male,Premium,2022-12-24
CUST06992,68,Female,Premium,2021-11-29
CUST06993,55,Male,Mass,2022-08-26
CUST06994,59,Male,Mass,2021-06-15
CUST06995,64,Male,Mass,2021-06-10
CUST06996,70,Female,Mass,2021-01-06
CUST06997,69,Female,Mass,2025-08-04
CUST06998,55,Male,Mass,2021-07-24
CUST06999,40,Female,Mass,2022-06-16
CUST07000,42,Male,Mass,2024-01-29
CUST07001,59,Male,Mass,2025-08-28
CUST07002,24,Female,Premium,2021-02-14
CUST07003,39,Female,Mass,2022-04-02
CUST07004,34,Male,Premium,2021-08-15
CUST07005,35,Male,Mass,2024-08-31
CUST07006,66,Female,Mass,2021-02-21
CUST07007,58,Female,Premium,2024-03-15
CUST07008,27,Female,Mass,2024-07-28
CUST07009,27,Male,Mass,2024-02-21
CUST07010,24,Female,Mass,2025-10-09
CUST07011,65,Male,Mass,2022-04-16
CUST07012,67,Female,Mass,2023-06-16
CUST07013,55,Male,Mass,2024-08-13
CUST07014,44,Male,Mass,2022-09-06
CUST07015,69,Male,Premium,2022-05-27
CUST07016,50,Female,Premium,2023-02-25
CUST07017,18,Female,Mass,2025-07-23
CUST07018,61,Male,Mass,2025-03-06
CUST07019,70,Female,Mass,2025-08-30
CUST07020,51,Female,Premium,2024-05-10
CUST07021,21,Male,Mass,2022-02-19
CUST07022,34,Female,Mass,2022-09-06
CUST07023,21,Female,Mass,2025-05-26
CUST07024,60,Male,Premium,2024-12-16
CUST07025,43,Male,Mass,2022-06-04
CUST07026,21,Male,Mass,2022-11-05
CUST07027,18,Male,Premium,2024-01-02
CUST07028,24,Male,Mass,2021-12-11
CUST07029,47,Female,Premium,2023-11-17
CUST07030,67,Female,Mass,2024-04-07
CUST07031,26,Male,Premium,2023-02-14
CUST07032,52,Female,Mass,2025-12-29
CUST07033,25,Female,Mass,2022-08-08
CUST07034,41,Female,Mass,2024-05-17
CUST07035,36,Male,Mass,2025-06-23
CUST07036,53,Female,Mass,2023-05-30
CUST07037,67,Female,Mass,2023-06-17
CUST07038,69,Female,Mass,2025-04-16
CUST07039,60,Male,Mass,2023-04-28
CUST07040,44,Male,Premium,2025-04-18
CUST07041,49,Female,Mass,2022-12-26
CUST07042,31,Male,Premium,2022-10-19
CUST07043,35,Female,Mass,2022-09-03
CUST07044,45,Female,Mass,2024-08-26
CUST07045,46,Male,Mass,2023-10-21
CUST07046,33,Female,Mass,2023-08-05
CUST07047,52,Male,Premium,2021-06-29
CUST07048,64,Male,Premium,2022-10-09
CUST07049,48,Female,Mass,2022-03-14
CUST07050,21,Female,Mass,2025-02-09
CUST07051,54,Male,Premium,2022-01-30
CUST07052,34,Female,Premium,2025-09-22
CUST07053,56,Male,Business,2025-04-15
CUST07054,65,Male,Mass,2022-08-17
CUST07055,63,Male,Premium,2021-02-26
CUST07056,43,Male,Mass,2024-04-12
CUST07057,65,Female,Mass,2025-10-10
CUST07058,56,Female,Mass,2021-11-22
CUST07059,58,Female,Mass,2021-11-18
CUST07060,21,Female,Mass,2021-07-02
CUST07061,47,Male,Mass,2021-08-23
CUST07062,47,Male,Mass,2022-09-11
CUST07063,39,Female,Mass,2024-04-24
CUST07064,28,Female,Mass,2021-09-23
CUST07065,19,Female,Mass,2025-07-26
CUST07066,61,Male,Mass,2023-10-06
CUST07067,29,Male,Premium,2023-04-22
CUST07068,47,Male,Mass,2021-11-25
CUST07069,53,Male,Mass,2024-10-20
CUST07070,35,Male,Business,2022-11-14
CUST07071,43,Female,Mass,2021-01-24
CUST07072,70,Male,Premium,2024-07-08
CUST07073,24,Female,Mass,2024-10-10
CUST07074,18,Female,Business,2021-07-15
CUST07075,43,Male,Mass,2022-09-03
CUST07076,40,Female,Premium,2025-02-22
CUST07077,43,Male,Mass,2024-09-18
CUST07078,62,Female,Premium,2022-09-05
CUST07079,23,Female,Mass,2022-09-24
CUST07080,23,Female,Mass,2021-11-17
CUST07081,61,Female,Mass,2025-01-10
CUST07082,25,Male,Business,2024-11-01
CUST07083,41,Female,Mass,2021-07-22
CUST07084,39,Female,Mass,2024-01-19
CUST07085,36,Female,Mass,2025-09-27
CUST07086,54,Female,Mass,2021-06-26
CUST07087,35,Female,Mass,2022-09-19
CUST07088,48,Female,Mass,2021-02-01
CUST07089,54,Male,Business,2023-08-04
CUST07090,47,Male,Mass,2022-12-28
CUST07091,59,Female,Premium,2023-08-12
CUST07092,50,Female,Mass,2023-03-31
CUST07093,27,Female,Premium,2023-03-02
CUST07094,54,Male,Mass,2021-08-31
CUST07095,29,Male,Mass,2025-12-27
CUST07096,47,Female,Mass,2021-03-11
CUST07097,44,Female,Mass,2023-10-12
CUST07098,56,Female,Business,2023-12-31
CUST07099,26,Male,Mass,2025-07-05
CUST07100,38,Male,Premium,2021-06-07
CUST07101,29,Male,Mass,2022-07-03
CUST07102,46,Male,Mass,2021-11-22
CUST07103,50,Other,Mass,2023-11-25
CUST07104,60,Male,Mass,2025-02-12
CUST07105,70,Male,Mass,2022-04-05
CUST07106,32,Male,Premium,2022-02-20
CUST07107,19,Male,Premium,2022-07-25
CUST07108,69,Female,Mass,2023-06-05
CUST07109,56,Male,Premium,2024-12-13
CUST07110,70,Male,Mass,2022-05-26
CUST07111,61,Female,Mass,2022-01-03
CUST07112,35,Male,Mass,2023-07-01
CUST07113,20,Female,Mass,2023-06-02
CUST07114,24,Male,Mass,2021-07-26
CUST07115,60,Female,Mass,2024-10-16
CUST07116,35,Male,Mass,2024-12-30
CUST07117,61,Male,Mass,2022-08-01
CUST07118,55,Female,Mass,2025-12-03
CUST07119,54,Male,Mass,2024-07-17
CUST07120,50,Female,Mass,2024-06-10
CUST07121,61,Male,Mass,2022-10-31
CUST07122,48,Female,Premium,2021-04-16
CUST07123,28,Female,Mass,2022-10-28
CUST07124,21,Male,Mass,2023-11-08
CUST07125,35,Male,Premium,2025-02-27
CUST07126,21,Female,Mass,2021-09-17
CUST07127,66,Female,Premium,2025-02-17
CUST07128,51,Male,Mass,2021-11-09
CUST07129,46,Male,Mass,2022-09-23
CUST07130,41,Male,Mass,2024-01-31
CUST07131,39,Male,Mass,2022-06-21
CUST07132,19,Female,Premium,2024-04-18
CUST07133,61,Female,Mass,2025-03-14
CUST07134,23,Female,Business,2025-02-09
CUST07135,59,Male,Mass,2022-11-05
CUST07136,42,Male,Premium,2024-11-24
CUST07137,38,Female,Mass,2021-12-16
CUST07138,33,Male,Mass,2021-08-03
CUST07139,48,Male,Mass,2024-11-07
CUST07140,31,Male,Mass,2024-02-22
CUST07141,56,Female,Premium,2024-08-08
CUST07142,45,Male,Mass,2025-08-19
CUST07143,49,Male,Premium,2025-09-25
CUST07144,45,Female,Mass,2021-11-24
CUST07145,68,Female,Mass,2025-05-08
CUST07146,66,Male,Mass,2025-09-02
CUST07147,26,Female,Premium,2023-04-27
CUST07148,62,Male,Mass,2021-04-08
CUST07149,39,Male,Business,2022-10-21
CUST07150,49,Female,Business,2021-10-27
CUST07151,22,Male,Premium,2021-01-30
CUST07152,40,Male,Mass,2024-01-03
CUST07153,22,Female,Mass,2021-06-21
CUST07154,59,Female,Mass,2023-10-15
CUST07155,70,Female,Business,2023-07-12
CUST07156,49,Male,Business,2021-03-25
CUST07157,27,Male,Mass,2023-09-12
CUST07158,56,Male,Mass,2025-05-28
CUST07159,32,Male,Premium,2025-11-03
CUST07160,24,Male,Mass,2024-08-06
CUST07161,46,Female,Mass,2022-10-01
CUST07162,64,Male,Business,2021-03-26
CUST07163,20,Male,Premium,2024-07-01
CUST07164,36,Female,Premium,2022-10-26
CUST07165,27,Male,Mass,2022-06-03
CUST07166,45,Other,Mass,2025-01-15
CUST07167,46,Male,Mass,2024-08-23
CUST07168,32,Female,Mass,2025-07-30
CUST07169,52,Female,Mass,2021-07-03
CUST07170,23,Female,Premium,2023-08-31
CUST07171,29,Male,Premium,2024-08-30
CUST07172,64,Female,Mass,2021-12-07
CUST07173,55,Male,Mass,2021-08-15
CUST07174,30,Male,Mass,2023-04-17
CUST07175,46,Male,Mass,2025-11-15
CUST07176,36,Male,Mass,2021-09-21
CUST07177,20,Male,Mass,2022-03-26
CUST07178,25,Male,Mass,2024-06-28
CUST07179,25,Male,Premium,2024-12-02
CUST07180,37,Female,Mass,2021-06-19
CUST07181,64,Male,Mass,2022-07-20
CUST07182,21,Female,Premium,2021-05-12
CUST07183,68,Other,Mass,2023-04-07
CUST07184,38,Male,Business,2022-08-29
CUST07185,20,Female,Mass,2023-12-06
CUST07186,62,Female,Premium,2021-12-16
CUST07187,25,Male,Mass,2021-04-09
CUST07188,40,Male,Mass,2025-11-05
CUST07189,33,Female,Mass,2025-12-10
CUST07190,30,Female,Business,2023-11-27
CUST07191,20,Female,Mass,2025-01-01
CUST07192,65,Male,Mass,2023-10-06
CUST07193,26,Female,Mass,2021-03-16
CUST07194,31,Male,Mass,2021-02-27
CUST07195,30,Male,Mass,2023-11-09
CUST07196,70,Male,Business,2022-02-06
CUST07197,24,Male,Business,2021-07-07
CUST07198,32,Female,Mass,2021-05-19
CUST07199,24,Female,Mass,2021-05-23
CUST07200,55,Female,Mass,2021-04-18
CUST07201,51,Male,Mass,2021-08-09
CUST07202,58,Female,Mass,2021-05-25
CUST07203,39,Female,Premium,2023-05-08
CUST07204,41,Male,Mass,2022-05-25
CUST07205,66,Female,Mass,2022-01-11
CUST07206,54,Female,Premium,2021-01-05
CUST07207,61,Female,Mass,2022-01-23
CUST07208,18,Male,Mass,2022-07-22
CUST07209,27,Female,Premium,2025-11-26
CUST07210,60,Female,Mass,2023-09-11
CUST07211,33,Male,Premium,2025-10-24
CUST07212,63,Female,Mass,2022-07-14
CUST07213,25,Male,Mass,2024-04-01
CUST07214,66,Female,Mass,2025-11-07
CUST07215,42,Female,Mass,2025-11-19
CUST07216,67,Female,Mass,2021-12-31
CUST07217,29,Female,Premium,2022-02-21
CUST07218,42,Male,Premium,2025-03-13
CUST07219,34,Male,Mass,2025-06-24
CUST07220,43,Female,Premium,2021-01-21
CUST07221,63,Male,Premium,2022-09-06
CUST07222,65,Male,Premium,2022-06-01
CUST07223,31,Male,Mass,2024-05-05
CUST07224,58,Male,Mass,2022-10-23
CUST07225,53,Female,Mass,2024-09-30
CUST07226,40,Female,Premium,2021-11-26
CUST07227,60,Male,Mass,2022-01-13
CUST07228,23,Male,Premium,2024-05-19
CUST07229,64,Male,Mass,2021-06-09
CUST07230,22,Male,Mass,2022-10-20
CUST07231,60,Male,Mass,2025-05-13
CUST07232,42,Male,Mass,2021-12-20
CUST07233,35,Female,Mass,2024-06-17
CUST07234,30,Female,Premium,2021-03-20
CUST07235,60,Male,Mass,2021-06-01
CUST07236,31,Female,Mass,2022-06-01
CUST07237,45,Female,Mass,2022-01-18
CUST07238,35,Male,Mass,2022-11-24
CUST07239,45,Male,Mass,2021-12-18
CUST07240,68,Female,Premium,2024-05-09
CUST07241,44,Male,Premium,2023-08-09
CUST07242,49,Female,Premium,2021-05-13
CUST07243,64,Female,Mass,2022-09-26
CUST07244,26,Male,Mass,2021-06-18
CUST07245,57,Female,Premium,2023-05-16
CUST07246,49,Female,Mass,2022-01-26
CUST07247,37,Male,Mass,2024-11-09
CUST07248,45,Male,Premium,2023-03-31
CUST07249,50,Female,Premium,2021-04-08
CUST07250,21,Female,Mass,2025-12-23
CUST07251,63,Female,Mass,2024-11-01
CUST07252,51,Female,Mass,2023-09-19
CUST07253,65,Male,Mass,2023-02-19
CUST07254,20,Male,Mass,2021-12-06
CUST07255,43,Male,Mass,2025-04-04
CUST07256,25,Male,Mass,2021-05-12
CUST07257,23,Female,Premium,2025-06-20
CUST07258,33,Other,Premium,2021-07-29
CUST07259,41,Female,Mass,2023-10-26
CUST07260,65,Female,Mass,2022-01-12
CUST07261,56,Male,Mass,2022-10-02
CUST07262,47,Male,Mass,2023-12-14
CUST07263,62,Male,Mass,2025-03-02
CUST07264,30,Female,Business,2024-05-06
CUST07265,22,Male,Mass,2022-03-17
CUST07266,42,Female,Mass,2025-10-08
CUST07267,37,Female,Mass,2024-04-18
CUST07268,35,Male,Mass,2021-08-29
CUST07269,64,Male,Mass,2025-12-15
CUST07270,35,Female,Mass,2024-09-05
CUST07271,19,Male,Mass,2022-05-16
CUST07272,27,Female,Mass,2025-08-01
CUST07273,62,Female,Mass,2021-01-23
CUST07274,67,Male,Mass,2022-09-24
CUST07275,64,Male,Mass,2025-07-09
CUST07276,29,Male,Premium,2023-10-14
CUST07277,64,Female,Mass,2025-06-06
CUST07278,30,Male,Premium,2025-09-28
CUST07279,67,Female,Mass,2024-04-18
CUST07280,64,Female,Mass,2021-06-24
CUST07281,28,Female,Mass,2021-07-17
CUST07282,36,Male,Mass,2025-04-11
CUST07283,52,Female,Mass,2025-01-17
CUST07284,56,Female,Mass,2021-04-09
CUST07285,70,Female,Premium,2023-01-15
CUST07286,43,Female,Mass,2024-12-21
CUST07287,63,Female,Mass,2022-03-29
CUST07288,31,Female,Mass,2024-04-29
CUST07289,62,Male,Mass,2023-09-01
CUST07290,61,Female,Premium,2025-05-21
CUST07291,41,Male,Business,2025-11-17
CUST07292,58,Female,Mass,2022-05-14
CUST07293,18,Female,Mass,2025-06-28
CUST07294,68,Male,Premium,2024-04-29
CUST07295,60,Female,Mass,2021-05-21
CUST07296,39,Female,Mass,2025-09-11
CUST07297,40,Male,Business,2023-02-12
CUST07298,36,Female,Mass,2021-06-24
CUST07299,35,Male,Mass,2022-02-24
CUST07300,29,Female,Premium,2022-11-07
CUST07301,45,Female,Business,2024-12-28
CUST07302,45,Female,Premium,2025-01-03
CUST07303,50,Female,Mass,2025-04-04
CUST07304,36,Female,Business,2022-06-16
CUST07305,45,Male,Business,2023-07-07
CUST07306,69,Male,Business,2025-12-28
CUST07307,66,Female,Mass,2021-12-27
CUST07308,54,Female,Premium,2025-11-10
CUST07309,43,Female,Mass,2022-03-22
CUST07310,52,Female,Mass,2022-07-10
CUST07311,51,Female,Mass,2022-12-09
CUST07312,52,Male,Premium,2025-09-27
CUST07313,57,Female,Premium,2024-10-12
CUST07314,33,Male,Premium,2022-07-15
CUST07315,55,Male,Mass,2023-09-24
CUST07316,30,Female,Mass,2021-02-28
CUST07317,40,Female,Mass,2025-07-26
CUST07318,39,Male,Premium,2023-06-04
CUST07319,33,Female,Mass,2024-04-05
CUST07320,45,Female,Premium,2025-07-29
CUST07321,65,Female,Mass,2023-08-25
CUST07322,52,Female,Premium,2023-08-03
CUST07323,62,Male,Mass,2025-06-13
CUST07324,63,Female,Mass,2025-12-12
CUST07325,25,Female,Business,2021-09-20
CUST07326,61,Female,Premium,2024-12-25
CUST07327,39,Female,Mass,2025-07-10
CUST07328,38,Male,Mass,2021-07-15
CUST07329,43,Male,Premium,2021-12-20
CUST07330,57,Female,Mass,2023-06-05
CUST07331,38,Female,Premium,2023-07-30
CUST07332,42,Female,Premium,2025-07-02
CUST07333,58,Male,Business,2023-07-04
CUST07334,18,Male,Mass,2021-02-16
CUST07335,23,Male,Premium,2023-01-23
CUST07336,40,Female,Mass,2024-08-25
CUST07337,68,Male,Mass,2021-08-18
CUST07338,40,Female,Mass,2024-12-05
CUST07339,60,Male,Premium,2023-01-27
CUST07340,60,Female,Premium,2021-11-12
CUST07341,40,Male,Mass,2023-02-01
CUST07342,49,Male,Mass,2024-01-06
CUST07343,47,Female,Premium,2021-03-03
CUST07344,30,Female,Premium,2025-05-14
CUST07345,60,Male,Mass,2021-08-26
CUST07346,35,Female,Business,2025-09-21
CUST07347,40,Male,Premium,2025-05-11
CUST07348,32,Male,Mass,2021-03-19
CUST07349,50,Male,Mass,2023-01-04
CUST07350,38,Male,Mass,2022-07-13
CUST07351,56,Female,Premium,2023-08-02
CUST07352,40,Male,Mass,2022-10-12
CUST07353,44,Female,Premium,2024-12-10
CUST07354,62,Male,Mass,2023-11-14
CUST07355,61,Female,Premium,2023-11-19
CUST07356,35,Male,Premium,2025-02-23
CUST07357,41,Male,Mass,2024-03-04
CUST07358,68,Male,Mass,2021-12-17
CUST07359,64,Female,Mass,2023-07-02
CUST07360,57,Female,Premium,2021-12-16
CUST07361,68,Female,Premium,2024-07-28
CUST07362,59,Male,Mass,2022-04-21
CUST07363,24,Female,Mass,2021-10-19
CUST07364,67,Female,Mass,2024-04-27
CUST07365,65,Male,Mass,2025-05-26
CUST07366,37,Male,Mass,2024-12-13
CUST07367,44,Female,Mass,2023-06-07
CUST07368,23,Female,Mass,2022-04-13
CUST07369,44,Male,Mass,2024-05-14
CUST07370,26,Female,Mass,2024-06-19
CUST07371,70,Female,Premium,2021-11-02
CUST07372,62,Female,Mass,2024-04-22
CUST07373,48,Male,Premium,2022-04-23
CUST07374,38,Female,Mass,2025-03-08
CUST07375,43,Male,Mass,2024-02-26
CUST07376,57,Male,Premium,2022-03-25
CUST07377,65,Female,Mass,2021-08-18
CUST07378,62,Male,Mass,2023-12-01
CUST07379,30,Male,Mass,2023-03-04
CUST07380,66,Male,Mass,2022-11-05
CUST07381,40,Male,Mass,2024-11-16
CUST07382,37,Male,Mass,2023-04-04
CUST07383,54,Male,Mass,2024-09-25
CUST07384,70,Female,Premium,2025-08-21
CUST07385,45,Male,Mass,2023-04-16
CUST07386,34,Other,Mass,2023-11-11
CUST07387,45,Male,Business,2021-12-13
CUST07388,58,Male,Mass,2021-01-10
CUST07389,19,Female,Premium,2021-03-28
CUST07390,42,Male,Business,2022-06-29
CUST07391,67,Female,Mass,2023-05-23
CUST07392,58,Female,Mass,2024-09-24
CUST07393,23,Male,Mass,2022-12-16
CUST07394,28,Female,Premium,2021-01-04
CUST07395,55,Male,Mass,2023-11-13
CUST07396,23,Other,Premium,2024-05-05
CUST07397,62,Female,Business,2025-03-02
CUST07398,28,Female,Premium,2023-06-20
CUST07399,31,Male,Premium,2025-12-15
CUST07400,19,Male,Premium,2021-09-30
CUST07401,57,Male,Premium,2025-01-14
CUST07402,20,Male,Mass,2024-02-05
CUST07403,70,Female,Premium,2023-05-31
CUST07404,52,Female,Premium,2024-11-02
CUST07405,50,Male,Mass,2024-05-08
CUST07406,41,Female,Mass,2023-07-25
CUST07407,36,Female,Mass,2025-10-17
CUST07408,35,Female,Mass,2021-01-02
CUST07409,66,Male,Mass,2024-02-19
CUST07410,69,Male,Mass,2025-06-27
CUST07411,41,Female,Business,2021-05-29
CUST07412,62,Female,Mass,2023-08-06
CUST07413,52,Female,Premium,2021-06-01
CUST07414,18,Female,Mass,2025-05-08
CUST07415,53,Male,Mass,2025-08-29
CUST07416,42,Female,Mass,2021-11-02
CUST07417,62,Male,Mass,2025-08-30
CUST07418,66,Female,Premium,2023-06-01
CUST07419,60,Female,Premium,2022-04-20
CUST07420,51,Female,Premium,2024-10-19
CUST07421,42,Female,Mass,2023-03-18
CUST07422,33,Female,Premium,2023-12-31
CUST07423,51,Male,Mass,2025-07-22
CUST07424,46,Male,Mass,2021-02-02
CUST07425,36,Female,Premium,2024-03-26
CUST07426,40,Male,Premium,2024-09-15
CUST07427,36,Male,Mass,2023-02-17
CUST07428,42,Male,Premium,2025-10-06
CUST07429,33,Female,Premium,2025-09-27
CUST07430,68,Male,Mass,2024-11-11
CUST07431,26,Female,Mass,2025-07-03
CUST07432,18,Female,Business,2024-03-28
CUST07433,59,Female,Premium,2023-03-06
CUST07434,36,Male,Mass,2025-04-12
CUST07435,50,Female,Mass,2024-06-04
CUST07436,51,Other,Mass,2024-06-29
CUST07437,33,Female,Mass,2022-01-02
CUST07438,61,Female,Mass,2025-12-06
CUST07439,57,Female,Mass,2021-09-19
CUST07440,35,Male,Mass,2022-10-08
CUST07441,51,Female,Premium,2022-06-22
CUST07442,42,Male,Business,2023-12-03
CUST07443,62,Male,Premium,2025-04-04
CUST07444,23,Other,Premium,2021-01-16
CUST07445,38,Male,Premium,2021-04-15
CUST07446,23,Male,Mass,2023-03-02
CUST07447,49,Female,Business,2024-05-11
CUST07448,58,Other,Mass,2022-12-21
CUST07449,65,Male,Mass,2025-08-29
CUST07450,60,Female,Mass,2023-12-19
CUST07451,56,Male,Mass,2023-10-06
CUST07452,48,Male,Mass,2021-02-17
CUST07453,59,Male,Premium,2022-10-22
CUST07454,27,Male,Mass,2024-07-24
CUST07455,47,Male,Business,2024-12-06
CUST07456,69,Male,Mass,2024-04-16
CUST07457,35,Female,Business,2023-03-12
CUST07458,41,Female,Mass,2021-04-24
CUST07459,69,Female,Mass,2021-10-23
CUST07460,26,Female,Mass,2025-10-20
CUST07461,48,Male,Mass,2022-03-14
CUST07462,32,Female,Mass,2021-09-23
CUST07463,21,Female,Mass,2021-06-11
CUST07464,57,Male,Mass,2022-05-19
CUST07465,26,Male,Mass,2023-11-26
CUST07466,62,Female,Business,2022-08-10
CUST07467,26,Female,Mass,2022-04-03
CUST07468,43,Female,Mass,2023-10-03
CUST07469,21,Male,Premium,2025-07-29
CUST07470,34,Male,Mass,2024-10-26
CUST07471,33,Female,Mass,2025-02-18
CUST07472,32,Female,Mass,2021-09-29
CUST07473,52,Male,Mass,2024-04-17
CUST07474,69,Male,Mass,2022-04-25
CUST07475,22,Female,Mass,2023-08-15
CUST07476,22,Female,Mass,2021-06-08
CUST07477,37,Male,Premium,2023-01-25
CUST07478,32,Male,Premium,2021-07-23
CUST07479,35,Female,Premium,2023-03-06
CUST07480,64,Female,Mass,2024-07-25
CUST07481,19,Male,Mass,2024-03-12
CUST07482,46,Male,Mass,2025-03-24
CUST07483,30,Female,Mass,2022-05-27
CUST07484,21,Male,Mass,2021-04-26
CUST07485,59,Female,Business,2022-01-27
CUST07486,62,Female,Mass,2024-09-28
CUST07487,27,Male,Mass,2024-10-28
CUST07488,48,Female,Mass,2025-12-13
CUST07489,58,Female,Premium,2022-11-19
CUST07490,25,Female,Mass,2023-07-19
CUST07491,20,Male,Mass,2022-12-27
CUST07492,65,Other,Premium,2022-01-04
CUST07493,63,Male,Mass,2024-05-23
CUST07494,26,Female,Mass,2025-03-15
CUST07495,47,Female,Premium,2022-07-23
CUST07496,70,Male,Premium,2023-06-20
CUST07497,28,Female,Mass,2023-01-11
CUST07498,52,Female,Mass,2021-11-23
CUST07499,54,Male,Mass,2021-02-06
CUST07500,59,Male,Mass,2023-09-13
CUST07501,30,Female,Mass,2022-01-15
CUST07502,53,Male,Business,2023-03-07
CUST07503,30,Male,Mass,2025-03-16
CUST07504,29,Female,Mass,2024-09-09
CUST07505,54,Female,Mass,2022-01-04
CUST07506,27,Female,Mass,2021-08-12
CUST07507,26,Male,Mass,2023-03-25
CUST07508,69,Male,Mass,2025-10-03
CUST07509,24,Male,Premium,2024-01-29
CUST07510,19,Female,Mass,2025-12-23
CUST07511,40,Female,Mass,2024-01-04
CUST07512,56,Male,Mass,2022-12-25
CUST07513,57,Male,Mass,2024-12-31
CUST07514,56,Female,Mass,2022-12-04
CUST07515,38,Female,Premium,2024-10-23
CUST07516,40,Male,Business,2021-03-04
CUST07517,46,Female,Mass,2025-07-06
CUST07518,31,Male,Premium,2025-08-06
CUST07519,43,Female,Mass,2021-04-09
CUST07520,68,Female,Mass,2023-02-16
CUST07521,22,Female,Premium,2024-06-02
CUST07522,48,Male,Mass,2021-03-16
CUST07523,42,Male,Mass,2025-12-19
CUST07524,48,Female,Mass,2025-09-30
CUST07525,67,Male,Mass,2021-07-03
CUST07526,37,Female,Mass,2024-08-09
CUST07527,61,Other,Mass,2023-12-17
CUST07528,34,Other,Mass,2024-06-26
CUST07529,62,Female,Premium,2025-07-08
CUST07530,19,Female,Mass,2022-04-14
CUST07531,42,Other,Mass,2021-05-20
CUST07532,30,Male,Mass,2021-12-25
CUST07533,56,Male,Premium,2025-04-26
CUST07534,45,Male,Mass,2024-12-02
CUST07535,59,Male,Premium,2025-02-06
CUST07536,23,Female,Mass,2025-08-16
CUST07537,20,Female,Business,2025-01-09
CUST07538,52,Female,Mass,2023-09-07
CUST07539,35,Female,Mass,2024-06-09
CUST07540,28,Female,Mass,2025-06-29
CUST07541,37,Female,Mass,2025-06-30
CUST07542,22,Male,Mass,2021-10-27
CUST07543,36,Female,Mass,2025-07-24
CUST07544,39,Male,Mass,2022-03-02
CUST07545,36,Female,Mass,2023-09-22
CUST07546,64,Male,Business,2021-06-10
CUST07547,33,Female,Business,2022-02-05
CUST07548,41,Female,Mass,2024-11-02
CUST07549,58,Female,Mass,2024-07-04
CUST07550,21,Female,Mass,2023-01-11
CUST07551,32,Female,Premium,2023-05-12
CUST07552,42,Male,Premium,2022-05-09
CUST07553,61,Male,Business,2022-05-04
CUST07554,52,Female,Mass,2024-04-20
CUST07555,31,Male,Premium,2022-06-10
CUST07556,66,Male,Premium,2024-01-29
CUST07557,36,Female,Mass,2023-01-07
CUST07558,55,Male,Premium,2021-12-24
CUST07559,53,Male,Mass,2024-06-08
CUST07560,24,Male,Mass,2022-07-19
CUST07561,47,Male,Business,2023-10-27
CUST07562,36,Female,Mass,2021-03-31
CUST07563,66,Female,Premium,2021-03-05
CUST07564,42,Female,Mass,2024-01-17
CUST07565,33,Male,Premium,2023-11-23
CUST07566,64,Female,Premium,2024-01-01
CUST07567,57,Male,Premium,2025-04-29
CUST07568,68,Female,Premium,2021-09-10
CUST07569,25,Female,Mass,2021-04-17
CUST07570,35,Female,Mass,2025-12-31
CUST07571,45,Female,Premium,2023-07-19
CUST07572,33,Male,Mass,2022-05-29
CUST07573,69,Male,Mass,2021-05-16
CUST07574,36,Female,Mass,2022-09-21
CUST07575,59,Male,Premium,2022-02-13
CUST07576,34,Male,Mass,2021-05-01
CUST07577,62,Male,Premium,2025-02-10
CUST07578,30,Male,Premium,2023-03-11
CUST07579,24,Female,Mass,2023-04-04
CUST07580,44,Female,Mass,2024-01-23
CUST07581,27,Male,Premium,2022-05-20
CUST07582,51,Male,Premium,2021-01-07
CUST07583,53,Female,Mass,2023-08-02
CUST07584,42,Female,Business,2025-06-12
CUST07585,23,Other,Mass,2025-09-14
CUST07586,41,Female,Mass,2021-07-10
CUST07587,35,Female,Premium,2022-04-02
CUST07588,40,Female,Mass,2025-10-10
CUST07589,23,Female,Mass,2022-01-21
CUST07590,46,Male,Premium,2023-03-14
CUST07591,42,Female,Mass,2023-05-16
CUST07592,34,Male,Mass,2023-10-20
CUST07593,63,Female,Mass,2021-10-05
CUST07594,41,Male,Mass,2025-01-11
CUST07595,28,Female,Mass,2023-04-07
CUST07596,43,Male,Premium,2023-08-03
CUST07597,68,Female,Mass,2021-02-21
CUST07598,51,Male,Premium,2024-11-29
CUST07599,45,Male,Premium,2022-01-31
CUST07600,20,Male,Premium,2023-02-18
CUST07601,28,Male,Mass,2025-11-15
CUST07602,55,Male,Mass,2022-11-25
CUST07603,31,Male,Mass,2021-07-30
CUST07604,68,Female,Premium,2023-06-09
CUST07605,43,Male,Mass,2025-09-30
CUST07606,65,Male,Mass,2021-09-27
CUST07607,38,Other,Mass,2022-06-29
CUST07608,56,Female,Premium,2023-10-04
CUST07609,47,Male,Mass,2025-06-26
CUST07610,25,Female,Business,2023-04-25
CUST07611,68,Female,Mass,2023-10-13
CUST07612,37,Male,Mass,2024-07-29
CUST07613,65,Male,Mass,2022-02-02
CUST07614,49,Female,Mass,2025-11-08
CUST07615,39,Male,Premium,2024-05-24
CUST07616,24,Female,Mass,2024-12-26
CUST07617,26,Male,Mass,2024-09-06
CUST07618,62,Female,Premium,2023-03-25
CUST07619,18,Female,Mass,2022-10-01
CUST07620,46,Male,Business,2022-05-08
CUST07621,25,Female,Mass,2023-08-09
CUST07622,21,Female,Mass,2025-06-18
CUST07623,52,Female,Mass,2025-05-29
CUST07624,20,Female,Premium,2021-05-08
CUST07625,62,Male,Mass,2021-03-15
CUST07626,57,Female,Business,2025-02-08
CUST07627,24,Male,Premium,2022-03-28
CUST07628,44,Male,Business,2025-01-25
CUST07629,18,Male,Business,2022-03-14
CUST07630,44,Male,Mass,2024-07-03
CUST07631,33,Male,Mass,2022-03-24
CUST07632,55,Female,Mass,2024-01-31
CUST07633,24,Female,Mass,2022-07-13
CUST07634,61,Male,Mass,2025-08-28
CUST07635,40,Male,Mass,2023-08-28
CUST07636,58,Female,Mass,2025-11-27
CUST07637,28,Male,Mass,2023-07-26
CUST07638,59,Male,Mass,2021-10-10
CUST07639,70,Female,Mass,2023-01-30
CUST07640,50,Male,Mass,2024-05-12
CUST07641,67,Male,Mass,2021-03-27
CUST07642,53,Female,Mass,2024-09-09
CUST07643,54,Female,Premium,2021-06-13
CUST07644,58,Male,Mass,2023-05-27
CUST07645,34,Female,Premium,2023-12-17
CUST07646,52,Female,Mass,2021-07-25
CUST07647,65,Male,Mass,2024-12-23
CUST07648,22,Male,Mass,2021-05-28
CUST07649,65,Male,Mass,2024-08-17
CUST07650,49,Male,Mass,2023-03-02
CUST07651,20,Male,Premium,2024-08-06
CUST07652,69,Male,Premium,2023-11-11
CUST07653,64,Male,Business,2023-08-05
CUST07654,52,Female,Mass,2024-03-06
CUST07655,69,Female,Mass,2024-10-24
CUST07656,31,Female,Mass,2025-03-26
CUST07657,65,Female,Mass,2022-07-11
CUST07658,48,Female,Premium,2024-12-30
CUST07659,48,Female,Mass,2023-01-31
CUST07660,34,Male,Premium,2021-01-30
CUST07661,41,Male,Mass,2025-01-11
CUST07662,69,Female,Mass,2021-08-13
CUST07663,40,Male,Business,2024-11-10
CUST07664,35,Male,Business,2025-09-09
CUST07665,67,Female,Premium,2025-06-20
CUST07666,31,Female,Mass,2022-03-05
CUST07667,67,Female,Mass,2022-06-13
CUST07668,32,Male,Mass,2023-11-18
CUST07669,32,Male,Premium,2021-05-06
CUST07670,23,Female,Mass,2023-03-24
CUST07671,44,Male,Mass,2025-12-14
CUST07672,32,Male,Mass,2022-05-14
CUST07673,67,Female,Mass,2024-04-25
CUST07674,53,Female,Mass,2022-10-16
CUST07675,25,Female,Premium,2024-10-27
CUST07676,32,Female,Mass,2021-05-18
CUST07677,20,Male,Premium,2023-09-21
CUST07678,64,Male,Mass,2024-09-22
CUST07679,30,Male,Premium,2023-01-11
CUST07680,58,Female,Business,2021-08-02
CUST07681,51,Male,Mass,2025-12-15
CUST07682,41,Male,Mass,2021-10-18
CUST07683,57,Female,Mass,2023-08-02
CUST07684,49,Male,Mass,2025-05-13
CUST07685,49,Female,Premium,2022-01-06
CUST07686,47,Female,Mass,2022-06-14
CUST07687,69,Male,Mass,2022-11-23
CUST07688,66,Male,Premium,2025-08-21
CUST07689,30,Male,Mass,2025-11-27
CUST07690,18,Male,Mass,2022-07-03
CUST07691,51,Male,Mass,2024-08-12
CUST07692,32,Female,Premium,2023-02-13
CUST07693,61,Male,Mass,2025-06-03
CUST07694,31,Female,Mass,2023-10-14
CUST07695,46,Male,Premium,2022-02-23
CUST07696,51,Male,Mass,2025-08-17
CUST07697,35,Male,Premium,2021-12-27
CUST07698,24,Female,Premium,2024-03-27
CUST07699,46,Male,Premium,2024-01-04
CUST07700,48,Female,Mass,2024-10-27
CUST07701,42,Female,Premium,2023-07-09
CUST07702,55,Female,Premium,2022-07-21
CUST07703,31,Female,Premium,2022-12-19
CUST07704,25,Male,Mass,2022-12-28
CUST07705,44,Female,Mass,2025-03-25
CUST07706,19,Female,Mass,2024-02-04
CUST07707,34,Other,Mass,2022-01-02
CUST07708,54,Male,Mass,2022-02-06
CUST07709,31,Female,Mass,2025-11-16
CUST07710,42,Male,Business,2021-04-13
CUST07711,47,Male,Business,2023-02-26
CUST07712,46,Female,Premium,2021-11-21
CUST07713,37,Female,Business,2022-01-08
CUST07714,38,Female,Business,2021-12-04
CUST07715,70,Female,Premium,2023-06-10
CUST07716,39,Male,Mass,2023-11-23
CUST07717,52,Male,Mass,2024-02-06
CUST07718,54,Female,Mass,2024-12-16
CUST07719,33,Male,Mass,2024-07-16
CUST07720,67,Female,Premium,2024-01-02
CUST07721,66,Male,Mass,2024-04-19
CUST07722,60,Male,Mass,2025-12-09
CUST07723,34,Female,Mass,2024-03-21
CUST07724,33,Male,Mass,2025-03-16
CUST07725,19,Female,Mass,2023-12-28
CUST07726,21,Male,Premium,2024-10-27
CUST07727,38,Male,Mass,2024-10-03
CUST07728,56,Female,Mass,2023-09-24
CUST07729,51,Male,Premium,2025-09-29
CUST07730,47,Female,Premium,2021-02-01
CUST07731,23,Male,Mass,2023-07-16
CUST07732,34,Male,Mass,2022-09-12
CUST07733,56,Female,Mass,2024-01-08
CUST07734,42,Female,Premium,2024-07-06
CUST07735,22,Male,Mass,2025-03-01
CUST07736,22,Female,Mass,2023-05-28
CUST07737,37,Female,Mass,2021-06-24
CUST07738,33,Male,Premium,2024-10-22
CUST07739,68,Male,Mass,2021-01-15
CUST07740,58,Female,Mass,2023-12-11
CUST07741,54,Male,Mass,2021-04-17
CUST07742,57,Male,Mass,2025-10-12
CUST07743,26,Female,Mass,2022-04-14
CUST07744,22,Male,Mass,2021-07-21
CUST07745,59,Female,Mass,2025-12-18
CUST07746,19,Female,Premium,2024-05-26
CUST07747,26,Female,Mass,2023-12-01
CUST07748,60,Female,Premium,2025-11-30
CUST07749,53,Male,Mass,2024-11-09
CUST07750,39,Male,Mass,2023-07-06
CUST07751,39,Male,Mass,2025-10-05
CUST07752,39,Female,Premium,2021-12-02
CUST07753,51,Male,Mass,2025-06-23
CUST07754,46,Male,Mass,2025-08-12
CUST07755,55,Female,Premium,2021-04-15
CUST07756,63,Other,Business,2021-07-22
CUST07757,50,Male,Mass,2025-03-14
CUST07758,35,Male,Mass,2024-01-24
CUST07759,24,Female,Mass,2024-04-15
CUST07760,18,Female,Premium,2021-03-06
CUST07761,50,Male,Mass,2022-07-07
CUST07762,18,Male,Mass,2021-08-12
CUST07763,41,Female,Mass,2025-05-22
CUST07764,21,Female,Mass,2022-01-15
CUST07765,21,Female,Mass,2021-09-12
CUST07766,35,Male,Mass,2024-08-14
CUST07767,44,Male,Mass,2025-05-24
CUST07768,60,Female,Mass,2021-06-20
CUST07769,49,Male,Mass,2022-09-05
CUST07770,50,Male,Mass,2022-10-14
CUST07771,45,Male,Mass,2022-12-19
CUST07772,59,Female,Mass,2023-04-12
CUST07773,58,Female,Mass,2024-10-19
CUST07774,53,Female,Mass,2023-03-30
CUST07775,23,Female,Premium,2021-03-14
CUST07776,33,Female,Premium,2023-12-20
CUST07777,51,Female,Mass,2022-03-31
CUST07778,40,Male,Mass,2021-12-02
CUST07779,67,Male,Premium,2022-10-30
CUST07780,59,Female,Mass,2024-02-22
CUST07781,41,Male,Mass,2025-01-18
CUST07782,66,Female,Premium,2021-01-14
CUST07783,30,Male,Mass,2024-12-10
CUST07784,35,Male,Mass,2025-12-05
CUST07785,30,Female,Premium,2021-01-27
CUST07786,66,Female,Mass,2025-11-16
CUST07787,54,Female,Mass,2023-12-10
CUST07788,60,Female,Mass,2021-07-06
CUST07789,56,Male,Mass,2023-12-17
CUST07790,59,Male,Mass,2023-02-10
CUST07791,34,Female,Mass,2022-10-29
CUST07792,32,Male,Mass,2023-09-17
CUST07793,35,Male,Mass,2023-11-24
CUST07794,40,Male,Mass,2022-06-22
CUST07795,68,Male,Mass,2025-11-21
CUST07796,47,Female,Mass,2023-07-25
CUST07797,51,Female,Mass,2022-01-06
CUST07798,21,Female,Mass,2021-03-27
CUST07799,20,Female,Mass,2021-06-09
CUST07800,24,Male,Premium,2022-03-01
CUST07801,35,Male,Mass,2025-10-02
CUST07802,59,Male,Mass,2024-02-04
CUST07803,24,Male,Premium,2024-11-15
CUST07804,57,Male,Mass,2025-03-16
CUST07805,23,Male,Mass,2021-10-02
CUST07806,39,Female,Premium,2024-08-05
CUST07807,18,Female,Mass,2021-09-15
CUST07808,21,Female,Business,2023-08-21
CUST07809,63,Female,Premium,2024-05-28
CUST07810,66,Male,Mass,2023-09-01
CUST07811,69,Male,Premium,2022-06-11
CUST07812,67,Male,Premium,2022-06-17
CUST07813,60,Male,Business,2023-12-19
CUST07814,46,Male,Premium,2024-10-15
CUST07815,38,Male,Mass,2025-06-06
CUST07816,43,Female,Mass,2025-07-12
CUST07817,31,Female,Mass,2021-04-23
CUST07818,26,Female,Mass,2024-07-23
CUST07819,64,Male,Mass,2021-09-14
CUST07820,29,Female,Business,2021-11-25
CUST07821,59,Female,Mass,2023-02-16
CUST07822,68,Female,Premium,2024-06-12
CUST07823,68,Male,Mass,2021-02-20
CUST07824,23,Female,Mass,2025-08-29
CUST07825,37,Female,Mass,2025-11-02
CUST07826,41,Male,Mass,2021-08-09
CUST07827,44,Male,Business,2023-02-22
CUST07828,55,Male,Mass,2022-08-19
CUST07829,25,Female,Mass,2024-06-07
CUST07830,18,Female,Mass,2021-08-10
CUST07831,66,Male,Mass,2023-08-01
CUST07832,66,Male,Mass,2025-08-17
CUST07833,41,Female,Mass,2023-12-14
CUST07834,64,Male,Mass,2025-07-13
CUST07835,24,Male,Mass,2025-09-30
CUST07836,36,Male,Mass,2024-07-20
CUST07837,39,Female,Premium,2021-07-17
CUST07838,52,Female,Mass,2021-05-08
CUST07839,47,Male,Mass,2025-06-16
CUST07840,46,Female,Premium,2023-10-30
CUST07841,39,Female,Premium,2023-09-14
CUST07842,28,Male,Premium,2021-08-15
CUST07843,37,Female,Premium,2022-07-12
CUST07844,46,Male,Mass,2024-03-03
CUST07845,68,Female,Mass,2023-11-06
CUST07846,58,Male,Mass,2021-08-03
CUST07847,59,Female,Premium,2024-02-10
CUST07848,51,Male,Mass,2023-05-05
CUST07849,18,Female,Mass,2024-03-26
CUST07850,48,Male,Premium,2022-03-01
CUST07851,47,Female,Mass,2025-01-15
CUST07852,65,Male,Mass,2021-11-14
CUST07853,35,Female,Mass,2021-12-26
CUST07854,34,Female,Mass,2024-10-31
CUST07855,55,Male,Mass,2023-07-25
CUST07856,31,Female,Mass,2023-08-16
CUST07857,40,Male,Premium,2023-07-09
CUST07858,42,Female,Premium,2023-06-21
CUST07859,32,Female,Mass,2024-08-12
CUST07860,63,Male,Mass,2021-07-17
CUST07861,39,Female,Mass,2025-05-13
CUST07862,20,Male,Mass,2022-02-02
CUST07863,36,Male,Mass,2022-08-13
CUST07864,61,Female,Mass,2021-08-30
CUST07865,51,Female,Premium,2022-03-05
CUST07866,52,Male,Business,2022-09-03
CUST07867,67,Male,Mass,2021-01-06
CUST07868,18,Female,Mass,2025-12-20
CUST07869,69,Male,Mass,2024-09-03
CUST07870,38,Female,Mass,2024-05-20
CUST07871,46,Female,Mass,2024-07-20
CUST07872,23,Male,Premium,2024-01-13
CUST07873,54,Male,Premium,2025-07-06
CUST07874,18,Female,Mass,2022-12-11
CUST07875,68,Male,Mass,2021-12-26
CUST07876,18,Female,Business,2024-11-05
CUST07877,44,Female,Premium,2025-04-13
CUST07878,38,Female,Mass,2024-03-10
CUST07879,70,Male,Mass,2025-03-14
CUST07880,33,Male,Premium,2024-04-11
CUST07881,61,Female,Mass,2023-11-10
CUST07882,57,Female,Mass,2025-07-11
CUST07883,43,Female,Mass,2022-05-18
CUST07884,33,Male,Premium,2025-05-09
CUST07885,45,Female,Mass,2021-08-15
CUST07886,18,Male,Mass,2021-04-19
CUST07887,53,Female,Premium,2023-01-13
CUST07888,27,Female,Premium,2024-09-05
CUST07889,60,Female,Premium,2024-08-24
CUST07890,34,Male,Mass,2025-10-31
CUST07891,40,Female,Mass,2023-03-22
CUST07892,24,Male,Mass,2024-01-16
CUST07893,61,Female,Mass,2023-02-25
CUST07894,70,Male,Premium,2021-08-16
CUST07895,24,Male,Premium,2023-05-02
CUST07896,61,Male,Mass,2024-08-26
CUST07897,32,Female,Mass,2023-04-08
CUST07898,51,Female,Mass,2022-01-14
CUST07899,63,Female,Mass,2025-05-26
CUST07900,62,Female,Mass,2025-10-30
CUST07901,21,Female,Mass,2022-01-20
CUST07902,31,Male,Mass,2021-04-23
CUST07903,31,Female,Premium,2024-08-09
CUST07904,33,Female,Mass,2024-08-21
CUST07905,24,Male,Mass,2021-10-18
CUST07906,49,Male,Premium,2024-02-03
CUST07907,36,Male,Mass,2021-10-18
CUST07908,19,Male,Mass,2025-02-09
CUST07909,27,Male,Mass,2025-03-25
CUST07910,67,Male,Premium,2022-11-08
CUST07911,34,Female,Premium,2021-03-01
CUST07912,54,Male,Premium,2024-08-28
CUST07913,29,Male,Mass,2021-04-16
CUST07914,23,Female,Premium,2022-09-15
CUST07915,39,Female,Mass,2021-03-30
CUST07916,49,Male,Mass,2024-07-15
CUST07917,58,Female,Business,2023-01-12
CUST07918,37,Male,Mass,2025-05-26
CUST07919,18,Male,Premium,2024-02-17
CUST07920,64,Male,Premium,2023-06-19
CUST07921,70,Female,Mass,2022-03-21
CUST07922,23,Female,Mass,2024-12-23
CUST07923,36,Female,Mass,2023-10-04
CUST07924,35,Other,Premium,2024-10-06
CUST07925,23,Female,Mass,2021-11-02
CUST07926,62,Female,Premium,2022-09-07
CUST07927,50,Female,Mass,2021-07-21
CUST07928,40,Male,Premium,2023-08-02
CUST07929,40,Male,Mass,2023-11-13
CUST07930,43,Female,Mass,2024-01-19
CUST07931,30,Female,Premium,2022-04-16
CUST07932,24,Female,Mass,2024-01-22
CUST07933,32,Male,Mass,2025-12-05
CUST07934,61,Female,Mass,2023-09-06
CUST07935,44,Female,Mass,2024-08-01
CUST07936,43,Male,Mass,2025-09-03
CUST07937,50,Female,Premium,2021-11-05
CUST07938,32,Female,Premium,2023-01-03
CUST07939,53,Female,Mass,2022-06-20
CUST07940,62,Female,Mass,2022-01-11
CUST07941,44,Male,Mass,2025-10-04
CUST07942,22,Male,Mass,2022-05-14
CUST07943,19,Female,Mass,2022-09-28
CUST07944,50,Male,Mass,2021-05-22
CUST07945,33,Male,Mass,2023-12-12
CUST07946,40,Male,Mass,2023-12-30
CUST07947,55,Male,Premium,2021-09-17
CUST07948,33,Male,Mass,2025-09-18
CUST07949,31,Male,Mass,2025-10-09
CUST07950,46,Female,Mass,2024-08-09
CUST07951,43,Female,Business,2022-01-13
CUST07952,52,Male,Premium,2023-11-29
CUST07953,32,Male,Mass,2021-12-14
CUST07954,20,Male,Mass,2025-05-21
CUST07955,40,Male,Premium,2025-03-29
CUST07956,46,Female,Mass,2025-09-26
CUST07957,51,Female,Business,2023-04-08
CUST07958,50,Female,Mass,2022-05-21
CUST07959,58,Male,Mass,2022-01-17
CUST07960,58,Female,Premium,2022-03-01
CUST07961,40,Male,Mass,2025-12-29
CUST07962,24,Female,Business,2024-12-30
CUST07963,20,Female,Premium,2025-07-27
CUST07964,49,Female,Mass,2025-09-27
CUST07965,48,Male,Mass,2021-11-18
CUST07966,35,Male,Premium,2025-06-02
CUST07967,60,Female,Mass,2021-09-07
CUST07968,24,Male,Mass,2025-11-03
CUST07969,58,Male,Mass,2021-06-29
CUST07970,18,Female,Mass,2023-10-01
CUST07971,31,Male,Premium,2025-09-09
CUST07972,69,Female,Mass,2021-01-29
CUST07973,49,Male,Mass,2025-02-28
CUST07974,23,Female,Premium,2025-08-29
CUST07975,56,Male,Mass,2024-09-11
CUST07976,27,Female,Mass,2023-01-08
CUST07977,24,Male,Premium,2025-07-30
CUST07978,43,Female,Mass,2021-07-06
CUST07979,51,Female,Mass,2021-02-24
CUST07980,47,Male,Mass,2023-05-28
CUST07981,53,Male,Premium,2022-05-29
CUST07982,38,Male,Mass,2024-12-04
CUST07983,34,Male,Mass,2021-01-17
CUST07984,50,Female,Mass,2025-05-14
CUST07985,27,Male,Premium,2021-03-29
CUST07986,68,Female,Mass,2024-05-31
CUST07987,64,Female,Premium,2025-12-13
CUST07988,59,Male,Mass,2023-12-18
CUST07989,68,Female,Mass,2022-12-05
CUST07990,29,Male,Premium,2025-05-05
CUST07991,33,Male,Mass,2022-12-26
CUST07992,58,Male,Mass,2024-06-07
CUST07993,49,Female,Mass,2024-03-23
CUST07994,32,Male,Mass,2024-07-20
CUST07995,44,Female,Mass,2023-12-06
CUST07996,45,Male,Business,2023-06-14
CUST07997,34,Female,Premium,2022-03-28
CUST07998,63,Female,Mass,2024-08-22
CUST07999,67,Male,Premium,2022-03-03
CUST08000,19,Female,Mass,2021-04-28
CUST08001,53,Female,Mass,2022-11-19
CUST08002,67,Male,Mass,2023-10-19
CUST08003,24,Male,Mass,2022-08-03
CUST08004,30,Male,Mass,2021-09-08
CUST08005,32,Female,Premium,2022-02-07
CUST08006,42,Female,Premium,2025-11-01
CUST08007,40,Male,Mass,2023-07-10
CUST08008,39,Male,Mass,2021-07-19
CUST08009,43,Male,Mass,2024-03-15
CUST08010,50,Female,Premium,2023-12-11
CUST08011,28,Female,Mass,2023-07-03
CUST08012,27,Female,Mass,2024-10-23
CUST08013,42,Male,Premium,2025-09-18
CUST08014,54,Male,Mass,2021-11-16
CUST08015,65,Male,Mass,2021-07-18
CUST08016,60,Female,Mass,2025-01-04
CUST08017,70,Male,Mass,2021-05-25
CUST08018,55,Male,Premium,2023-12-19
CUST08019,58,Female,Mass,2025-09-27
CUST08020,62,Male,Mass,2021-05-23
CUST08021,41,Male,Mass,2024-05-31
CUST08022,57,Female,Mass,2024-01-29
CUST08023,63,Male,Mass,2023-11-16
CUST08024,50,Male,Mass,2024-12-26
CUST08025,34,Male,Premium,2022-06-10
CUST08026,41,Male,Mass,2021-05-02
CUST08027,54,Male,Mass,2025-01-28
CUST08028,19,Female,Mass,2021-09-22
CUST08029,49,Male,Mass,2023-10-28
CUST08030,41,Female,Mass,2023-01-01
CUST08031,26,Male,Premium,2024-05-28
CUST08032,21,Male,Mass,2025-09-15
CUST08033,34,Male,Premium,2022-01-31
CUST08034,34,Male,Mass,2023-07-02
CUST08035,70,Male,Mass,2025-01-20
CUST08036,67,Male,Premium,2021-04-18
CUST08037,65,Female,Mass,2025-02-24
CUST08038,47,Male,Mass,2023-05-09
CUST08039,57,Female,Mass,2022-09-28
CUST08040,28,Male,Mass,2025-09-02
CUST08041,38,Male,Mass,2025-01-23
CUST08042,38,Male,Premium,2023-07-22
CUST08043,35,Female,Mass,2023-02-08
CUST08044,46,Female,Premium,2023-10-30
CUST08045,41,Female,Mass,2024-10-22
CUST08046,27,Male,Mass,2025-12-21
CUST08047,62,Male,Mass,2024-02-23
CUST08048,34,Female,Mass,2024-03-31
CUST08049,35,Male,Mass,2021-02-05
CUST08050,59,Male,Mass,2023-10-25
CUST08051,65,Male,Business,2022-02-17
CUST08052,37,Male,Premium,2024-01-16
CUST08053,54,Male,Premium,2022-04-28
CUST08054,62,Female,Mass,2023-07-01
CUST08055,35,Female,Premium,2025-12-05
CUST08056,34,Female,Mass,2022-08-26
CUST08057,26,Male,Premium,2023-12-18
CUST08058,31,Female,Mass,2024-03-09
CUST08059,66,Female,Mass,2021-06-21
CUST08060,46,Female,Business,2021-09-17
CUST08061,48,Male,Mass,2025-02-27
CUST08062,21,Female,Premium,2021-01-25
CUST08063,35,Male,Mass,2021-07-17
CUST08064,37,Female,Mass,2022-08-02
CUST08065,64,Male,Premium,2022-02-27
CUST08066,60,Male,Mass,2024-02-16
CUST08067,61,Male,Premium,2023-03-03
CUST08068,26,Female,Mass,2021-01-06
CUST08069,30,Male,Mass,2024-01-26
CUST08070,32,Female,Mass,2021-03-13
CUST08071,44,Female,Mass,2023-07-18
CUST08072,32,Female,Premium,2022-03-08
CUST08073,45,Female,Mass,2023-08-21
CUST08074,54,Female,Mass,2022-01-15
CUST08075,36,Female,Premium,2025-11-29
CUST08076,43,Male,Mass,2022-07-04
CUST08077,69,Female,Premium,2023-03-19
CUST08078,43,Female,Business,2021-02-25
CUST08079,42,Male,Mass,2022-09-07
CUST08080,43,Female,Mass,2024-02-01
CUST08081,43,Male,Mass,2021-08-04
CUST08082,63,Male,Premium,2021-01-21
CUST08083,45,Male,Mass,2025-07-09
CUST08084,66,Male,Premium,2021-07-29
CUST08085,35,Female,Mass,2021-10-18
CUST08086,49,Female,Premium,2022-12-16
CUST08087,70,Female,Premium,2023-04-15
CUST08088,20,Female,Business,2021-07-07
CUST08089,19,Male,Mass,2024-03-20
CUST08090,50,Male,Mass,2021-07-10
CUST08091,59,Female,Mass,2022-02-11
CUST08092,36,Female,Mass,2021-08-02
CUST08093,34,Male,Mass,2022-07-08
CUST08094,61,Other,Business,2025-02-10
CUST08095,50,Female,Premium,2023-08-18
CUST08096,29,Female,Mass,2024-05-02
CUST08097,66,Male,Premium,2024-06-27
CUST08098,20,Male,Mass,2022-08-16
CUST08099,60,Female,Mass,2021-02-10
CUST08100,66,Female,Premium,2022-01-05
CUST08101,43,Male,Business,2021-01-20
CUST08102,52,Female,Mass,2023-10-30
CUST08103,25,Female,Premium,2023-04-05
CUST08104,69,Male,Premium,2025-07-18
CUST08105,53,Male,Mass,2024-05-11
CUST08106,70,Female,Mass,2025-06-02
CUST08107,24,Male,Premium,2025-10-12
CUST08108,63,Female,Premium,2021-01-18
CUST08109,63,Male,Mass,2023-01-18
CUST08110,53,Female,Mass,2021-11-15
CUST08111,33,Female,Mass,2025-10-02
CUST08112,41,Male,Premium,2023-05-11
CUST08113,18,Female,Mass,2023-08-26
CUST08114,66,Male,Mass,2024-07-29
CUST08115,42,Male,Premium,2025-02-08
CUST08116,27,Female,Mass,2021-09-09
CUST08117,33,Female,Premium,2021-12-06
CUST08118,33,Male,Business,2023-01-21
CUST08119,25,Male,Premium,2023-08-26
CUST08120,46,Male,Business,2022-04-07
CUST08121,56,Male,Business,2025-12-10
CUST08122,45,Male,Mass,2022-09-23
CUST08123,23,Female,Premium,2022-02-05
CUST08124,33,Male,Premium,2022-01-06
CUST08125,37,Female,Mass,2021-10-09
CUST08126,33,Male,Mass,2022-01-25
CUST08127,24,Female,Mass,2021-12-03
CUST08128,58,Female,Mass,2024-09-30
CUST08129,31,Female,Mass,2025-03-23
CUST08130,60,Male,Mass,2021-09-30
CUST08131,43,Female,Premium,2024-06-30
CUST08132,43,Female,Mass,2023-10-17
CUST08133,31,Female,Mass,2022-10-02
CUST08134,24,Female,Mass,2024-10-29
CUST08135,50,Male,Mass,2025-06-16
CUST08136,43,Female,Premium,2023-03-29
CUST08137,62,Other,Mass,2021-01-06
CUST08138,37,Female,Mass,2024-12-08
CUST08139,20,Female,Premium,2022-08-09
CUST08140,69,Female,Mass,2025-03-02
CUST08141,21,Female,Premium,2023-12-16
CUST08142,43,Female,Mass,2024-11-22
CUST08143,28,Female,Mass,2023-04-02
CUST08144,19,Male,Mass,2021-08-26
CUST08145,31,Female,Mass,2022-05-05
CUST08146,61,Female,Mass,2023-11-12
CUST08147,47,Male,Mass,2022-03-17
CUST08148,66,Male,Premium,2023-12-01
CUST08149,29,Female,Premium,2023-05-08
CUST08150,43,Female,Mass,2025-12-07
CUST08151,61,Male,Mass,2021-09-15
CUST08152,50,Female,Business,2025-01-14
CUST08153,30,Female,Mass,2021-02-17
CUST08154,31,Male,Mass,2022-05-18
CUST08155,41,Male,Mass,2021-05-19
CUST08156,51,Female,Premium,2024-05-10
CUST08157,61,Female,Mass,2025-08-03
CUST08158,43,Male,Business,2022-05-24
CUST08159,38,Male,Mass,2022-10-16
CUST08160,45,Male,Mass,2024-08-02
CUST08161,65,Female,Mass,2024-06-10
CUST08162,53,Male,Mass,2024-09-01
CUST08163,57,Female,Mass,2022-04-06
CUST08164,19,Male,Premium,2022-11-01
CUST08165,59,Female,Mass,2025-04-23
CUST08166,26,Male,Premium,2025-05-30
CUST08167,40,Female,Mass,2024-09-06
CUST08168,32,Female,Mass,2024-04-13
CUST08169,30,Male,Mass,2023-11-29
CUST08170,40,Male,Mass,2022-03-09
CUST08171,34,Female,Mass,2022-04-30
CUST08172,65,Male,Premium,2025-05-28
CUST08173,19,Female,Mass,2023-12-18
CUST08174,37,Male,Mass,2022-05-11
CUST08175,37,Male,Mass,2023-05-25
CUST08176,63,Female,Premium,2022-08-24
CUST08177,20,Female,Premium,2025-12-14
CUST08178,29,Female,Mass,2024-03-03
CUST08179,57,Male,Mass,2022-10-17
CUST08180,19,Male,Premium,2025-03-13
CUST08181,53,Female,Premium,2022-08-30
CUST08182,31,Male,Mass,2021-06-05
CUST08183,33,Male,Mass,2021-07-20
CUST08184,36,Male,Premium,2023-10-19
CUST08185,51,Male,Mass,2022-05-14
CUST08186,61,Female,Mass,2024-11-26
CUST08187,63,Female,Mass,2025-02-28
CUST08188,23,Female,Mass,2022-05-03
CUST08189,30,Female,Business,2021-06-09
CUST08190,53,Female,Mass,2024-05-19
CUST08191,39,Female,Premium,2025-01-16
CUST08192,35,Female,Mass,2025-09-04
CUST08193,29,Male,Premium,2023-12-30
CUST08194,69,Male,Mass,2023-04-11
CUST08195,47,Female,Mass,2023-08-30
CUST08196,70,Male,Premium,2024-08-30
CUST08197,68,Male,Mass,2022-03-07
CUST08198,57,Female,Mass,2024-11-06
CUST08199,24,Female,Mass,2025-08-08
CUST08200,49,Female,Mass,2024-04-05
CUST08201,65,Male,Mass,2024-11-15
CUST08202,36,Female,Premium,2024-09-04
CUST08203,23,Female,Mass,2021-04-27
CUST08204,37,Female,Mass,2022-11-28
CUST08205,44,Male,Mass,2025-03-16
CUST08206,70,Male,Mass,2021-07-22
CUST08207,60,Male,Premium,2024-03-31
CUST08208,54,Male,Premium,2023-08-20
CUST08209,65,Male,Mass,2022-04-07
CUST08210,24,Male,Mass,2023-08-02
CUST08211,22,Female,Mass,2022-12-01
CUST08212,28,Female,Mass,2025-04-28
CUST08213,32,Female,Mass,2021-07-20
CUST08214,20,Male,Mass,2024-06-08
CUST08215,22,Male,Mass,2022-05-31
CUST08216,40,Male,Mass,2025-11-11
CUST08217,70,Male,Mass,2024-05-14
CUST08218,54,Male,Mass,2024-09-16
CUST08219,26,Female,Business,2022-08-29
CUST08220,32,Female,Mass,2023-01-14
CUST08221,20,Female,Mass,2023-05-25
CUST08222,46,Female,Mass,2021-12-13
CUST08223,23,Female,Premium,2021-12-15
CUST08224,34,Female,Mass,2024-03-29
CUST08225,43,Female,Mass,2025-07-07
CUST08226,38,Female,Mass,2024-06-29
CUST08227,25,Female,Premium,2024-05-30
CUST08228,38,Female,Premium,2023-05-08
CUST08229,28,Male,Mass,2025-06-18
CUST08230,55,Female,Premium,2022-01-29
CUST08231,25,Female,Premium,2024-11-20
CUST08232,59,Female,Business,2023-09-21
CUST08233,41,Male,Business,2023-09-05
CUST08234,52,Male,Mass,2021-06-16
CUST08235,31,Female,Premium,2023-09-03
CUST08236,31,Female,Mass,2022-03-28
CUST08237,27,Male,Mass,2024-03-07
CUST08238,29,Female,Mass,2023-05-10
CUST08239,55,Female,Mass,2021-07-29
CUST08240,61,Male,Mass,2023-02-07
CUST08241,63,Female,Business,2025-05-28
CUST08242,51,Male,Mass,2021-08-02
CUST08243,58,Female,Mass,2025-12-07
CUST08244,27,Female,Mass,2024-10-15
CUST08245,34,Female,Mass,2025-08-14
CUST08246,34,Female,Business,2024-06-12
CUST08247,20,Male,Premium,2023-08-31
CUST08248,48,Female,Mass,2025-10-18
CUST08249,68,Female,Business,2024-11-21
CUST08250,18,Female,Mass,2021-10-31
CUST08251,29,Male,Business,2024-02-07
CUST08252,56,Male,Mass,2023-05-07
CUST08253,21,Female,Premium,2023-05-11
CUST08254,59,Female,Mass,2023-03-19
CUST08255,30,Male,Business,2024-11-14
CUST08256,51,Other,Mass,2021-04-30
CUST08257,59,Female,Mass,2025-06-22
CUST08258,38,Female,Premium,2024-05-18
CUST08259,39,Female,Mass,2022-03-03
CUST08260,21,Female,Premium,2025-04-17
CUST08261,35,Female,Premium,2023-08-03
CUST08262,22,Male,Mass,2021-11-26
CUST08263,36,Female,Mass,2024-06-03
CUST08264,19,Female,Premium,2025-10-17
CUST08265,29,Female,Premium,2022-09-27
CUST08266,34,Female,Mass,2024-03-16
CUST08267,27,Male,Mass,2024-09-25
CUST08268,51,Male,Mass,2022-07-18
CUST08269,23,Female,Mass,2021-06-29
CUST08270,25,Male,Mass,2021-10-17
CUST08271,68,Female,Premium,2021-07-06
CUST08272,28,Male,Premium,2022-05-01
CUST08273,29,Male,Premium,2024-09-22
CUST08274,26,Male,Mass,2024-02-06
CUST08275,19,Female,Mass,2024-02-24
CUST08276,25,Female,Premium,2023-02-12
CUST08277,28,Female,Premium,2025-09-26
CUST08278,70,Female,Premium,2023-11-24
CUST08279,53,Male,Mass,2025-01-01
CUST08280,27,Male,Mass,2024-07-23
CUST08281,38,Female,Mass,2025-02-26
CUST08282,37,Female,Mass,2021-07-01
CUST08283,65,Male,Premium,2024-06-16
CUST08284,25,Female,Mass,2024-10-03
CUST08285,53,Female,Premium,2021-05-26
CUST08286,46,Male,Mass,2023-12-04
CUST08287,59,Male,Mass,2022-05-14
CUST08288,29,Female,Premium,2023-03-14
CUST08289,31,Male,Mass,2024-08-11
CUST08290,65,Male,Premium,2025-11-30
CUST08291,67,Female,Premium,2022-06-15
CUST08292,38,Male,Premium,2025-10-17
CUST08293,39,Female,Mass,2021-07-30
CUST08294,38,Male,Mass,2023-06-12
CUST08295,61,Female,Mass,2024-11-26
CUST08296,67,Female,Premium,2024-06-08
CUST08297,47,Male,Mass,2024-09-24
CUST08298,56,Male,Mass,2021-01-05
CUST08299,37,Female,Mass,2021-11-07
CUST08300,41,Female,Mass,2025-12-10
CUST08301,40,Female,Premium,2021-06-11
CUST08302,24,Male,Mass,2021-08-04
CUST08303,26,Female,Mass,2023-02-25
CUST08304,18,Female,Mass,2023-04-16
CUST08305,43,Female,Premium,2025-06-24
CUST08306,55,Female,Premium,2024-04-09
CUST08307,55,Male,Mass,2021-09-09
CUST08308,61,Female,Mass,2025-09-01
CUST08309,39,Male,Mass,2023-11-28
CUST08310,61,Male,Mass,2021-08-16
CUST08311,27,Female,Mass,2023-06-28
CUST08312,23,Other,Mass,2025-07-19
CUST08313,34,Male,Premium,2024-07-25
CUST08314,68,Female,Business,2021-10-12
CUST08315,67,Male,Mass,2025-03-14
CUST08316,55,Female,Mass,2022-10-11
CUST08317,41,Female,Mass,2022-01-01
CUST08318,68,Male,Mass,2025-07-02
CUST08319,27,Male,Mass,2023-12-28
CUST08320,25,Male,Premium,2024-02-02
CUST08321,38,Male,Mass,2024-11-25
CUST08322,23,Male,Premium,2024-06-23
CUST08323,38,Female,Mass,2025-08-28
CUST08324,56,Male,Business,2021-07-11
CUST08325,41,Female,Mass,2025-09-27
CUST08326,50,Male,Premium,2022-10-06
CUST08327,35,Female,Mass,2024-08-12
CUST08328,45,Male,Premium,2024-03-13
CUST08329,69,Male,Mass,2023-06-26
CUST08330,49,Female,Mass,2023-01-01
CUST08331,29,Male,Mass,2021-01-26
CUST08332,65,Female,Mass,2024-06-28
CUST08333,59,Female,Mass,2025-06-19
CUST08334,44,Female,Mass,2022-12-13
CUST08335,27,Male,Mass,2022-09-07
CUST08336,63,Male,Business,2021-07-12
CUST08337,69,Female,Mass,2022-01-16
CUST08338,59,Female,Premium,2023-10-23
CUST08339,49,Male,Mass,2025-11-18
CUST08340,59,Male,Mass,2025-06-15
CUST08341,43,Male,Mass,2023-12-05
CUST08342,42,Male,Mass,2023-07-28
CUST08343,28,Male,Mass,2021-01-03
CUST08344,40,Female,Mass,2023-07-19
CUST08345,51,Male,Mass,2025-01-12
CUST08346,69,Male,Premium,2025-05-19
CUST08347,57,Male,Mass,2024-03-04
CUST08348,40,Female,Premium,2024-08-07
CUST08349,46,Male,Business,2021-10-05
CUST08350,48,Male,Mass,2021-06-25
CUST08351,24,Male,Premium,2021-10-09
CUST08352,57,Male,Mass,2024-02-18
CUST08353,50,Male,Premium,2025-12-03
CUST08354,38,Female,Mass,2024-04-12
CUST08355,19,Female,Mass,2025-01-02
CUST08356,35,Male,Mass,2022-04-04
CUST08357,64,Female,Premium,2025-07-12
CUST08358,50,Male,Premium,2023-08-09
CUST08359,54,Male,Mass,2021-12-07
CUST08360,51,Other,Mass,2022-11-28
CUST08361,37,Female,Premium,2025-11-14
CUST08362,52,Other,Premium,2022-12-27
CUST08363,68,Male,Mass,2021-05-01
CUST08364,67,Male,Mass,2022-07-29
CUST08365,35,Female,Premium,2025-08-12
CUST08366,63,Female,Premium,2025-02-25
CUST08367,41,Male,Mass,2021-10-03
CUST08368,25,Female,Premium,2023-08-27
CUST08369,47,Female,Mass,2023-09-14
CUST08370,61,Male,Premium,2021-01-29
CUST08371,70,Female,Mass,2025-10-27
CUST08372,27,Female,Mass,2022-11-16
CUST08373,40,Male,Premium,2024-06-21
CUST08374,69,Other,Mass,2021-11-17
CUST08375,66,Male,Premium,2022-10-05
CUST08376,28,Male,Premium,2021-12-18
CUST08377,19,Female,Business,2022-06-16
CUST08378,43,Other,Mass,2024-01-10
CUST08379,53,Female,Premium,2024-08-09
CUST08380,50,Female,Premium,2021-10-21
CUST08381,64,Female,Premium,2025-03-01
CUST08382,30,Female,Mass,2022-04-03
CUST08383,57,Male,Mass,2023-01-17
CUST08384,42,Female,Mass,2023-01-03
CUST08385,21,Female,Mass,2025-09-02
CUST08386,59,Male,Premium,2025-05-01
CUST08387,36,Female,Mass,2023-12-20
CUST08388,35,Female,Premium,2025-06-20
CUST08389,54,Female,Mass,2025-12-10
CUST08390,47,Male,Mass,2022-06-27
CUST08391,36,Female,Mass,2022-01-15
CUST08392,40,Male,Mass,2021-11-20
CUST08393,33,Male,Mass,2025-07-10
CUST08394,18,Female,Mass,2023-12-22
CUST08395,29,Female,Premium,2023-08-03
CUST08396,41,Male,Mass,2024-03-15
CUST08397,51,Male,Business,2023-04-23
CUST08398,70,Female,Business,2021-12-28
CUST08399,25,Other,Mass,2021-02-22
CUST08400,35,Female,Premium,2022-02-06
CUST08401,65,Female,Premium,2025-05-06
CUST08402,22,Male,Mass,2022-11-12
CUST08403,43,Male,Mass,2023-09-20
CUST08404,47,Male,Premium,2023-05-19
CUST08405,30,Male,Business,2022-12-08
CUST08406,36,Male,Mass,2025-01-12
CUST08407,46,Male,Mass,2024-01-12
CUST08408,20,Female,Mass,2022-01-14
CUST08409,43,Male,Mass,2022-10-08
CUST08410,57,Female,Mass,2025-01-21
CUST08411,29,Female,Premium,2023-07-22
CUST08412,19,Female,Mass,2025-12-09
CUST08413,28,Female,Mass,2021-03-22
CUST08414,61,Female,Premium,2023-01-01
CUST08415,45,Male,Mass,2022-05-29
CUST08416,35,Male,Mass,2024-08-25
CUST08417,30,Male,Premium,2023-07-10
CUST08418,54,Male,Business,2023-02-02
CUST08419,39,Female,Premium,2022-05-09
CUST08420,29,Female,Mass,2024-06-13
CUST08421,19,Female,Mass,2025-08-19
CUST08422,54,Male,Mass,2023-07-30
CUST08423,24,Other,Premium,2023-11-27
CUST08424,43,Male,Mass,2023-01-11
CUST08425,43,Female,Business,2025-08-08
CUST08426,41,Male,Business,2021-11-21
CUST08427,29,Male,Mass,2023-12-16
CUST08428,33,Male,Business,2024-02-19
CUST08429,40,Female,Business,2021-11-10
CUST08430,57,Male,Mass,2024-05-19
CUST08431,26,Male,Mass,2025-12-01
CUST08432,49,Female,Premium,2021-04-13
CUST08433,32,Female,Mass,2022-03-15
CUST08434,54,Male,Mass,2023-03-28
CUST08435,30,Female,Mass,2023-01-17
CUST08436,22,Male,Mass,2021-02-07
CUST08437,28,Male,Business,2023-03-24
CUST08438,27,Male,Mass,2025-07-02
CUST08439,69,Male,Premium,2024-12-08
CUST08440,30,Female,Mass,2024-06-01
CUST08441,58,Female,Premium,2023-10-14
CUST08442,70,Male,Premium,2024-08-09
CUST08443,63,Female,Mass,2025-09-16
CUST08444,67,Female,Mass,2021-06-04
CUST08445,32,Male,Premium,2023-11-22
CUST08446,59,Male,Mass,2024-06-11
CUST08447,24,Female,Premium,2022-05-04
CUST08448,57,Female,Mass,2025-11-21
CUST08449,45,Female,Mass,2025-05-13
CUST08450,49,Female,Premium,2024-09-18
CUST08451,52,Male,Mass,2025-08-26
CUST08452,32,Female,Mass,2023-11-07
CUST08453,65,Male,Mass,2024-12-08
CUST08454,53,Female,Mass,2025-11-25
CUST08455,38,Female,Premium,2025-08-09
CUST08456,23,Male,Mass,2025-10-31
CUST08457,18,Male,Premium,2021-08-28
CUST08458,21,Female,Premium,2024-08-02
CUST08459,28,Male,Mass,2021-12-12
CUST08460,61,Female,Mass,2024-10-30
CUST08461,43,Female,Business,2021-01-16
CUST08462,54,Female,Business,2022-08-10
CUST08463,40,Male,Mass,2023-08-08
CUST08464,46,Female,Premium,2021-09-17
CUST08465,38,Female,Mass,2021-12-27
CUST08466,65,Female,Mass,2024-11-23
CUST08467,62,Female,Premium,2022-04-05
CUST08468,62,Other,Mass,2025-03-20
CUST08469,66,Female,Mass,2023-07-20
CUST08470,44,Male,Premium,2025-11-22
CUST08471,56,Female,Premium,2024-01-14
CUST08472,57,Male,Business,2023-12-23
CUST08473,30,Male,Mass,2021-04-10
CUST08474,40,Male,Mass,2023-01-25
CUST08475,33,Female,Mass,2021-10-22
CUST08476,47,Female,Premium,2024-03-31
CUST08477,21,Female,Business,2023-07-18
CUST08478,57,Male,Premium,2024-04-16
CUST08479,33,Male,Premium,2025-01-07
CUST08480,48,Male,Mass,2021-11-24
CUST08481,70,Female,Mass,2024-09-13
CUST08482,59,Male,Mass,2023-02-03
CUST08483,42,Male,Premium,2023-12-02
CUST08484,61,Male,Mass,2021-08-30
CUST08485,29,Female,Mass,2024-09-27
CUST08486,43,Female,Mass,2024-01-20
CUST08487,54,Female,Mass,2023-11-18
CUST08488,65,Male,Premium,2022-04-04
CUST08489,50,Male,Mass,2022-10-29
CUST08490,45,Male,Premium,2025-07-13
CUST08491,26,Male,Mass,2024-11-09
CUST08492,29,Male,Mass,2025-02-19
CUST08493,22,Male,Mass,2021-08-08
CUST08494,69,Male,Business,2023-05-09
CUST08495,45,Male,Mass,2021-09-21
CUST08496,52,Male,Mass,2021-05-01
CUST08497,22,Female,Mass,2023-12-06
CUST08498,51,Other,Mass,2024-07-27
CUST08499,63,Female,Mass,2024-02-13
CUST08500,51,Male,Mass,2024-04-06
CUST08501,30,Male,Business,2022-03-11
CUST08502,56,Female,Premium,2024-06-23
CUST08503,59,Male,Mass,2022-04-29
CUST08504,62,Female,Premium,2024-10-30
CUST08505,65,Female,Premium,2021-10-07
CUST08506,31,Female,Premium,2025-11-05
CUST08507,28,Female,Mass,2023-11-12
CUST08508,59,Female,Mass,2022-12-15
CUST08509,55,Female,Premium,2021-03-09
CUST08510,21,Male,Premium,2025-07-30
CUST08511,70,Male,Mass,2023-01-13
CUST08512,50,Male,Mass,2023-12-18
CUST08513,24,Male,Mass,2025-03-31
CUST08514,58,Male,Mass,2024-07-11
CUST08515,25,Male,Mass,2025-09-02
CUST08516,54,Female,Mass,2024-12-17
CUST08517,68,Male,Mass,2023-10-19
CUST08518,27,Male,Mass,2025-03-03
CUST08519,60,Male,Mass,2021-10-18
CUST08520,32,Female,Mass,2021-06-18
CUST08521,55,Male,Mass,2025-05-03
CUST08522,32,Female,Mass,2025-01-25
CUST08523,22,Female,Mass,2025-06-20
CUST08524,46,Female,Mass,2022-07-10
CUST08525,36,Male,Mass,2021-12-19
CUST08526,68,Male,Mass,2024-06-17
CUST08527,27,Female,Mass,2021-10-10
CUST08528,29,Male,Mass,2025-01-12
CUST08529,21,Male,Premium,2025-05-25
CUST08530,48,Male,Mass,2025-11-24
CUST08531,35,Female,Premium,2023-12-26
CUST08532,33,Male,Mass,2024-09-12
CUST08533,57,Female,Premium,2022-04-01
CUST08534,53,Male,Mass,2023-08-17
CUST08535,42,Female,Mass,2023-10-02
CUST08536,40,Female,Mass,2022-04-22
CUST08537,29,Male,Premium,2021-10-12
CUST08538,51,Male,Mass,2021-01-31
CUST08539,53,Male,Premium,2022-03-24
CUST08540,54,Male,Mass,2021-08-02
CUST08541,20,Female,Premium,2025-09-13
CUST08542,26,Male,Premium,2025-10-04
CUST08543,70,Female,Business,2025-05-23
CUST08544,35,Male,Premium,2023-11-15
CUST08545,60,Male,Mass,2025-11-19
CUST08546,52,Female,Mass,2024-10-28
CUST08547,51,Female,Mass,2022-02-01
CUST08548,58,Male,Mass,2021-12-03
CUST08549,31,Female,Mass,2023-07-25
CUST08550,21,Male,Mass,2023-08-26
CUST08551,46,Female,Premium,2023-05-05
CUST08552,58,Male,Mass,2023-06-22
CUST08553,62,Male,Mass,2022-11-03
CUST08554,67,Female,Mass,2024-07-27
CUST08555,32,Male,Premium,2023-02-08
CUST08556,45,Male,Mass,2022-09-15
CUST08557,59,Male,Mass,2022-07-13
CUST08558,33,Female,Business,2025-09-11
CUST08559,29,Female,Mass,2022-07-02
CUST08560,69,Female,Premium,2023-07-12
CUST08561,22,Female,Premium,2024-05-06
CUST08562,51,Female,Mass,2022-07-08
CUST08563,59,Male,Business,2022-04-24
CUST08564,18,Male,Premium,2023-04-24
CUST08565,56,Female,Mass,2025-06-14
CUST08566,49,Male,Mass,2025-05-23
CUST08567,43,Male,Mass,2021-03-11
CUST08568,34,Female,Premium,2022-05-20
CUST08569,65,Female,Mass,2021-04-20
CUST08570,44,Male,Premium,2024-11-06
CUST08571,41,Male,Mass,2022-02-01
CUST08572,52,Female,Premium,2024-12-03
CUST08573,63,Male,Premium,2021-12-17
CUST08574,59,Male,Mass,2025-04-07
CUST08575,56,Male,Mass,2025-03-05
CUST08576,43,Other,Premium,2023-09-22
CUST08577,66,Male,Mass,2023-02-28
CUST08578,55,Female,Premium,2025-09-27
CUST08579,40,Male,Mass,2022-02-25
CUST08580,39,Male,Premium,2025-04-30
CUST08581,21,Male,Premium,2023-07-11
CUST08582,66,Female,Mass,2021-04-21
CUST08583,26,Female,Premium,2021-07-28
CUST08584,21,Male,Mass,2025-11-01
CUST08585,24,Female,Business,2025-01-02
CUST08586,40,Male,Mass,2024-04-16
CUST08587,19,Female,Mass,2023-07-20
CUST08588,66,Male,Premium,2025-11-21
CUST08589,41,Female,Premium,2022-03-01
CUST08590,57,Male,Mass,2021-11-24
CUST08591,48,Female,Business,2021-01-11
CUST08592,64,Female,Mass,2024-06-29
CUST08593,48,Male,Business,2023-05-06
CUST08594,64,Male,Mass,2024-06-12
CUST08595,57,Male,Mass,2025-07-30
CUST08596,65,Female,Mass,2021-09-11
CUST08597,68,Male,Business,2025-05-09
CUST08598,60,Female,Mass,2025-02-10
CUST08599,51,Female,Business,2021-05-09
CUST08600,41,Male,Premium,2025-10-28
CUST08601,66,Male,Mass,2025-04-05
CUST08602,43,Female,Mass,2021-04-10
CUST08603,33,Female,Mass,2021-10-17
CUST08604,64,Female,Mass,2025-05-12
CUST08605,30,Male,Mass,2024-06-03
CUST08606,32,Male,Business,2025-08-04
CUST08607,44,Female,Mass,2024-02-23
CUST08608,21,Female,Business,2025-01-01
CUST08609,33,Female,Mass,2025-05-07
CUST08610,47,Male,Mass,2022-10-08
CUST08611,61,Male,Mass,2022-10-27
CUST08612,47,Male,Premium,2024-10-02
CUST08613,53,Female,Mass,2022-11-29
CUST08614,20,Male,Business,2025-11-10
CUST08615,39,Female,Mass,2021-07-02
CUST08616,66,Female,Business,2021-12-17
CUST08617,39,Male,Premium,2025-03-19
CUST08618,67,Male,Premium,2025-12-25
CUST08619,67,Female,Mass,2024-11-02
CUST08620,66,Male,Mass,2022-12-09
CUST08621,29,Male,Premium,2025-01-28
CUST08622,38,Male,Mass,2022-11-09
CUST08623,21,Female,Premium,2023-03-13
CUST08624,48,Female,Premium,2021-12-06
CUST08625,61,Female,Mass,2024-03-10
CUST08626,48,Female,Mass,2021-04-21
CUST08627,40,Female,Mass,2021-09-18
CUST08628,70,Female,Mass,2024-04-26
CUST08629,37,Other,Premium,2022-01-06
CUST08630,32,Male,Premium,2024-10-13
CUST08631,40,Male,Mass,2024-07-20
CUST08632,45,Female,Premium,2025-09-17
CUST08633,33,Female,Mass,2025-12-28
CUST08634,54,Male,Mass,2022-08-27
CUST08635,38,Other,Mass,2022-03-25
CUST08636,32,Male,Business,2025-09-26
CUST08637,34,Male,Business,2024-12-11
CUST08638,67,Female,Mass,2023-05-11
CUST08639,54,Male,Mass,2024-11-12
CUST08640,30,Female,Mass,2024-09-23
CUST08641,36,Male,Premium,2024-08-27
CUST08642,47,Male,Mass,2024-09-14
CUST08643,62,Female,Mass,2023-12-07
CUST08644,35,Female,Premium,2022-10-18
CUST08645,31,Male,Mass,2021-05-29
CUST08646,53,Female,Mass,2021-12-16
CUST08647,53,Female,Mass,2021-11-19
CUST08648,37,Male,Premium,2023-05-15
CUST08649,69,Male,Business,2024-02-18
CUST08650,36,Female,Mass,2023-10-02
CUST08651,62,Female,Mass,2022-02-02
CUST08652,61,Male,Mass,2022-10-08
CUST08653,24,Male,Mass,2024-05-05
CUST08654,61,Male,Mass,2022-02-17
CUST08655,70,Male,Mass,2025-01-02
CUST08656,21,Female,Mass,2021-02-06
CUST08657,51,Female,Premium,2021-07-06
CUST08658,19,Male,Mass,2022-02-24
CUST08659,22,Female,Business,2022-12-26
CUST08660,27,Female,Mass,2025-01-23
CUST08661,49,Female,Mass,2024-02-08
CUST08662,59,Female,Mass,2021-07-06
CUST08663,58,Female,Mass,2022-04-16
CUST08664,30,Female,Premium,2024-01-07
CUST08665,56,Male,Premium,2024-10-29
CUST08666,22,Female,Mass,2023-03-21
CUST08667,27,Female,Premium,2021-11-26
CUST08668,27,Male,Business,2024-02-23
CUST08669,55,Male,Mass,2024-09-01
CUST08670,44,Male,Mass,2023-08-16
CUST08671,68,Female,Mass,2021-11-16
CUST08672,38,Female,Premium,2022-04-20
CUST08673,25,Female,Mass,2025-02-21
CUST08674,18,Male,Mass,2023-04-06
CUST08675,45,Female,Mass,2022-05-29
CUST08676,66,Male,Mass,2021-11-30
CUST08677,56,Female,Premium,2023-12-31
CUST08678,31,Male,Mass,2022-04-10
CUST08679,38,Female,Mass,2024-10-31
CUST08680,47,Female,Business,2022-12-25
CUST08681,38,Female,Mass,2021-01-08
CUST08682,66,Female,Mass,2025-09-16
CUST08683,26,Male,Premium,2021-06-13
CUST08684,34,Male,Premium,2023-02-20
CUST08685,22,Female,Mass,2024-08-11
CUST08686,48,Female,Mass,2021-12-24
CUST08687,69,Male,Premium,2021-03-22
CUST08688,57,Female,Mass,2023-02-13
CUST08689,55,Female,Premium,2024-07-22
CUST08690,60,Female,Premium,2023-07-10
CUST08691,36,Female,Mass,2023-06-18
CUST08692,53,Female,Premium,2025-06-29
CUST08693,67,Female,Mass,2025-04-13
CUST08694,50,Female,Premium,2023-07-11
CUST08695,30,Female,Premium,2023-12-07
CUST08696,31,Female,Mass,2024-11-16
CUST08697,50,Male,Mass,2023-04-05
CUST08698,46,Male,Mass,2025-05-10
CUST08699,60,Male,Mass,2023-10-15
CUST08700,66,Female,Mass,2024-01-08
CUST08701,53,Female,Premium,2025-03-17
CUST08702,61,Female,Mass,2022-11-11
CUST08703,27,Female,Mass,2023-11-13
CUST08704,48,Male,Premium,2024-06-05
CUST08705,23,Male,Mass,2022-03-14
CUST08706,18,Female,Premium,2024-08-14
CUST08707,24,Male,Mass,2023-08-04
CUST08708,44,Male,Mass,2024-07-07
CUST08709,38,Female,Mass,2023-02-15
CUST08710,45,Male,Premium,2022-11-07
CUST08711,33,Female,Mass,2021-01-10
CUST08712,63,Male,Mass,2025-07-10
CUST08713,40,Female,Mass,2021-06-07
CUST08714,69,Male,Premium,2023-05-18
CUST08715,37,Male,Mass,2023-02-23
CUST08716,55,Female,Premium,2024-03-27
CUST08717,42,Female,Premium,2021-11-16
CUST08718,45,Female,Mass,2024-05-10
CUST08719,22,Male,Mass,2021-05-01
CUST08720,38,Male,Mass,2021-05-19
CUST08721,35,Female,Mass,2022-11-05
CUST08722,64,Male,Mass,2025-10-10
CUST08723,23,Male,Mass,2025-05-10
CUST08724,46,Female,Mass,2024-09-24
CUST08725,36,Male,Mass,2024-07-07
CUST08726,50,Male,Mass,2024-12-27
CUST08727,18,Male,Mass,2021-02-13
CUST08728,62,Other,Premium,2024-03-28
CUST08729,20,Male,Mass,2023-03-27
CUST08730,59,Female,Mass,2024-10-10
CUST08731,38,Male,Mass,2021-04-08
CUST08732,52,Female,Mass,2025-04-11
CUST08733,58,Male,Mass,2025-09-30
CUST08734,57,Female,Mass,2025-06-21
CUST08735,20,Female,Mass,2021-08-27
CUST08736,42,Female,Premium,2022-04-20
CUST08737,62,Female,Premium,2022-06-08
CUST08738,55,Female,Mass,2022-07-11
CUST08739,62,Male,Premium,2024-11-16
CUST08740,37,Male,Mass,2021-01-09
CUST08741,69,Male,Mass,2025-03-17
CUST08742,61,Female,Mass,2024-11-13
CUST08743,62,Male,Premium,2024-05-18
CUST08744,51,Female,Mass,2023-12-14
CUST08745,38,Male,Premium,2022-09-08
CUST08746,65,Female,Mass,2021-06-01
CUST08747,40,Male,Mass,2022-02-14
CUST08748,23,Male,Mass,2021-01-10
CUST08749,68,Female,Premium,2023-08-15
CUST08750,70,Female,Mass,2022-07-06
CUST08751,30,Female,Mass,2022-07-10
CUST08752,66,Female,Mass,2023-05-30
CUST08753,40,Female,Mass,2021-09-25
CUST08754,26,Female,Mass,2023-10-11
CUST08755,34,Female,Mass,2025-12-19
CUST08756,19,Female,Mass,2022-10-29
CUST08757,36,Male,Mass,2022-03-27
CUST08758,36,Male,Mass,2022-08-17
CUST08759,24,Female,Mass,2024-05-05
CUST08760,59,Female,Mass,2022-02-02
CUST08761,59,Male,Mass,2023-07-10
CUST08762,37,Male,Premium,2023-12-12
CUST08763,26,Female,Mass,2025-10-25
CUST08764,34,Male,Business,2025-02-01
CUST08765,44,Female,Mass,2024-10-23
CUST08766,64,Female,Premium,2024-10-29
CUST08767,19,Male,Premium,2023-12-19
CUST08768,53,Female,Premium,2021-10-21
CUST08769,36,Female,Business,2023-02-27
CUST08770,34,Female,Mass,2025-12-17
CUST08771,22,Male,Mass,2023-08-10
CUST08772,56,Male,Mass,2023-05-19
CUST08773,35,Female,Mass,2021-04-20
CUST08774,70,Male,Premium,2025-04-15
CUST08775,24,Male,Mass,2021-04-17
CUST08776,34,Male,Premium,2023-10-10
CUST08777,56,Male,Mass,2021-10-24
CUST08778,53,Male,Mass,2023-04-19
CUST08779,57,Male,Business,2024-01-24
CUST08780,62,Female,Mass,2025-12-26
CUST08781,21,Female,Mass,2025-10-09
CUST08782,55,Male,Mass,2023-09-12
CUST08783,42,Female,Premium,2023-04-25
CUST08784,22,Male,Premium,2025-09-04
CUST08785,47,Female,Premium,2025-02-04
CUST08786,29,Male,Mass,2021-03-20
CUST08787,21,Male,Mass,2024-06-27
CUST08788,41,Female,Mass,2022-12-31
CUST08789,46,Male,Mass,2021-12-05
CUST08790,26,Female,Mass,2021-02-26
CUST08791,21,Male,Mass,2023-07-09
CUST08792,68,Male,Mass,2021-05-27
CUST08793,41,Female,Mass,2023-01-16
CUST08794,31,Female,Mass,2023-11-07
CUST08795,22,Male,Mass,2022-01-03
CUST08796,35,Male,Mass,2022-12-10
CUST08797,59,Male,Mass,2024-04-27
CUST08798,36,Female,Mass,2025-07-26
CUST08799,29,Female,Premium,2021-09-05
CUST08800,35,Male,Mass,2021-05-30
CUST08801,34,Female,Premium,2022-12-15
CUST08802,47,Male,Mass,2024-05-21
CUST08803,41,Male,Mass,2021-08-05
CUST08804,28,Male,Mass,2023-10-27
CUST08805,52,Female,Mass,2022-11-01
CUST08806,40,Male,Mass,2023-05-11
CUST08807,34,Male,Mass,2025-05-30
CUST08808,18,Female,Premium,2024-11-19
CUST08809,32,Male,Mass,2025-11-22
CUST08810,49,Male,Mass,2021-10-31
CUST08811,26,Male,Mass,2025-05-01
CUST08812,32,Female,Mass,2024-12-05
CUST08813,45,Female,Premium,2022-02-07
CUST08814,41,Male,Mass,2023-05-10
CUST08815,52,Male,Mass,2022-01-15
CUST08816,39,Male,Mass,2022-03-28
CUST08817,44,Male,Mass,2024-06-06
CUST08818,36,Female,Mass,2022-11-25
CUST08819,62,Male,Mass,2025-03-09
CUST08820,29,Male,Premium,2025-06-07
CUST08821,37,Female,Premium,2021-05-25
CUST08822,18,Male,Mass,2021-02-19
CUST08823,38,Female,Premium,2024-12-18
CUST08824,66,Male,Mass,2024-01-29
CUST08825,62,Female,Mass,2021-12-09
CUST08826,18,Male,Business,2023-06-01
CUST08827,27,Female,Mass,2025-10-22
CUST08828,64,Male,Mass,2025-08-02
CUST08829,49,Female,Mass,2023-06-09
CUST08830,56,Male,Premium,2025-03-30
CUST08831,39,Female,Mass,2023-11-03
CUST08832,35,Male,Premium,2023-02-01
CUST08833,65,Female,Mass,2023-04-28
CUST08834,63,Female,Mass,2023-07-13
CUST08835,49,Female,Mass,2024-04-10
CUST08836,44,Female,Mass,2025-02-21
CUST08837,45,Male,Premium,2024-10-14
CUST08838,35,Male,Premium,2024-02-04
CUST08839,56,Female,Mass,2021-07-08
CUST08840,66,Male,Mass,2025-04-02
CUST08841,46,Male,Mass,2023-12-10
CUST08842,35,Male,Mass,2024-06-26
CUST08843,61,Male,Mass,2022-02-14
CUST08844,25,Female,Premium,2024-11-15
CUST08845,48,Female,Mass,2024-11-03
CUST08846,51,Female,Premium,2021-08-15
CUST08847,24,Male,Premium,2025-06-03
CUST08848,53,Female,Mass,2025-12-13
CUST08849,35,Female,Premium,2021-08-01
CUST08850,55,Female,Premium,2025-04-02
CUST08851,26,Female,Mass,2023-10-02
CUST08852,26,Female,Mass,2024-10-01
CUST08853,63,Male,Mass,2022-02-23
CUST08854,25,Male,Premium,2025-11-22
CUST08855,68,Male,Mass,2024-01-13
CUST08856,52,Female,Premium,2023-07-08
CUST08857,35,Female,Mass,2024-05-05
CUST08858,22,Female,Mass,2023-02-16
CUST08859,31,Female,Business,2025-04-03
CUST08860,45,Female,Mass,2021-08-09
CUST08861,47,Female,Premium,2025-11-06
CUST08862,21,Female,Mass,2021-06-25
CUST08863,56,Male,Mass,2022-08-07
CUST08864,37,Male,Mass,2025-06-15
CUST08865,42,Male,Premium,2024-09-07
CUST08866,45,Male,Premium,2022-06-19
CUST08867,29,Female,Premium,2022-12-26
CUST08868,19,Male,Mass,2024-11-18
CUST08869,60,Female,Mass,2025-07-22
CUST08870,31,Male,Premium,2025-05-14
CUST08871,39,Male,Mass,2021-11-20
CUST08872,48,Female,Premium,2021-03-26
CUST08873,40,Female,Premium,2023-10-17
CUST08874,65,Male,Mass,2025-10-31
CUST08875,37,Female,Premium,2023-06-06
CUST08876,55,Male,Premium,2024-12-21
CUST08877,21,Female,Premium,2024-07-15
CUST08878,32,Female,Mass,2021-04-22
CUST08879,41,Male,Premium,2022-09-20
CUST08880,42,Female,Mass,2023-08-07
CUST08881,18,Female,Mass,2023-01-20
CUST08882,24,Female,Mass,2024-11-22
CUST08883,48,Female,Mass,2021-02-21
CUST08884,29,Male,Mass,2021-03-25
CUST08885,59,Female,Mass,2025-07-05
CUST08886,22,Female,Premium,2022-12-13
CUST08887,61,Female,Mass,2023-01-01
CUST08888,67,Male,Mass,2023-01-11
CUST08889,59,Female,Mass,2023-04-09
CUST08890,55,Female,Mass,2022-03-01
CUST08891,29,Female,Mass,2023-11-11
CUST08892,56,Male,Mass,2025-09-08
CUST08893,35,Male,Premium,2021-02-25
CUST08894,19,Male,Premium,2024-08-07
CUST08895,27,Male,Mass,2023-03-23
CUST08896,32,Female,Mass,2023-03-18
CUST08897,47,Female,Mass,2023-10-06
CUST08898,61,Female,Mass,2022-10-17
CUST08899,34,Female,Mass,2023-10-04
CUST08900,21,Male,Premium,2023-06-27
CUST08901,24,Male,Mass,2024-10-28
CUST08902,58,Female,Premium,2025-10-28
CUST08903,48,Female,Mass,2021-01-08
CUST08904,68,Female,Mass,2021-05-04
CUST08905,56,Male,Mass,2025-11-17
CUST08906,51,Female,Mass,2024-01-30
CUST08907,23,Male,Mass,2023-09-17
CUST08908,67,Female,Mass,2023-04-15
CUST08909,55,Other,Mass,2024-01-22
CUST08910,62,Female,Mass,2024-11-09
CUST08911,68,Male,Mass,2023-02-05
CUST08912,51,Female,Mass,2024-01-09
CUST08913,61,Male,Mass,2024-08-14
CUST08914,32,Male,Mass,2021-01-31
CUST08915,31,Female,Mass,2022-01-13
CUST08916,23,Male,Mass,2021-11-26
CUST08917,67,Female,Premium,2024-08-15
CUST08918,54,Male,Premium,2021-10-09
CUST08919,67,Female,Premium,2023-11-02
CUST08920,49,Female,Mass,2022-10-01
CUST08921,20,Male,Mass,2023-05-22
CUST08922,20,Female,Premium,2022-11-30
CUST08923,39,Female,Mass,2021-03-10
CUST08924,39,Female,Mass,2023-04-21
CUST08925,27,Female,Mass,2025-03-27
CUST08926,68,Other,Mass,2021-01-23
CUST08927,20,Male,Mass,2021-12-03
CUST08928,29,Male,Mass,2022-03-03
CUST08929,46,Male,Mass,2023-04-25
CUST08930,65,Female,Premium,2021-07-28
CUST08931,34,Female,Mass,2021-08-03
CUST08932,24,Female,Mass,2022-09-27
CUST08933,30,Female,Business,2022-02-27
CUST08934,19,Female,Mass,2021-03-14
CUST08935,21,Male,Premium,2025-10-12
CUST08936,27,Male,Mass,2023-04-03
CUST08937,56,Female,Premium,2023-02-25
CUST08938,41,Male,Business,2025-06-18
CUST08939,34,Female,Mass,2023-07-27
CUST08940,69,Male,Mass,2025-11-07
CUST08941,23,Male,Mass,2025-08-17
CUST08942,36,Female,Mass,2024-07-21
CUST08943,22,Male,Premium,2025-10-15
CUST08944,49,Female,Mass,2025-07-22
CUST08945,27,Male,Mass,2024-06-10
CUST08946,26,Female,Premium,2023-12-01
CUST08947,44,Female,Mass,2021-10-16
CUST08948,30,Female,Premium,2022-07-09
CUST08949,36,Female,Mass,2024-07-17
CUST08950,38,Male,Mass,2022-03-15
CUST08951,41,Male,Mass,2024-08-30
CUST08952,55,Male,Business,2025-03-14
CUST08953,21,Female,Mass,2024-11-18
CUST08954,41,Female,Mass,2021-01-28
CUST08955,52,Male,Mass,2021-09-27
CUST08956,20,Female,Premium,2025-01-30
CUST08957,21,Male,Mass,2021-03-15
CUST08958,54,Male,Premium,2025-08-08
CUST08959,57,Female,Mass,2022-11-05
CUST08960,65,Male,Mass,2021-09-03
CUST08961,52,Male,Mass,2025-12-11
CUST08962,48,Female,Mass,2022-02-14
CUST08963,61,Female,Business,2022-05-13
CUST08964,42,Male,Mass,2024-12-12
CUST08965,57,Female,Premium,2023-10-09
CUST08966,30,Female,Mass,2021-07-30
CUST08967,21,Male,Premium,2023-03-03
CUST08968,63,Female,Mass,2024-05-31
CUST08969,31,Male,Business,2021-12-26
CUST08970,30,Male,Mass,2022-08-05
CUST08971,44,Male,Premium,2023-11-10
CUST08972,23,Female,Mass,2022-02-27
CUST08973,34,Male,Mass,2021-05-01
CUST08974,53,Male,Mass,2021-06-22
CUST08975,57,Male,Premium,2021-02-03
CUST08976,66,Male,Mass,2023-07-07
CUST08977,52,Female,Premium,2021-03-12
CUST08978,34,Male,Mass,2022-06-29
CUST08979,58,Female,Business,2023-02-13
CUST08980,19,Female,Mass,2023-02-23
CUST08981,30,Female,Mass,2023-08-26
CUST08982,69,Male,Mass,2025-07-03
CUST08983,19,Male,Mass,2022-06-19
CUST08984,69,Male,Mass,2025-08-09
CUST08985,45,Female,Mass,2021-01-14
CUST08986,60,Male,Premium,2024-08-22
CUST08987,43,Female,Premium,2025-04-21
CUST08988,39,Male,Mass,2021-09-28
CUST08989,64,Male,Mass,2025-12-02
CUST08990,60,Male,Mass,2023-12-13
CUST08991,20,Male,Mass,2025-02-26
CUST08992,52,Female,Mass,2025-05-03
CUST08993,29,Male,Premium,2022-04-08
CUST08994,41,Female,Business,2022-06-07
CUST08995,22,Female,Mass,2023-02-09
CUST08996,37,Female,Mass,2023-05-05
CUST08997,56,Male,Mass,2023-03-03
CUST08998,56,Female,Business,2025-10-12
CUST08999,30,Male,Mass,2024-09-09
CUST09000,58,Female,Mass,2025-03-28
CUST09001,70,Male,Premium,2022-03-19
CUST09002,62,Male,Mass,2021-09-08
CUST09003,29,Female,Mass,2021-06-09
CUST09004,30,Female,Mass,2021-02-05
CUST09005,27,Male,Premium,2025-08-12
CUST09006,50,Male,Mass,2023-05-30
CUST09007,57,Female,Business,2024-05-06
CUST09008,33,Male,Premium,2025-01-13
CUST09009,62,Male,Premium,2024-11-02
CUST09010,52,Female,Mass,2024-06-23
CUST09011,20,Female,Premium,2022-01-28
CUST09012,22,Female,Mass,2024-05-12
CUST09013,43,Female,Mass,2021-02-13
CUST09014,28,Male,Mass,2021-11-11
CUST09015,24,Other,Mass,2022-02-12
CUST09016,70,Male,Premium,2023-06-14
CUST09017,27,Male,Business,2021-07-25
CUST09018,59,Female,Premium,2024-06-18
CUST09019,69,Male,Premium,2021-02-10
CUST09020,51,Female,Premium,2022-08-11
CUST09021,20,Male,Business,2022-12-15
CUST09022,25,Male,Mass,2024-10-18
CUST09023,48,Female,Mass,2023-06-17
CUST09024,28,Male,Mass,2021-04-05
CUST09025,62,Male,Mass,2022-06-24
CUST09026,24,Male,Mass,2024-03-13
CUST09027,62,Male,Business,2021-02-28
CUST09028,19,Male,Premium,2025-07-23
CUST09029,23,Female,Mass,2023-05-04
CUST09030,58,Male,Mass,2022-05-24
CUST09031,49,Female,Mass,2022-05-28
CUST09032,37,Male,Mass,2023-03-10
CUST09033,51,Male,Mass,2023-11-12
CUST09034,67,Male,Premium,2023-01-08
CUST09035,33,Male,Mass,2024-05-12
CUST09036,42,Male,Mass,2022-11-30
CUST09037,29,Male,Mass,2023-06-06
CUST09038,24,Male,Mass,2022-04-16
CUST09039,56,Male,Premium,2021-10-11
CUST09040,34,Female,Premium,2022-01-07
CUST09041,62,Female,Mass,2025-03-02
CUST09042,28,Male,Premium,2024-09-17
CUST09043,23,Female,Mass,2023-11-17
CUST09044,40,Female,Mass,2023-05-05
CUST09045,44,Female,Mass,2021-05-09
CUST09046,63,Female,Mass,2024-11-04
CUST09047,23,Female,Mass,2022-05-22
CUST09048,55,Male,Mass,2024-01-24
CUST09049,19,Female,Mass,2022-08-01
CUST09050,39,Female,Mass,2024-04-15
CUST09051,37,Male,Business,2022-04-18
CUST09052,42,Male,Mass,2025-02-18
CUST09053,32,Female,Premium,2023-10-05
CUST09054,66,Female,Mass,2024-07-22
CUST09055,46,Male,Premium,2022-10-30
CUST09056,25,Male,Mass,2024-12-17
CUST09057,54,Female,Mass,2025-04-04
CUST09058,66,Male,Mass,2021-11-16
CUST09059,69,Female,Mass,2021-02-27
CUST09060,50,Male,Premium,2021-09-30
CUST09061,39,Male,Business,2024-05-06
CUST09062,67,Male,Mass,2024-01-08
CUST09063,64,Male,Mass,2023-09-09
CUST09064,22,Male,Mass,2021-02-10
CUST09065,56,Female,Mass,2023-01-08
CUST09066,35,Female,Business,2025-12-02
CUST09067,55,Male,Mass,2024-06-22
CUST09068,70,Female,Mass,2023-11-13
CUST09069,54,Female,Mass,2022-12-10
CUST09070,47,Male,Mass,2021-08-24
CUST09071,68,Male,Premium,2021-05-06
CUST09072,48,Male,Mass,2023-02-17
CUST09073,27,Female,Mass,2023-04-16
CUST09074,32,Female,Mass,2021-05-20
CUST09075,59,Male,Mass,2023-05-29
CUST09076,65,Female,Mass,2022-01-29
CUST09077,61,Male,Business,2023-04-08
CUST09078,35,Male,Premium,2021-05-07
CUST09079,40,Male,Premium,2025-12-27
CUST09080,50,Female,Business,2024-02-12
CUST09081,33,Male,Mass,2023-04-17
CUST09082,55,Female,Mass,2022-06-09
CUST09083,52,Male,Mass,2024-06-05
CUST09084,51,Male,Premium,2025-03-25
CUST09085,45,Other,Premium,2021-05-26
CUST09086,19,Male,Mass,2024-04-01
CUST09087,47,Female,Premium,2023-01-05
CUST09088,30,Female,Mass,2022-12-29
CUST09089,58,Female,Mass,2021-06-18
CUST09090,33,Male,Mass,2025-04-11
CUST09091,22,Male,Mass,2024-02-23
CUST09092,45,Female,Mass,2021-10-27
CUST09093,70,Female,Mass,2024-06-27
CUST09094,56,Female,Premium,2023-07-27
CUST09095,62,Male,Mass,2022-06-06
CUST09096,37,Male,Premium,2021-04-15
CUST09097,41,Female,Mass,2022-09-10
CUST09098,44,Male,Business,2023-08-27
CUST09099,47,Male,Premium,2025-03-17
CUST09100,62,Male,Business,2025-09-14
CUST09101,44,Male,Mass,2022-05-21
CUST09102,43,Female,Mass,2021-10-29
CUST09103,24,Female,Mass,2022-10-15
CUST09104,59,Male,Mass,2024-06-07
CUST09105,64,Male,Mass,2021-03-05
CUST09106,70,Female,Mass,2022-08-13
CUST09107,55,Male,Mass,2021-08-20
CUST09108,22,Female,Business,2025-06-11
CUST09109,40,Female,Mass,2024-04-21
CUST09110,45,Female,Business,2021-11-15
CUST09111,51,Female,Mass,2025-08-09
CUST09112,70,Male,Mass,2023-04-09
CUST09113,32,Female,Mass,2021-04-02
CUST09114,49,Male,Premium,2025-07-17
CUST09115,43,Male,Premium,2025-12-17
CUST09116,65,Male,Premium,2023-08-19
CUST09117,48,Male,Mass,2021-03-05
CUST09118,36,Male,Mass,2023-04-24
CUST09119,26,Male,Mass,2021-08-07
CUST09120,46,Female,Mass,2022-12-05
CUST09121,68,Other,Business,2022-09-11
CUST09122,56,Male,Premium,2021-09-04
CUST09123,21,Female,Mass,2023-08-22
CUST09124,20,Male,Premium,2025-02-05
CUST09125,46,Female,Mass,2023-10-11
CUST09126,69,Male,Mass,2021-02-26
CUST09127,28,Female,Mass,2023-12-05
CUST09128,50,Male,Mass,2024-01-15
CUST09129,55,Female,Mass,2023-11-28
CUST09130,28,Male,Mass,2021-07-01
CUST09131,44,Male,Business,2021-06-13
CUST09132,50,Male,Mass,2023-01-27
CUST09133,38,Male,Mass,2021-05-06
CUST09134,56,Female,Mass,2024-05-15
CUST09135,48,Female,Premium,2021-09-24
CUST09136,55,Male,Mass,2021-12-20
CUST09137,63,Female,Premium,2024-12-05
CUST09138,19,Male,Mass,2025-06-11
CUST09139,44,Female,Mass,2025-08-08
CUST09140,53,Male,Mass,2024-02-20
CUST09141,28,Female,Mass,2025-03-12
CUST09142,64,Male,Premium,2022-09-02
CUST09143,35,Female,Mass,2022-04-14
CUST09144,18,Male,Mass,2023-03-12
CUST09145,52,Female,Mass,2021-05-13
CUST09146,52,Female,Mass,2024-11-03
CUST09147,48,Male,Premium,2023-10-09
CUST09148,45,Other,Premium,2023-04-29
CUST09149,56,Female,Premium,2023-10-17
CUST09150,18,Female,Mass,2021-11-14
CUST09151,42,Female,Mass,2025-05-20
CUST09152,60,Female,Premium,2022-12-12
CUST09153,55,Other,Mass,2024-02-23
CUST09154,37,Female,Premium,2022-03-27
CUST09155,20,Male,Premium,2025-10-10
CUST09156,68,Female,Mass,2024-05-16
CUST09157,19,Female,Mass,2024-08-16
CUST09158,35,Female,Business,2025-02-21
CUST09159,61,Male,Premium,2022-09-25
CUST09160,27,Male,Premium,2021-05-22
CUST09161,22,Female,Mass,2023-10-01
CUST09162,26,Female,Mass,2025-02-06
CUST09163,19,Male,Mass,2023-05-09
CUST09164,51,Male,Mass,2022-07-23
CUST09165,55,Male,Mass,2021-10-31
CUST09166,48,Female,Premium,2022-10-19
CUST09167,27,Male,Mass,2025-04-29
CUST09168,67,Female,Mass,2022-10-06
CUST09169,29,Female,Mass,2022-08-16
CUST09170,53,Female,Mass,2021-01-30
CUST09171,38,Male,Business,2024-11-01
CUST09172,66,Female,Premium,2024-09-26
CUST09173,64,Female,Mass,2024-05-17
CUST09174,23,Male,Mass,2024-06-20
CUST09175,65,Female,Mass,2022-11-26
CUST09176,66,Female,Mass,2021-06-07
CUST09177,20,Female,Mass,2021-05-26
CUST09178,27,Female,Mass,2021-12-06
CUST09179,22,Male,Premium,2023-05-16
CUST09180,63,Male,Mass,2025-11-04
CUST09181,43,Male,Mass,2021-04-02
CUST09182,38,Female,Premium,2021-11-25
CUST09183,62,Female,Premium,2021-06-21
CUST09184,43,Male,Business,2022-12-03
CUST09185,55,Male,Premium,2023-11-21
CUST09186,61,Female,Mass,2022-09-13
CUST09187,43,Female,Mass,2021-09-29
CUST09188,25,Male,Premium,2024-01-24
CUST09189,22,Female,Premium,2023-09-16
CUST09190,32,Female,Mass,2021-03-18
CUST09191,33,Male,Mass,2021-05-31
CUST09192,18,Male,Mass,2021-05-22
CUST09193,33,Male,Premium,2021-08-19
CUST09194,54,Male,Mass,2025-11-29
CUST09195,20,Female,Mass,2023-08-12
CUST09196,69,Male,Business,2021-05-08
CUST09197,64,Male,Premium,2023-05-10
CUST09198,48,Female,Mass,2025-10-26
CUST09199,30,Male,Mass,2022-11-27
CUST09200,33,Female,Mass,2022-05-12
CUST09201,60,Male,Premium,2024-07-27
CUST09202,38,Male,Mass,2025-04-14
CUST09203,19,Female,Mass,2023-03-21
CUST09204,44,Male,Mass,2025-04-03
CUST09205,55,Female,Mass,2021-05-11
CUST09206,43,Male,Business,2025-01-24
CUST09207,55,Female,Premium,2021-09-26
CUST09208,63,Female,Mass,2022-09-10
CUST09209,42,Male,Business,2025-08-20
CUST09210,28,Female,Mass,2023-08-20
CUST09211,25,Male,Premium,2025-05-14
CUST09212,25,Female,Mass,2025-06-16
CUST09213,50,Male,Premium,2024-07-07
CUST09214,70,Female,Mass,2023-12-11
CUST09215,24,Male,Mass,2024-03-02
CUST09216,55,Female,Premium,2025-08-30
CUST09217,38,Other,Mass,2023-03-20
CUST09218,25,Female,Mass,2023-10-26
CUST09219,68,Male,Mass,2022-10-10
CUST09220,38,Female,Mass,2023-01-08
CUST09221,37,Male,Mass,2022-05-17
CUST09222,25,Male,Mass,2024-04-22
CUST09223,63,Male,Mass,2022-02-13
CUST09224,48,Male,Mass,2024-01-20
CUST09225,67,Female,Premium,2024-12-30
CUST09226,46,Male,Premium,2023-03-31
CUST09227,65,Female,Mass,2023-06-22
CUST09228,26,Male,Mass,2021-07-08
CUST09229,32,Male,Premium,2025-02-12
CUST09230,47,Female,Premium,2023-09-08
CUST09231,43,Male,Mass,2023-03-26
CUST09232,27,Male,Business,2022-01-18
CUST09233,46,Male,Premium,2023-04-30
CUST09234,33,Male,Premium,2024-09-07
CUST09235,53,Female,Mass,2025-01-06
CUST09236,37,Male,Mass,2022-05-05
CUST09237,62,Male,Mass,2024-03-02
CUST09238,54,Female,Mass,2025-09-04
CUST09239,39,Other,Mass,2022-03-02
CUST09240,24,Male,Mass,2021-09-07
CUST09241,40,Female,Premium,2023-12-21
CUST09242,58,Male,Mass,2025-05-05
CUST09243,57,Male,Mass,2023-10-17
CUST09244,46,Male,Business,2024-12-16
CUST09245,33,Female,Mass,2025-02-08
CUST09246,55,Male,Mass,2024-05-31
CUST09247,45,Female,Mass,2025-01-01
CUST09248,65,Male,Business,2022-11-15
CUST09249,55,Male,Premium,2024-11-08
CUST09250,48,Female,Mass,2021-11-15
CUST09251,31,Male,Business,2023-10-17
CUST09252,70,Male,Mass,2021-08-13
CUST09253,50,Male,Mass,2022-02-27
CUST09254,26,Male,Mass,2023-06-27
CUST09255,44,Male,Mass,2024-04-29
CUST09256,41,Male,Mass,2025-12-06
CUST09257,30,Male,Mass,2025-11-15
CUST09258,43,Male,Premium,2021-03-20
CUST09259,46,Other,Mass,2023-05-05
CUST09260,68,Male,Mass,2023-10-01
CUST09261,66,Male,Premium,2021-12-31
CUST09262,60,Female,Mass,2021-01-22
CUST09263,45,Female,Mass,2022-07-02
CUST09264,45,Male,Mass,2021-11-26
CUST09265,25,Male,Business,2024-03-25
CUST09266,40,Female,Mass,2021-02-25
CUST09267,46,Male,Mass,2024-06-25
CUST09268,22,Female,Mass,2023-07-14
CUST09269,59,Female,Mass,2021-09-18
CUST09270,24,Female,Mass,2025-12-01
CUST09271,59,Male,Mass,2022-03-11
CUST09272,53,Female,Premium,2025-03-31
CUST09273,58,Female,Mass,2025-02-10
CUST09274,44,Female,Premium,2025-09-20
CUST09275,63,Male,Mass,2022-06-22
CUST09276,19,Female,Mass,2022-06-19
CUST09277,42,Female,Mass,2022-01-16
CUST09278,26,Other,Mass,2021-04-13
CUST09279,70,Female,Mass,2021-01-29
CUST09280,44,Male,Premium,2025-02-15
CUST09281,18,Female,Premium,2023-12-17
CUST09282,40,Male,Premium,2023-12-22
CUST09283,27,Female,Mass,2023-08-13
CUST09284,59,Male,Mass,2023-12-08
CUST09285,69,Male,Premium,2024-10-22
CUST09286,42,Female,Mass,2022-07-01
CUST09287,20,Male,Premium,2025-05-01
CUST09288,23,Female,Premium,2025-04-18
CUST09289,23,Female,Premium,2021-11-23
CUST09290,70,Male,Mass,2025-10-28
CUST09291,19,Male,Business,2021-09-23
CUST09292,35,Female,Mass,2025-10-18
CUST09293,40,Male,Mass,2022-12-30
CUST09294,19,Female,Premium,2024-04-14
CUST09295,29,Female,Mass,2023-12-04
CUST09296,39,Female,Mass,2021-08-07
CUST09297,54,Female,Premium,2021-05-06
CUST09298,37,Female,Mass,2023-06-01
CUST09299,56,Female,Mass,2024-11-03
CUST09300,41,Female,Mass,2021-11-15
CUST09301,65,Female,Mass,2024-08-21
CUST09302,37,Male,Mass,2024-05-08
CUST09303,18,Male,Business,2021-03-26
CUST09304,18,Female,Mass,2023-12-01
CUST09305,34,Female,Premium,2022-12-24
CUST09306,18,Male,Premium,2025-04-24
CUST09307,70,Male,Mass,2024-10-18
CUST09308,69,Female,Mass,2024-07-16
CUST09309,62,Male,Mass,2021-12-28
CUST09310,47,Male,Business,2022-01-02
CUST09311,58,Male,Mass,2024-04-19
CUST09312,64,Female,Mass,2024-06-08
CUST09313,20,Male,Business,2023-09-15
CUST09314,63,Male,Premium,2023-12-30
CUST09315,28,Male,Premium,2022-08-11
CUST09316,41,Female,Business,2023-08-21
CUST09317,39,Female,Mass,2025-12-17
CUST09318,61,Female,Premium,2022-05-04
CUST09319,62,Male,Mass,2024-06-11
CUST09320,43,Male,Mass,2024-12-23
CUST09321,30,Female,Mass,2023-04-11
CUST09322,18,Male,Mass,2025-07-30
CUST09323,41,Female,Mass,2022-10-28
CUST09324,27,Male,Mass,2024-08-10
CUST09325,52,Male,Mass,2024-10-03
CUST09326,41,Male,Mass,2024-01-28
CUST09327,45,Female,Premium,2023-05-26
CUST09328,53,Male,Mass,2021-12-27
CUST09329,33,Male,Mass,2021-12-24
CUST09330,57,Male,Premium,2024-02-28
CUST09331,33,Male,Mass,2025-03-23
CUST09332,34,Male,Premium,2024-11-07
CUST09333,68,Male,Premium,2025-06-29
CUST09334,32,Male,Mass,2025-05-05
CUST09335,33,Female,Business,2023-01-06
CUST09336,32,Female,Mass,2021-03-05
CUST09337,51,Male,Mass,2024-11-20
CUST09338,28,Male,Premium,2021-06-30
CUST09339,18,Female,Mass,2022-08-10
CUST09340,32,Male,Mass,2025-12-07
CUST09341,43,Male,Premium,2021-07-08
CUST09342,68,Female,Mass,2024-04-21
CUST09343,21,Female,Business,2025-02-24
CUST09344,60,Male,Premium,2022-08-03
CUST09345,22,Male,Premium,2021-06-19
CUST09346,52,Female,Mass,2021-11-18
CUST09347,30,Male,Mass,2024-04-10
CUST09348,27,Female,Premium,2021-10-11
CUST09349,28,Male,Premium,2025-07-01
CUST09350,35,Male,Business,2022-01-01
CUST09351,51,Female,Premium,2021-04-21
CUST09352,56,Female,Mass,2021-03-19
CUST09353,58,Female,Premium,2025-09-18
CUST09354,59,Male,Mass,2021-09-10
CUST09355,67,Female,Mass,2021-08-24
CUST09356,40,Female,Mass,2021-04-03
CUST09357,24,Female,Premium,2025-07-24
CUST09358,56,Female,Premium,2025-09-15
CUST09359,20,Male,Mass,2023-11-24
CUST09360,29,Male,Mass,2025-02-13
CUST09361,24,Female,Business,2024-11-28
CUST09362,66,Female,Mass,2021-08-10
CUST09363,43,Male,Mass,2023-06-15
CUST09364,50,Male,Mass,2025-02-22
CUST09365,54,Other,Premium,2025-12-23
CUST09366,65,Female,Business,2024-09-25
CUST09367,32,Female,Mass,2025-03-17
CUST09368,19,Male,Mass,2023-08-19
CUST09369,58,Female,Mass,2023-09-12
CUST09370,24,Male,Mass,2025-06-21
CUST09371,49,Male,Mass,2025-06-11
CUST09372,21,Male,Premium,2023-04-23
CUST09373,37,Female,Premium,2021-09-09
CUST09374,67,Female,Business,2024-10-19
CUST09375,70,Female,Premium,2025-03-31
CUST09376,53,Male,Mass,2021-05-22
CUST09377,49,Female,Mass,2021-11-07
CUST09378,45,Female,Mass,2024-11-09
CUST09379,30,Female,Mass,2025-12-30
CUST09380,18,Female,Mass,2022-08-05
CUST09381,52,Male,Mass,2024-08-28
CUST09382,65,Female,Mass,2024-07-26
CUST09383,47,Female,Mass,2025-05-09
CUST09384,53,Female,Mass,2021-12-12
CUST09385,42,Female,Mass,2024-11-11
CUST09386,33,Male,Mass,2021-10-29
CUST09387,36,Female,Mass,2025-11-23
CUST09388,18,Female,Mass,2022-05-22
CUST09389,22,Male,Mass,2021-09-04
CUST09390,68,Female,Premium,2025-07-28
CUST09391,39,Male,Mass,2022-05-03
CUST09392,41,Male,Mass,2025-11-15
CUST09393,60,Female,Mass,2024-06-16
CUST09394,62,Male,Mass,2025-04-02
CUST09395,69,Male,Mass,2023-07-17
CUST09396,54,Male,Mass,2024-10-04
CUST09397,70,Male,Mass,2023-03-02
CUST09398,53,Male,Mass,2025-11-04
CUST09399,53,Male,Mass,2023-07-01
CUST09400,21,Male,Mass,2024-10-07
CUST09401,53,Male,Premium,2021-06-03
CUST09402,69,Female,Premium,2025-03-14
CUST09403,70,Female,Mass,2024-04-24
CUST09404,35,Female,Mass,2023-08-02
CUST09405,67,Female,Mass,2022-08-18
CUST09406,33,Male,Mass,2025-05-10
CUST09407,58,Female,Mass,2024-12-19
CUST09408,35,Female,Mass,2021-03-03
CUST09409,39,Male,Mass,2024-11-25
CUST09410,19,Male,Mass,2023-05-20
CUST09411,38,Male,Mass,2023-12-19
CUST09412,53,Female,Mass,2024-03-11
CUST09413,61,Male,Mass,2022-04-11
CUST09414,56,Female,Mass,2024-03-18
CUST09415,64,Male,Mass,2025-01-10
CUST09416,56,Male,Mass,2024-04-12
CUST09417,46,Female,Mass,2021-11-07
CUST09418,43,Female,Mass,2023-12-22
CUST09419,38,Male,Premium,2024-04-05
CUST09420,34,Female,Mass,2025-09-02
CUST09421,33,Male,Premium,2023-03-27
CUST09422,48,Female,Mass,2021-04-13
CUST09423,68,Female,Mass,2021-01-28
CUST09424,26,Female,Mass,2025-06-08
CUST09425,48,Male,Premium,2022-05-23
CUST09426,31,Male,Premium,2021-05-14
CUST09427,66,Female,Mass,2021-02-28
CUST09428,54,Male,Mass,2024-01-19
CUST09429,19,Female,Mass,2021-03-11
CUST09430,69,Female,Premium,2021-07-04
CUST09431,65,Male,Mass,2025-01-01
CUST09432,63,Female,Mass,2022-07-26
CUST09433,31,Male,Mass,2025-02-06
CUST09434,50,Other,Mass,2025-08-08
CUST09435,52,Female,Mass,2021-06-17
CUST09436,56,Female,Mass,2022-08-01
CUST09437,64,Male,Mass,2024-02-22
CUST09438,68,Female,Mass,2024-05-21
CUST09439,37,Female,Premium,2021-07-01
CUST09440,19,Male,Premium,2021-03-12
CUST09441,68,Male,Mass,2022-07-10
CUST09442,58,Male,Premium,2023-05-02
CUST09443,36,Other,Mass,2024-05-03
CUST09444,54,Female,Mass,2025-05-12
CUST09445,35,Female,Premium,2024-08-08
CUST09446,33,Female,Premium,2023-12-17
CUST09447,21,Male,Premium,2022-11-14
CUST09448,29,Male,Mass,2024-08-16
CUST09449,46,Male,Mass,2021-11-14
CUST09450,24,Male,Mass,2024-10-26
CUST09451,31,Female,Mass,2024-01-12
CUST09452,29,Female,Mass,2023-04-09
CUST09453,52,Other,Mass,2021-04-04
CUST09454,22,Male,Mass,2021-09-24
CUST09455,34,Female,Mass,2024-10-31
CUST09456,59,Female,Mass,2024-03-30
CUST09457,49,Male,Mass,2022-09-06
CUST09458,27,Female,Mass,2022-05-17
CUST09459,60,Male,Mass,2024-11-01
CUST09460,34,Female,Mass,2024-02-10
CUST09461,22,Female,Premium,2022-08-01
CUST09462,62,Female,Mass,2025-07-04
CUST09463,59,Male,Premium,2022-09-24
CUST09464,26,Male,Mass,2021-10-06
CUST09465,66,Male,Mass,2023-01-24
CUST09466,50,Female,Mass,2024-12-27
CUST09467,53,Female,Mass,2025-08-11
CUST09468,53,Male,Mass,2021-08-30
CUST09469,35,Female,Mass,2024-05-30
CUST09470,26,Male,Mass,2023-02-22
CUST09471,46,Male,Mass,2023-08-20
CUST09472,67,Female,Mass,2024-08-02
CUST09473,31,Female,Mass,2023-09-12
CUST09474,42,Male,Mass,2021-01-04
CUST09475,32,Male,Premium,2021-11-16
CUST09476,23,Female,Premium,2024-09-06
CUST09477,59,Male,Business,2023-10-29
CUST09478,46,Female,Mass,2023-12-12
CUST09479,32,Female,Premium,2023-10-21
CUST09480,46,Male,Premium,2024-03-11
CUST09481,21,Male,Mass,2023-02-18
CUST09482,35,Female,Mass,2023-04-07
CUST09483,67,Female,Business,2021-10-07
CUST09484,66,Female,Business,2024-01-17
CUST09485,61,Male,Mass,2024-03-29
CUST09486,56,Female,Mass,2023-09-12
CUST09487,33,Male,Premium,2021-01-28
CUST09488,28,Female,Mass,2025-04-01
CUST09489,31,Female,Mass,2023-03-21
CUST09490,20,Male,Business,2021-09-29
CUST09491,68,Male,Premium,2024-01-29
CUST09492,67,Male,Business,2024-05-12
CUST09493,59,Female,Mass,2021-07-09
CUST09494,55,Male,Mass,2022-06-30
CUST09495,62,Female,Business,2021-10-21
CUST09496,59,Male,Mass,2025-12-19
CUST09497,35,Female,Premium,2023-04-28
CUST09498,37,Female,Mass,2024-09-29
CUST09499,65,Other,Mass,2023-02-10
CUST09500,42,Female,Mass,2023-02-08
CUST09501,55,Male,Mass,2021-02-22
CUST09502,30,Male,Mass,2025-09-24
CUST09503,21,Male,Mass,2022-11-15
CUST09504,31,Female,Mass,2023-12-07
CUST09505,50,Male,Mass,2023-10-08
CUST09506,45,Male,Premium,2024-12-16
CUST09507,69,Male,Mass,2022-12-04
CUST09508,54,Female,Mass,2023-06-02
CUST09509,25,Male,Mass,2022-04-10
CUST09510,61,Male,Mass,2022-07-07
CUST09511,51,Male,Mass,2023-07-06
CUST09512,61,Female,Mass,2024-12-23
CUST09513,22,Female,Mass,2023-10-05
CUST09514,22,Male,Mass,2024-11-21
CUST09515,48,Female,Mass,2021-07-13
CUST09516,62,Male,Business,2021-03-07
CUST09517,26,Male,Premium,2022-07-09
CUST09518,59,Male,Mass,2025-09-22
CUST09519,49,Female,Mass,2022-08-24
CUST09520,50,Female,Business,2025-02-08
CUST09521,20,Male,Mass,2025-09-08
CUST09522,47,Female,Mass,2023-11-16
CUST09523,67,Male,Mass,2024-01-28
CUST09524,29,Other,Business,2022-04-21
CUST09525,46,Female,Premium,2022-07-27
CUST09526,20,Female,Mass,2023-02-01
CUST09527,43,Female,Mass,2023-06-06
CUST09528,47,Other,Business,2023-04-10
CUST09529,26,Other,Mass,2025-10-27
CUST09530,43,Female,Mass,2021-03-23
CUST09531,19,Male,Mass,2024-11-22
CUST09532,20,Male,Premium,2025-09-14
CUST09533,63,Male,Mass,2022-12-01
CUST09534,21,Female,Premium,2024-11-17
CUST09535,42,Male,Mass,2021-02-13
CUST09536,68,Female,Mass,2023-04-04
CUST09537,30,Female,Mass,2025-02-10
CUST09538,56,Female,Premium,2025-11-30
CUST09539,61,Male,Mass,2022-09-02
CUST09540,52,Female,Mass,2024-01-20
CUST09541,40,Male,Mass,2024-09-14
CUST09542,26,Female,Premium,2025-08-04
CUST09543,19,Female,Premium,2024-12-08
CUST09544,58,Male,Mass,2025-11-23
CUST09545,61,Female,Mass,2022-12-21
CUST09546,48,Male,Mass,2022-11-22
CUST09547,61,Male,Mass,2022-11-30
CUST09548,64,Male,Business,2023-04-17
CUST09549,19,Female,Mass,2021-04-20
CUST09550,49,Male,Mass,2021-08-07
CUST09551,35,Female,Mass,2022-04-08
CUST09552,30,Male,Mass,2023-05-10
CUST09553,63,Male,Mass,2022-05-30
CUST09554,22,Female,Mass,2025-04-26
CUST09555,59,Male,Premium,2022-09-29
CUST09556,61,Female,Mass,2024-07-04
CUST09557,27,Male,Mass,2024-05-01
CUST09558,60,Male,Mass,2022-09-19
CUST09559,42,Female,Mass,2021-03-11
CUST09560,51,Female,Mass,2022-04-04
CUST09561,54,Female,Mass,2024-11-06
CUST09562,47,Female,Mass,2025-02-26
CUST09563,24,Male,Mass,2021-04-07
CUST09564,23,Male,Premium,2025-10-18
CUST09565,20,Male,Mass,2021-08-12
CUST09566,30,Female,Business,2023-04-11
CUST09567,20,Female,Mass,2024-07-28
CUST09568,43,Male,Mass,2024-09-18
CUST09569,41,Male,Mass,2022-10-03
CUST09570,70,Male,Mass,2025-06-23
CUST09571,23,Female,Mass,2025-12-11
CUST09572,60,Female,Premium,2024-11-29
CUST09573,66,Male,Mass,2022-05-11
CUST09574,59,Male,Mass,2025-11-18
CUST09575,29,Male,Mass,2024-04-24
CUST09576,66,Female,Mass,2025-11-15
CUST09577,53,Female,Mass,2023-11-28
CUST09578,19,Male,Mass,2023-02-08
CUST09579,28,Female,Business,2023-01-30
CUST09580,56,Female,Premium,2025-07-27
CUST09581,51,Male,Mass,2022-05-03
CUST09582,43,Female,Mass,2022-07-10
CUST09583,35,Male,Mass,2023-09-19
CUST09584,38,Female,Premium,2025-09-25
CUST09585,53,Male,Premium,2025-03-10
CUST09586,57,Male,Mass,2022-05-04
CUST09587,69,Female,Premium,2021-02-26
CUST09588,63,Female,Mass,2022-05-27
CUST09589,61,Male,Premium,2024-06-25
CUST09590,39,Other,Mass,2021-04-14
CUST09591,70,Male,Mass,2022-07-11
CUST09592,47,Male,Premium,2021-03-01
CUST09593,67,Female,Mass,2025-05-21
CUST09594,60,Male,Business,2023-01-05
CUST09595,47,Male,Mass,2025-05-02
CUST09596,25,Female,Mass,2024-06-15
CUST09597,51,Male,Premium,2022-01-06
CUST09598,64,Other,Mass,2021-01-26
CUST09599,26,Male,Mass,2022-01-28
CUST09600,68,Female,Mass,2022-08-29
CUST09601,37,Male,Business,2021-04-20
CUST09602,57,Male,Premium,2024-11-16
CUST09603,42,Female,Mass,2023-02-12
CUST09604,36,Female,Mass,2021-09-11
CUST09605,22,Female,Mass,2025-04-25
CUST09606,28,Male,Mass,2023-07-06
CUST09607,32,Female,Business,2023-02-05
CUST09608,25,Male,Mass,2024-01-26
CUST09609,36,Female,Mass,2022-06-22
CUST09610,40,Female,Mass,2024-02-02
CUST09611,44,Male,Business,2022-09-07
CUST09612,57,Female,Mass,2022-08-10
CUST09613,49,Male,Business,2022-08-20
CUST09614,43,Female,Mass,2025-02-28
CUST09615,44,Female,Premium,2024-05-22
CUST09616,36,Male,Mass,2021-04-23
CUST09617,67,Female,Premium,2024-08-28
CUST09618,59,Male,Mass,2022-07-23
CUST09619,46,Female,Mass,2023-08-13
CUST09620,56,Male,Mass,2023-06-15
CUST09621,58,Female,Premium,2024-01-30
CUST09622,50,Male,Mass,2023-02-01
CUST09623,36,Male,Business,2025-07-29
CUST09624,54,Female,Mass,2023-07-27
CUST09625,36,Male,Mass,2022-10-15
CUST09626,50,Male,Premium,2021-03-25
CUST09627,64,Female,Premium,2022-12-20
CUST09628,33,Female,Mass,2025-11-01
CUST09629,40,Female,Mass,2023-05-18
CUST09630,24,Male,Premium,2023-08-07
CUST09631,43,Female,Premium,2021-10-29
CUST09632,49,Male,Premium,2025-05-16
CUST09633,29,Female,Premium,2024-05-25
CUST09634,25,Female,Mass,2022-07-22
CUST09635,22,Female,Premium,2022-06-25
CUST09636,59,Male,Mass,2025-07-05
CUST09637,45,Female,Mass,2021-04-02
CUST09638,70,Female,Mass,2022-10-16
CUST09639,22,Female,Mass,2025-01-15
CUST09640,66,Male,Mass,2022-09-06
CUST09641,43,Female,Mass,2021-03-12
CUST09642,22,Female,Mass,2025-03-29
CUST09643,39,Male,Mass,2024-11-25
CUST09644,32,Male,Mass,2022-10-31
CUST09645,30,Male,Mass,2021-03-22
CUST09646,45,Male,Mass,2024-01-29
CUST09647,50,Male,Premium,2022-08-18
CUST09648,60,Male,Mass,2021-08-06
CUST09649,40,Female,Mass,2023-06-03
CUST09650,50,Female,Business,2023-01-19
CUST09651,60,Male,Mass,2021-05-05
CUST09652,35,Female,Mass,2021-07-20
CUST09653,67,Female,Mass,2023-10-23
CUST09654,70,Male,Premium,2022-07-28
CUST09655,47,Male,Premium,2023-11-10
CUST09656,43,Female,Mass,2023-09-10
CUST09657,33,Female,Premium,2022-12-23
CUST09658,30,Female,Premium,2023-08-10
CUST09659,56,Female,Mass,2021-06-29
CUST09660,50,Male,Mass,2024-12-03
CUST09661,43,Female,Premium,2023-12-22
CUST09662,65,Male,Mass,2021-09-30
CUST09663,18,Male,Mass,2023-03-18
CUST09664,66,Male,Mass,2025-11-12
CUST09665,55,Male,Mass,2023-02-02
CUST09666,19,Female,Mass,2023-10-31
CUST09667,66,Female,Mass,2022-11-30
CUST09668,23,Female,Mass,2023-07-10
CUST09669,63,Male,Premium,2022-09-14
CUST09670,67,Other,Mass,2022-06-24
CUST09671,55,Female,Mass,2023-09-13
CUST09672,59,Male,Business,2022-04-05
CUST09673,41,Female,Premium,2023-12-21
CUST09674,35,Female,Mass,2023-12-18
CUST09675,44,Male,Mass,2021-10-27
CUST09676,58,Female,Mass,2022-05-12
CUST09677,25,Female,Premium,2024-09-24
CUST09678,45,Female,Mass,2024-06-29
CUST09679,27,Female,Mass,2024-12-01
CUST09680,34,Male,Premium,2024-07-03
CUST09681,46,Female,Mass,2024-11-05
CUST09682,23,Female,Premium,2024-03-14
CUST09683,31,Male,Premium,2022-08-14
CUST09684,39,Male,Mass,2021-12-07
CUST09685,23,Female,Mass,2025-12-27
CUST09686,43,Male,Mass,2022-02-07
CUST09687,56,Female,Premium,2021-10-15
CUST09688,29,Female,Premium,2023-09-16
CUST09689,52,Male,Premium,2021-08-02
CUST09690,31,Male,Mass,2022-06-16
CUST09691,39,Male,Mass,2023-05-20
CUST09692,68,Female,Mass,2023-01-12
CUST09693,40,Female,Mass,2025-05-19
CUST09694,65,Female,Mass,2025-04-21
CUST09695,24,Male,Premium,2021-07-30
CUST09696,57,Female,Mass,2021-06-20
CUST09697,67,Female,Mass,2022-06-22
CUST09698,42,Male,Premium,2024-07-10
CUST09699,30,Female,Mass,2023-03-13
CUST09700,38,Male,Mass,2022-11-07
CUST09701,58,Female,Mass,2022-01-25
CUST09702,27,Male,Business,2022-02-25
CUST09703,70,Male,Mass,2021-03-03
CUST09704,26,Female,Mass,2021-03-27
CUST09705,32,Female,Premium,2023-10-10
CUST09706,69,Male,Premium,2025-05-28
CUST09707,19,Female,Premium,2022-05-06
CUST09708,42,Female,Mass,2023-06-15
CUST09709,30,Male,Premium,2021-03-01
CUST09710,51,Female,Mass,2022-04-22
CUST09711,68,Female,Mass,2021-11-16
CUST09712,51,Female,Mass,2022-11-21
CUST09713,52,Male,Premium,2021-02-21
CUST09714,55,Female,Mass,2022-10-19
CUST09715,20,Female,Mass,2023-04-08
CUST09716,59,Female,Mass,2024-01-06
CUST09717,23,Male,Mass,2021-04-29
CUST09718,65,Female,Mass,2022-12-22
CUST09719,66,Male,Mass,2024-04-20
CUST09720,36,Female,Premium,2022-05-21
CUST09721,20,Female,Mass,2025-08-01
CUST09722,35,Male,Premium,2022-09-29
CUST09723,56,Male,Premium,2021-06-02
CUST09724,26,Female,Mass,2023-11-08
CUST09725,69,Female,Mass,2023-12-24
CUST09726,29,Male,Premium,2022-05-12
CUST09727,22,Female,Mass,2025-11-07
CUST09728,20,Female,Mass,2021-03-20
CUST09729,28,Female,Mass,2021-02-28
CUST09730,47,Female,Business,2024-12-05
CUST09731,21,Male,Mass,2023-02-02
CUST09732,22,Female,Mass,2023-04-06
CUST09733,18,Male,Premium,2023-12-21
CUST09734,44,Male,Premium,2025-01-30
CUST09735,45,Male,Mass,2025-07-12
CUST09736,46,Female,Mass,2024-01-08
CUST09737,35,Female,Mass,2025-11-08
CUST09738,29,Male,Premium,2025-09-03
CUST09739,30,Female,Mass,2025-02-20
CUST09740,58,Female,Premium,2021-09-01
CUST09741,19,Female,Business,2021-07-27
CUST09742,54,Female,Business,2023-05-06
CUST09743,62,Male,Premium,2024-01-16
CUST09744,33,Male,Mass,2025-08-02
CUST09745,65,Female,Mass,2022-08-23
CUST09746,41,Female,Mass,2022-10-07
CUST09747,52,Male,Mass,2021-02-08
CUST09748,39,Female,Mass,2024-04-14
CUST09749,53,Female,Mass,2022-04-23
CUST09750,28,Female,Premium,2025-06-04
CUST09751,63,Male,Premium,2021-01-20
CUST09752,46,Male,Mass,2021-08-09
CUST09753,52,Female,Mass,2021-10-02
CUST09754,65,Male,Mass,2025-09-20
CUST09755,32,Male,Premium,2024-03-23
CUST09756,48,Male,Mass,2022-04-08
CUST09757,59,Female,Business,2024-12-03
CUST09758,58,Male,Premium,2025-08-06
CUST09759,60,Male,Business,2021-09-08
CUST09760,33,Male,Premium,2021-07-31
CUST09761,27,Male,Premium,2025-02-10
CUST09762,66,Male,Premium,2025-08-12
CUST09763,49,Female,Mass,2022-11-18
CUST09764,68,Female,Mass,2022-02-23
CUST09765,19,Female,Premium,2024-04-10
CUST09766,41,Male,Mass,2022-05-22
CUST09767,40,Male,Mass,2022-10-08
CUST09768,19,Male,Premium,2025-07-10
CUST09769,55,Male,Premium,2023-05-19
CUST09770,48,Male,Mass,2024-05-11
CUST09771,68,Male,Mass,2022-05-07
CUST09772,57,Other,Mass,2021-10-22
CUST09773,43,Male,Mass,2022-04-02
CUST09774,46,Female,Premium,2024-03-15
CUST09775,20,Male,Mass,2024-06-15
CUST09776,31,Male,Business,2023-01-10
CUST09777,42,Female,Mass,2025-11-26
CUST09778,65,Male,Mass,2022-02-28
CUST09779,18,Male,Premium,2023-10-05
CUST09780,70,Female,Mass,2021-10-19
CUST09781,20,Female,Mass,2021-06-05
CUST09782,43,Male,Business,2021-12-16
CUST09783,35,Male,Premium,2025-01-05
CUST09784,26,Female,Mass,2021-08-31
CUST09785,55,Female,Mass,2024-05-15
CUST09786,40,Male,Mass,2024-12-22
CUST09787,38,Male,Business,2025-11-25
CUST09788,18,Female,Premium,2023-08-30
CUST09789,38,Male,Mass,2021-09-15
CUST09790,44,Male,Mass,2022-08-08
CUST09791,59,Female,Premium,2021-02-04
CUST09792,23,Male,Mass,2024-02-27
CUST09793,61,Female,Business,2022-03-06
CUST09794,53,Female,Business,2025-09-20
CUST09795,45,Female,Premium,2024-09-04
CUST09796,62,Male,Premium,2021-04-05
CUST09797,34,Male,Mass,2021-08-08
CUST09798,57,Male,Mass,2021-10-28
CUST09799,69,Male,Premium,2025-07-19
CUST09800,20,Female,Mass,2024-04-23
CUST09801,29,Male,Mass,2023-11-27
CUST09802,56,Male,Mass,2023-02-14
CUST09803,29,Male,Mass,2025-07-04
CUST09804,19,Male,Mass,2022-02-04
CUST09805,63,Female,Premium,2022-11-21
CUST09806,39,Female,Mass,2024-03-11
CUST09807,40,Male,Mass,2023-09-20
CUST09808,47,Female,Mass,2021-05-14
CUST09809,22,Female,Mass,2025-01-08
CUST09810,26,Male,Premium,2022-10-23
CUST09811,38,Male,Mass,2024-08-04
CUST09812,28,Female,Mass,2021-09-15
CUST09813,22,Male,Mass,2023-11-29
CUST09814,52,Male,Business,2021-11-01
CUST09815,44,Other,Mass,2024-07-30
CUST09816,66,Male,Mass,2022-06-10
CUST09817,19,Female,Mass,2022-02-11
CUST09818,41,Female,Mass,2024-10-14
CUST09819,48,Male,Mass,2023-06-05
CUST09820,50,Male,Premium,2022-01-13
CUST09821,56,Female,Mass,2022-04-14
CUST09822,47,Male,Premium,2023-05-23
CUST09823,63,Male,Mass,2023-09-17
CUST09824,54,Female,Mass,2024-07-28
CUST09825,68,Male,Premium,2025-05-08
CUST09826,45,Male,Mass,2021-01-11
CUST09827,48,Male,Premium,2022-11-06
CUST09828,28,Female,Premium,2022-11-26
CUST09829,40,Male,Business,2024-04-24
CUST09830,19,Male,Mass,2025-04-22
CUST09831,57,Male,Mass,2023-08-31
CUST09832,58,Male,Mass,2021-01-09
CUST09833,44,Female,Mass,2021-01-28
CUST09834,52,Female,Mass,2023-04-03
CUST09835,19,Male,Mass,2022-11-17
CUST09836,56,Male,Mass,2025-01-27
CUST09837,54,Male,Mass,2025-07-21
CUST09838,38,Female,Premium,2022-05-26
CUST09839,22,Male,Premium,2022-05-17
CUST09840,69,Male,Mass,2022-08-05
CUST09841,62,Other,Premium,2025-12-24
CUST09842,38,Male,Mass,2023-02-17
CUST09843,46,Other,Mass,2025-08-14
CUST09844,37,Male,Mass,2022-10-23
CUST09845,55,Male,Premium,2024-05-26
CUST09846,37,Female,Mass,2024-12-23
CUST09847,67,Male,Mass,2025-07-20
CUST09848,42,Male,Business,2021-01-03
CUST09849,19,Male,Mass,2024-04-25
CUST09850,49,Female,Business,2021-02-12
CUST09851,43,Male,Mass,2025-06-23
CUST09852,23,Female,Premium,2023-02-14
CUST09853,58,Female,Mass,2024-12-05
CUST09854,20,Female,Premium,2024-04-28
CUST09855,50,Female,Business,2021-02-11
CUST09856,18,Male,Premium,2024-01-26
CUST09857,68,Male,Mass,2025-12-01
CUST09858,22,Male,Premium,2022-12-31
CUST09859,30,Male,Premium,2022-10-10
CUST09860,36,Male,Mass,2022-10-19
CUST09861,29,Male,Premium,2025-03-21
CUST09862,65,Female,Mass,2023-05-31
CUST09863,42,Female,Mass,2024-03-05
CUST09864,68,Male,Mass,2022-05-25
CUST09865,52,Male,Mass,2025-03-23
CUST09866,29,Male,Mass,2021-02-06
CUST09867,47,Male,Mass,2023-04-03
CUST09868,22,Male,Mass,2022-08-02
CUST09869,51,Female,Mass,2023-04-17
CUST09870,39,Male,Premium,2022-06-01
CUST09871,56,Male,Mass,2023-02-24
CUST09872,30,Male,Mass,2023-10-18
CUST09873,64,Other,Mass,2023-05-29
CUST09874,20,Female,Mass,2023-12-18
CUST09875,70,Female,Mass,2023-08-17
CUST09876,37,Male,Mass,2021-06-04
CUST09877,48,Male,Premium,2021-04-23
CUST09878,22,Male,Mass,2025-01-23
CUST09879,41,Male,Mass,2025-06-16
CUST09880,57,Female,Mass,2023-04-16
CUST09881,50,Male,Premium,2025-11-15
CUST09882,25,Male,Mass,2025-12-25
CUST09883,41,Female,Mass,2022-08-24
CUST09884,67,Male,Premium,2022-03-18
CUST09885,37,Female,Premium,2025-09-10
CUST09886,33,Male,Mass,2021-08-16
CUST09887,67,Male,Mass,2023-05-24
CUST09888,69,Male,Mass,2025-05-22
CUST09889,29,Female,Mass,2024-02-20
CUST09890,30,Male,Mass,2022-11-02
CUST09891,62,Male,Mass,2024-10-12
CUST09892,59,Male,Premium,2024-07-15
CUST09893,56,Female,Mass,2022-11-26
CUST09894,42,Female,Mass,2025-02-17
CUST09895,63,Male,Mass,2023-05-19
CUST09896,49,Male,Mass,2023-10-25
CUST09897,41,Female,Mass,2025-02-10
CUST09898,65,Female,Premium,2021-05-01
CUST09899,64,Female,Premium,2023-01-12
CUST09900,61,Male,Business,2025-02-18
CUST09901,26,Male,Premium,2024-05-27
CUST09902,57,Female,Premium,2022-11-25
CUST09903,67,Female,Mass,2024-07-25
CUST09904,40,Female,Mass,2021-09-14
CUST09905,67,Male,Premium,2024-08-20
CUST09906,30,Female,Mass,2021-02-12
CUST09907,49,Female,Mass,2023-05-20
CUST09908,67,Female,Premium,2023-07-05
CUST09909,32,Male,Business,2025-04-03
CUST09910,53,Female,Mass,2025-09-30
CUST09911,66,Female,Mass,2025-09-09
CUST09912,22,Female,Mass,2022-08-11
CUST09913,39,Female,Mass,2023-07-02
CUST09914,33,Female,Mass,2025-09-13
CUST09915,58,Female,Business,2024-03-19
CUST09916,27,Male,Mass,2022-08-17
CUST09917,41,Female,Mass,2023-10-31
CUST09918,35,Female,Premium,2023-03-03
CUST09919,66,Male,Mass,2021-07-31
CUST09920,35,Male,Premium,2025-08-03
CUST09921,24,Male,Mass,2024-07-07
CUST09922,21,Female,Premium,2024-11-06
CUST09923,43,Male,Mass,2024-11-13
CUST09924,22,Female,Mass,2023-07-11
CUST09925,33,Female,Mass,2025-10-30
CUST09926,52,Female,Premium,2021-12-02
CUST09927,43,Male,Mass,2023-10-26
CUST09928,35,Male,Mass,2023-07-11
CUST09929,46,Male,Business,2021-03-24
CUST09930,40,Male,Mass,2023-10-27
CUST09931,70,Female,Premium,2021-06-01
CUST09932,31,Female,Premium,2025-10-25
CUST09933,32,Male,Premium,2024-04-19
CUST09934,66,Female,Premium,2025-12-04
CUST09935,50,Male,Mass,2025-12-07
CUST09936,42,Male,Premium,2024-04-05
CUST09937,38,Female,Mass,2025-02-02
CUST09938,34,Male,Mass,2021-03-19
CUST09939,40,Female,Mass,2022-02-16
CUST09940,60,Female,Mass,2025-04-27
CUST09941,34,Female,Mass,2025-05-17
CUST09942,31,Male,Premium,2022-01-16
CUST09943,46,Male,Business,2023-08-06
CUST09944,37,Male,Premium,2023-03-01
CUST09945,47,Female,Mass,2021-11-09
CUST09946,36,Male,Mass,2023-05-14
CUST09947,70,Male,Premium,2022-01-30
CUST09948,56,Female,Mass,2022-06-27
CUST09949,30,Female,Premium,2021-01-04
CUST09950,35,Female,Premium,2021-04-19
CUST09951,40,Female,Mass,2023-07-07
CUST09952,63,Male,Mass,2023-06-05
CUST09953,50,Male,Mass,2021-04-03
CUST09954,56,Male,Mass,2024-01-28
CUST09955,57,Male,Mass,2021-07-11
CUST09956,35,Female,Business,2021-11-29
CUST09957,26,Male,Mass,2024-05-20
CUST09958,50,Female,Mass,2025-06-07
CUST09959,49,Male,Mass,2024-05-15
CUST09960,34,Male,Mass,2022-09-19
CUST09961,36,Female,Premium,2023-09-13
CUST09962,44,Male,Mass,2025-11-23
CUST09963,23,Female,Business,2022-07-27
CUST09964,52,Other,Premium,2021-12-22
CUST09965,54,Female,Premium,2024-06-30
CUST09966,51,Male,Mass,2022-08-14
CUST09967,37,Female,Mass,2021-07-15
CUST09968,42,Male,Premium,2021-09-19
CUST09969,21,Female,Premium,2021-11-18
CUST09970,27,Male,Premium,2022-02-24
CUST09971,27,Male,Mass,2025-03-02
CUST09972,41,Other,Mass,2021-11-28
CUST09973,38,Male,Business,2024-08-12
CUST09974,28,Female,Mass,2024-06-13
CUST09975,44,Male,Mass,2022-11-12
CUST09976,33,Female,Mass,2021-01-07
CUST09977,43,Female,Premium,2022-06-18
CUST09978,47,Male,Mass,2021-03-13
CUST09979,66,Female,Mass,2025-03-04
CUST09980,33,Female,Mass,2022-09-10
CUST09981,24,Female,Mass,2021-05-19
CUST09982,33,Male,Premium,2024-11-10
CUST09983,52,Female,Mass,2022-06-26
CUST09984,33,Male,Mass,2021-11-20
CUST09985,57,Male,Mass,2023-08-07
CUST09986,29,Male,Mass,2022-08-24
CUST09987,52,Female,Mass,2025-08-16
CUST09988,66,Female,Premium,2021-03-14
CUST09989,38,Male,Business,2023-04-20
CUST09990,67,Female,Mass,2024-11-13
CUST09991,60,Female,Mass,2024-06-15
CUST09992,53,Male,Mass,2023-09-15
CUST09993,65,Female,Premium,2024-09-07
CUST09994,34,Male,Mass,2024-09-26
CUST09995,49,Male,Mass,2025-11-22
CUST09996,58,Male,Premium,2024-08-21
CUST09997,23,Female,Mass,2023-10-29
CUST09998,41,Other,Mass,2024-05-15
CUST09999,44,Male,Mass,2022-02-15
CUST10000,37,Male,Mass,2021-09-15
