device_id,device_type,os_version,app_version
DEV00001,Web,iOS 17,v4.2
DEV00002,Android,iOS 17,v4.1
DEV00003,Web,iOS 18,v4.1
DEV00004,POS,macOS,v4.1
DEV00005,Android,Windows 11,v4.3
DEV00006,Web,Windows 11,v4.1
DEV00007,Android,Android 13,v5.1
DEV00008,Android,Android 13,v4.1
DEV00009,POS,Android 14,v4.2
DEV00010,Android,iOS 18,v4.2
DEV00011,Android,iOS 18,v4.2
DEV00012,iOS,Android 15,v4.1
DEV00013,Android,Android 15,v5.0
DEV00014,iOS,Android 15,v4.2
DEV00015,Android,Android 13,v4.1
DEV00016,Android,Android 14,v4.2
DEV00017,Android,Android 14,v4.3
DEV00018,iOS,Windows 11,v4.3
DEV00019,iOS,iOS 17,v4.1
DEV00020,iOS,Android 14,v4.2
DEV00021,iOS,macOS,v4.2
DEV00022,Android,Android 15,v5.1
DEV00023,Web,iOS 18,v4.2
DEV00024,Android,iOS 17,v5.0
DEV00025,Android,Windows 11,v4.3
DEV00026,Web,Android 13,v4.2
DEV00027,Android,Android 14,v5.0
DEV00028,iOS,Windows 11,v4.1
DEV00029,Android,iOS 18,v4.3
DEV00030,iOS,Android 15,v4.1
DEV00031,Android,Android 13,v4.2
DEV00032,POS,Android 13,v4.1
DEV00033,Android,Android 14,v4.3
DEV00034,iOS,macOS,v4.1
DEV00035,Web,iOS 18,v4.1
DEV00036,iOS,Android 15,v4.1
DEV00037,iOS,Android 15,v5.0
DEV00038,iOS,Android 15,v5.0
DEV00039,iOS,Android 15,v4.2
DEV00040,Web,Android 14,v4.1
DEV00041,Android,Windows 11,v5.0
DEV00042,Web,Windows 11,v4.3
DEV00043,iOS,Windows 11,v4.3
DEV00044,Web,Android 14,v4.1
DEV00045,Android,iOS 18,v4.2
DEV00046,Web,macOS,v5.0
DEV00047,Android,iOS 17,v5.0
DEV00048,Web,Android 14,v5.0
DEV00049,Android,Android 15,v4.2
DEV00050,Web,Windows 11,v5.1
DEV00051,iOS,Windows 11,v5.0
DEV00052,Android,iOS 18,v4.1
DEV00053,iOS,Android 15,v5.0
DEV00054,Android,Android 14,v5.0
DEV00055,iOS,Windows 11,v5.1
DEV00056,Web,iOS 18,v4.1
DEV00057,Android,macOS,v4.1
DEV00058,iOS,Android 15,v4.1
DEV00059,iOS,Windows 11,v5.0
DEV00060,Android,iOS 17,v5.0
DEV00061,POS,Android 13,v4.3
DEV00062,iOS,Android 13,v5.1
DEV00063,Android,Windows 11,v4.1
DEV00064,Android,Android 15,v4.1
DEV00065,iOS,Windows 11,v4.3
DEV00066,Android,macOS,v5.0
DEV00067,Android,Android 13,v4.3
DEV00068,Android,Windows 11,v4.3
DEV00069,iOS,Windows 11,v5.0
DEV00070,iOS,iOS 17,v4.2
DEV00071,Android,Windows 11,v5.1
DEV00072,iOS,macOS,v4.2
DEV00073,POS,iOS 17,v4.2
DEV00074,POS,Android 15,v5.1
DEV00075,Web,iOS 17,v4.2
DEV00076,Web,Android 13,v5.0
DEV00077,Android,Android 15,v4.2
DEV00078,Android,macOS,v4.2
DEV00079,iOS,Windows 11,v4.2
DEV00080,iOS,Android 13,v5.0
DEV00081,Web,iOS 17,v4.3
DEV00082,Android,iOS 17,v4.1
DEV00083,iOS,iOS 18,v5.1
DEV00084,iOS,Android 14,v5.1
DEV00085,iOS,macOS,v5.0
DEV00086,iOS,macOS,v4.1
DEV00087,Android,Windows 11,v4.2
DEV00088,POS,Android 14,v5.1
DEV00089,iOS,Android 15,v4.2
DEV00090,iOS,Android 13,v5.0
DEV00091,Android,Android 14,v5.0
DEV00092,iOS,Android 15,v5.0
DEV00093,Android,iOS 17,v4.3
DEV00094,Android,Android 14,v5.0
DEV00095,Android,Android 13,v4.2
DEV00096,Android,iOS 18,v4.3
DEV00097,iOS,macOS,v4.2
DEV00098,Android,iOS 18,v5.0
DEV00099,Web,Android 14,v4.3
DEV00100,Android,iOS 18,v4.1
DEV00101,Android,Android 15,v5.0
DEV00102,Web,Windows 11,v4.3
DEV00103,Android,Android 13,v4.3
DEV00104,Android,iOS 17,v4.3
DEV00105,Android,Android 13,v5.1
DEV00106,Web,iOS 17,v4.3
DEV00107,Web,iOS 18,v4.1
DEV00108,Android,Android 15,v5.0
DEV00109,iOS,iOS 17,v5.0
DEV00110,iOS,macOS,v5.0
DEV00111,POS,iOS 18,v4.3
DEV00112,Android,iOS 17,v5.0
DEV00113,Web,Android 14,v4.1
DEV00114,Android,Android 13,v5.1
DEV00115,Android,Windows 11,v4.1
DEV00116,Android,Windows 11,v5.1
DEV00117,Web,Android 15,v5.0
DEV00118,iOS,iOS 18,v4.2
DEV00119,iOS,Android 15,v5.1
DEV00120,Web,Android 13,v4.1
DEV00121,iOS,Windows 11,v4.1
DEV00122,Web,iOS 17,v4.2
DEV00123,Android,iOS 17,v5.1
DEV00124,Android,Android 15,v5.1
DEV00125,Android,iOS 17,v4.1
DEV00126,Android,iOS 17,v5.1
DEV00127,Web,macOS,v4.2
DEV00128,Web,macOS,v5.1
DEV00129,Web,iOS 17,v5.1
DEV00130,Android,Android 14,v4.2
DEV00131,iOS,macOS,v5.0
DEV00132,Android,iOS 18,v5.1
DEV00133,POS,iOS 18,v4.1
DEV00134,Android,Windows 11,v4.3
DEV00135,iOS,macOS,v4.1
DEV00136,Web,Android 13,v4.1
DEV00137,POS,iOS 17,v5.0
DEV00138,iOS,Android 15,v5.0
DEV00139,Android,iOS 17,v4.1
DEV00140,iOS,Android 13,v5.1
DEV00141,Android,iOS 17,v4.1
DEV00142,iOS,Android 14,v5.1
DEV00143,POS,Android 13,v4.2
DEV00144,Android,iOS 18,v4.2
DEV00145,iOS,iOS 18,v5.0
DEV00146,Web,Android 14,v4.3
DEV00147,Android,iOS 18,v4.3
DEV00148,iOS,Windows 11,v5.0
DEV00149,Web,Android 14,v4.2
DEV00150,POS,iOS 18,v5.0
DEV00151,iOS,macOS,v4.2
DEV00152,Android,iOS 18,v5.1
DEV00153,Android,Windows 11,v4.2
DEV00154,iOS,iOS 17,v4.2
DEV00155,Android,macOS,v4.2
DEV00156,Android,Android 13,v4.3
DEV00157,Web,iOS 18,v4.2
DEV00158,Web,Android 13,v4.1
DEV00159,Web,Android 13,v5.1
DEV00160,Android,iOS 18,v4.3
DEV00161,Android,macOS,v4.1
DEV00162,Web,Android 13,v4.3
DEV00163,Web,Windows 11,v4.3
DEV00164,Web,Android 14,v4.1
DEV00165,POS,macOS,v5.0
DEV00166,Web,Windows 11,v5.0
DEV00167,iOS,Android 15,v4.2
DEV00168,Android,Android 14,v4.1
DEV00169,iOS,macOS,v4.2
DEV00170,iOS,iOS 18,v5.0
DEV00171,Android,Android 14,v4.1
DEV00172,Web,Windows 11,v4.1
DEV00173,Android,macOS,v4.1
DEV00174,Web,Android 15,v4.2
DEV00175,Android,macOS,v4.3
DEV00176,iOS,Android 14,v4.3
DEV00177,Web,macOS,v4.3
DEV00178,Android,Android 13,v4.1
DEV00179,iOS,macOS,v5.0
DEV00180,Android,iOS 18,v4.2
DEV00181,Web,Android 13,v4.2
DEV00182,Web,macOS,v5.0
DEV00183,POS,Android 13,v4.3
DEV00184,Web,iOS 18,v5.1
DEV00185,Web,iOS 18,v5.0
DEV00186,Android,iOS 17,v4.3
DEV00187,Android,Android 15,v4.1
DEV00188,iOS,macOS,v5.0
DEV00189,iOS,Android 13,v4.3
DEV00190,Web,Windows 11,v4.2
DEV00191,Android,Android 13,v5.1
DEV00192,Android,macOS,v5.1
DEV00193,iOS,iOS 18,v5.1
DEV00194,Android,iOS 18,v4.3
DEV00195,Web,macOS,v4.3
DEV00196,iOS,macOS,v4.1
DEV00197,Web,Android 14,v5.1
DEV00198,Android,Android 13,v4.2
DEV00199,POS,Android 13,v5.1
DEV00200,Android,iOS 18,v5.0
DEV00201,Android,Windows 11,v5.0
DEV00202,iOS,Windows 11,v4.2
DEV00203,Android,Android 13,v4.3
DEV00204,Android,Android 15,v5.1
DEV00205,Android,iOS 17,v5.0
DEV00206,iOS,iOS 18,v4.2
DEV00207,Web,iOS 18,v4.1
DEV00208,iOS,Android 13,v5.0
DEV00209,iOS,macOS,v5.0
DEV00210,Android,Windows 11,v5.1
DEV00211,Android,iOS 17,v4.3
DEV00212,Android,iOS 17,v5.0
DEV00213,Web,Windows 11,v5.0
DEV00214,Android,iOS 18,v5.1
DEV00215,POS,iOS 18,v4.3
DEV00216,Android,iOS 18,v4.1
DEV00217,iOS,Android 15,v4.1
DEV00218,POS,Android 13,v4.1
DEV00219,Android,Android 15,v4.1
DEV00220,Web,iOS 18,v4.3
DEV00221,Android,iOS 17,v4.1
DEV00222,Android,Android 13,v5.1
DEV00223,Android,Android 13,v5.1
DEV00224,Web,Windows 11,v5.1
DEV00225,Android,iOS 18,v4.1
DEV00226,Android,iOS 18,v5.1
DEV00227,POS,iOS 18,v5.1
DEV00228,Android,iOS 18,v4.2
DEV00229,Android,macOS,v4.1
DEV00230,POS,macOS,v5.1
DEV00231,Android,iOS 18,v4.3
DEV00232,Android,macOS,v5.1
DEV00233,Web,iOS 18,v4.2
DEV00234,Android,Android 13,v4.3
DEV00235,Android,Android 15,v4.3
DEV00236,Android,iOS 17,v5.0
DEV00237,Web,macOS,v4.2
DEV00238,Android,iOS 18,v4.2
DEV00239,Android,iOS 17,v5.1
DEV00240,Android,Windows 11,v4.2
DEV00241,Android,Android 13,v4.3
DEV00242,iOS,iOS 17,v4.3
DEV00243,Android,Android 13,v5.1
DEV00244,iOS,Android 14,v4.3
DEV00245,iOS,Android 15,v5.1
DEV00246,Android,Android 14,v5.0
DEV00247,Android,Android 13,v4.2
DEV00248,Android,macOS,v4.2
DEV00249,Android,Windows 11,v4.2
DEV00250,iOS,Android 14,v5.0
DEV00251,iOS,Android 13,v4.2
DEV00252,Android,Android 14,v5.0
DEV00253,iOS,Android 13,v5.0
DEV00254,POS,Android 15,v5.1
DEV00255,Android,Windows 11,v4.1
DEV00256,iOS,Android 15,v4.1
DEV00257,Web,Android 15,v5.1
DEV00258,Android,Android 13,v5.1
DEV00259,Web,iOS 17,v5.1
DEV00260,POS,Android 14,v4.2
DEV00261,Android,macOS,v4.3
DEV00262,Web,Android 14,v5.1
DEV00263,Android,Android 14,v5.0
DEV00264,Android,Windows 11,v4.1
DEV00265,iOS,Android 14,v4.2
DEV00266,Android,Android 15,v4.3
DEV00267,iOS,iOS 17,v4.1
DEV00268,Android,Android 14,v4.1
DEV00269,Web,iOS 17,v4.1
DEV00270,iOS,Android 13,v5.0
DEV00271,iOS,Android 13,v5.0
DEV00272,Android,Windows 11,v5.0
DEV00273,Android,Android 14,v4.3
DEV00274,Android,iOS 18,v4.1
DEV00275,Web,Windows 11,v5.1
DEV00276,Android,Android 15,v4.3
DEV00277,iOS,Windows 11,v5.0
DEV00278,Android,Android 14,v5.0
DEV00279,iOS,Android 15,v5.0
DEV00280,iOS,Android 14,v4.2
DEV00281,Android,Android 15,v4.1
DEV00282,iOS,macOS,v5.1
DEV00283,Android,iOS 18,v4.1
DEV00284,Web,iOS 18,v4.3
DEV00285,Web,Windows 11,v4.2
DEV00286,iOS,Android 13,v4.3
DEV00287,Web,Windows 11,v5.0
DEV00288,Web,Android 14,v5.0
DEV00289,iOS,iOS 18,v5.1
DEV00290,Android,iOS 18,v4.1
DEV00291,iOS,Windows 11,v4.3
DEV00292,Android,Android 14,v5.0
DEV00293,iOS,Windows 11,v5.1
DEV00294,iOS,macOS,v5.1
DEV00295,iOS,Windows 11,v4.3
DEV00296,iOS,Windows 11,v4.1
DEV00297,iOS,Android 14,v4.2
DEV00298,Android,Android 13,v5.1
DEV00299,Android,iOS 18,v4.3
DEV00300,iOS,Android 15,v5.0
DEV00301,Android,Android 14,v4.2
DEV00302,Web,Android 14,v4.2
DEV00303,Android,Android 14,v4.1
DEV00304,Android,Windows 11,v4.3
DEV00305,iOS,Windows 11,v4.1
DEV00306,iOS,Android 14,v5.1
DEV00307,Android,iOS 18,v5.1
DEV00308,Android,Android 15,v4.3
DEV00309,Android,Android 13,v5.0
DEV00310,Android,iOS 17,v5.1
DEV00311,Android,iOS 18,v5.1
DEV00312,iOS,iOS 18,v5.0
DEV00313,Web,macOS,v4.2
DEV00314,Android,iOS 17,v4.3
DEV00315,Android,iOS 17,v4.2
DEV00316,Web,Android 14,v4.1
DEV00317,Web,Android 15,v5.0
DEV00318,Android,iOS 18,v4.3
DEV00319,Android,iOS 18,v5.0
DEV00320,Android,Android 13,v5.0
DEV00321,Android,iOS 17,v4.2
DEV00322,iOS,iOS 17,v4.2
DEV00323,POS,iOS 18,v4.1
DEV00324,iOS,iOS 17,v4.3
DEV00325,POS,Android 14,v5.0
DEV00326,iOS,Android 13,v4.1
DEV00327,Web,iOS 18,v5.0
DEV00328,Android,Windows 11,v4.1
DEV00329,Android,Android 13,v5.0
DEV00330,Web,Windows 11,v4.2
DEV00331,Android,macOS,v5.1
DEV00332,Android,Android 14,v4.1
DEV00333,iOS,Android 13,v4.1
DEV00334,Android,Windows 11,v5.1
DEV00335,iOS,iOS 17,v4.2
DEV00336,Android,iOS 18,v4.1
DEV00337,Web,Android 13,v4.2
DEV00338,Android,Android 15,v5.0
DEV00339,iOS,iOS 18,v5.0
DEV00340,Android,Android 13,v5.1
DEV00341,Web,iOS 18,v4.3
DEV00342,iOS,Windows 11,v4.2
DEV00343,Android,Android 13,v4.3
DEV00344,Android,Android 13,v4.3
DEV00345,Android,iOS 17,v4.2
DEV00346,iOS,Android 13,v4.3
DEV00347,iOS,Android 15,v4.1
DEV00348,Android,iOS 17,v5.0
DEV00349,Web,Android 15,v5.1
DEV00350,Web,Windows 11,v4.2
DEV00351,Android,Android 15,v5.1
DEV00352,Android,macOS,v5.0
DEV00353,iOS,Android 14,v5.1
DEV00354,iOS,Android 15,v4.2
DEV00355,Android,Android 13,v5.1
DEV00356,Android,iOS 18,v4.3
DEV00357,Android,iOS 17,v4.3
DEV00358,iOS,iOS 17,v5.0
DEV00359,iOS,iOS 17,v4.3
DEV00360,Android,iOS 18,v5.1
DEV00361,Android,Android 15,v4.1
DEV00362,Android,Windows 11,v5.1
DEV00363,Web,macOS,v4.1
DEV00364,Android,Android 14,v5.1
DEV00365,iOS,Android 13,v4.1
DEV00366,Web,Windows 11,v4.1
DEV00367,Web,iOS 17,v4.2
DEV00368,iOS,Android 13,v4.2
DEV00369,Android,Android 15,v5.1
DEV00370,Web,macOS,v4.3
DEV00371,Web,Windows 11,v4.2
DEV00372,Web,macOS,v4.1
DEV00373,Android,Android 14,v5.1
DEV00374,Android,macOS,v4.3
DEV00375,Web,iOS 17,v5.1
DEV00376,POS,macOS,v4.1
DEV00377,Web,Android 15,v4.2
DEV00378,Web,Windows 11,v4.2
DEV00379,iOS,Android 14,v5.0
DEV00380,Android,Windows 11,v5.0
DEV00381,iOS,iOS 17,v5.1
DEV00382,Web,Android 15,v5.1
DEV00383,iOS,Android 13,v4.3
DEV00384,POS,Windows 11,v4.2
DEV00385,Android,iOS 18,v4.2
DEV00386,Android,iOS 17,v5.0
DEV00387,POS,Android 14,v4.1
DEV00388,Android,Android 14,v4.1
DEV00389,Web,iOS 18,v5.0
DEV00390,Web,iOS 18,v5.1
DEV00391,Android,Android 15,v4.2
DEV00392,Web,iOS 18,v4.2
DEV00393,Android,iOS 17,v4.2
DEV00394,Web,Windows 11,v4.1
DEV00395,Android,iOS 18,v5.1
DEV00396,iOS,iOS 17,v4.1
DEV00397,iOS,Android 13,v5.1
DEV00398,iOS,iOS 18,v5.0
DEV00399,Web,Android 13,v5.1
DEV00400,POS,macOS,v4.1
DEV00401,Web,Windows 11,v4.2
DEV00402,POS,Android 14,v4.1
DEV00403,iOS,Windows 11,v5.0
DEV00404,iOS,macOS,v4.2
DEV00405,Android,iOS 18,v4.1
DEV00406,POS,Android 14,v4.2
DEV00407,Android,Windows 11,v5.0
DEV00408,Android,Android 13,v5.1
DEV00409,Android,Android 14,v5.1
DEV00410,Android,Android 13,v4.3
DEV00411,POS,Android 15,v4.2
DEV00412,Android,Windows 11,v5.0
DEV00413,POS,Windows 11,v4.1
DEV00414,Android,Android 13,v4.1
DEV00415,Web,Android 15,v4.3
DEV00416,iOS,Android 14,v4.1
DEV00417,Android,Android 13,v5.0
DEV00418,iOS,Android 15,v5.0
DEV00419,Android,Android 13,v5.1
DEV00420,Android,iOS 17,v4.2
DEV00421,Android,Windows 11,v4.2
DEV00422,Android,iOS 17,v4.1
DEV00423,Android,Android 14,v4.2
DEV00424,iOS,iOS 17,v4.3
DEV00425,Android,Windows 11,v4.2
DEV00426,Web,iOS 18,v4.1
DEV00427,POS,Android 15,v4.2
DEV00428,Android,Windows 11,v5.0
DEV00429,iOS,Windows 11,v5.0
DEV00430,Android,iOS 18,v5.1
DEV00431,Android,iOS 17,v5.1
DEV00432,Web,Android 14,v5.1
DEV00433,Android,iOS 18,v5.1
DEV00434,Android,Windows 11,v4.2
DEV00435,Android,macOS,v4.1
DEV00436,Web,Android 14,v4.2
DEV00437,iOS,Android 13,v4.1
DEV00438,POS,Windows 11,v4.1
DEV00439,POS,iOS 18,v4.1
DEV00440,Android,Android 13,v4.1
DEV00441,Android,iOS 18,v5.0
DEV00442,Android,macOS,v4.1
DEV00443,iOS,Android 15,v4.2
DEV00444,iOS,Android 14,v4.1
DEV00445,Android,Android 13,v5.0
DEV00446,Android,macOS,v4.2
DEV00447,Android,iOS 17,v4.3
DEV00448,Web,iOS 18,v4.2
DEV00449,POS,Windows 11,v5.0
DEV00450,Android,Android 13,v5.0
DEV00451,Android,macOS,v5.1
DEV00452,Android,macOS,v4.3
DEV00453,Web,iOS 18,v4.1
DEV00454,POS,iOS 18,v5.0
DEV00455,Android,iOS 18,v5.1
DEV00456,Android,Android 13,v5.1
DEV00457,Android,Android 13,v4.1
DEV00458,iOS,iOS 18,v4.2
DEV00459,Web,iOS 17,v4.3
DEV00460,iOS,Windows 11,v4.1
DEV00461,POS,Android 14,v4.1
DEV00462,Android,macOS,v4.2
DEV00463,Web,iOS 18,v4.2
DEV00464,Android,iOS 17,v5.0
DEV00465,Android,Android 14,v4.2
DEV00466,Web,iOS 18,v4.2
DEV00467,POS,macOS,v4.3
DEV00468,Web,Android 14,v4.3
DEV00469,Web,iOS 18,v4.3
DEV00470,Web,Android 13,v4.1
DEV00471,Android,iOS 18,v4.3
DEV00472,Web,iOS 18,v4.3
DEV00473,Web,iOS 18,v5.1
DEV00474,iOS,iOS 18,v4.3
DEV00475,iOS,iOS 17,v4.1
DEV00476,Web,Android 15,v5.1
DEV00477,Web,iOS 17,v4.1
DEV00478,Android,iOS 17,v4.1
DEV00479,Web,Android 13,v5.1
DEV00480,Web,iOS 18,v5.1
DEV00481,Android,iOS 17,v5.1
DEV00482,Web,Android 14,v5.1
DEV00483,Android,iOS 18,v4.1
DEV00484,Android,Android 13,v5.1
DEV00485,iOS,Windows 11,v4.2
DEV00486,POS,Windows 11,v4.3
DEV00487,Android,Android 13,v4.3
DEV00488,Web,macOS,v4.2
DEV00489,iOS,Android 14,v4.1
DEV00490,Web,Windows 11,v4.1
DEV00491,Web,Android 13,v4.3
DEV00492,Web,Windows 11,v5.0
DEV00493,Web,iOS 18,v4.2
DEV00494,Web,Android 15,v4.2
DEV00495,Android,Android 15,v4.3
DEV00496,Android,iOS 17,v5.1
DEV00497,Android,Android 13,v5.0
DEV00498,Web,macOS,v4.1
DEV00499,Android,iOS 18,v4.1
DEV00500,Android,Android 14,v4.1
DEV00501,Web,Android 14,v4.1
DEV00502,Web,iOS 18,v4.2
DEV00503,Web,iOS 18,v4.2
DEV00504,Android,Android 14,v5.1
DEV00505,Android,Android 13,v4.2
DEV00506,Android,Windows 11,v5.1
DEV00507,Android,iOS 17,v5.1
DEV00508,Android,iOS 17,v4.1
DEV00509,Android,iOS 17,v4.1
DEV00510,Android,iOS 18,v4.2
DEV00511,iOS,Android 14,v4.2
DEV00512,Android,macOS,v5.1
DEV00513,Android,macOS,v4.3
DEV00514,Web,Android 14,v4.1
DEV00515,Web,Android 14,v5.0
DEV00516,Web,Windows 11,v4.3
DEV00517,iOS,Android 14,v4.1
DEV00518,POS,Android 14,v4.1
DEV00519,POS,Android 15,v4.2
DEV00520,iOS,Windows 11,v5.0
DEV00521,iOS,iOS 18,v5.0
DEV00522,Android,macOS,v4.1
DEV00523,Web,Windows 11,v5.1
DEV00524,iOS,iOS 18,v5.0
DEV00525,POS,Android 15,v4.3
DEV00526,iOS,iOS 17,v5.1
DEV00527,POS,Android 13,v4.2
DEV00528,Web,Windows 11,v4.1
DEV00529,POS,iOS 18,v4.1
DEV00530,Android,iOS 18,v4.3
DEV00531,Android,Android 15,v4.3
DEV00532,Web,iOS 18,v4.2
DEV00533,Web,iOS 18,v4.2
DEV00534,Android,iOS 17,v5.0
DEV00535,Web,Android 15,v5.1
DEV00536,iOS,Windows 11,v4.1
DEV00537,Android,iOS 18,v5.0
DEV00538,iOS,Android 14,v4.2
DEV00539,POS,Android 15,v4.3
DEV00540,iOS,iOS 17,v5.0
DEV00541,Web,Windows 11,v4.3
DEV00542,Android,Android 13,v5.1
DEV00543,Web,iOS 18,v4.3
DEV00544,POS,Android 14,v4.1
DEV00545,iOS,Android 14,v5.1
DEV00546,Android,Android 13,v4.3
DEV00547,iOS,Android 15,v5.0
DEV00548,POS,iOS 17,v4.1
DEV00549,Android,iOS 18,v4.1
DEV00550,Android,iOS 18,v4.2
DEV00551,Android,Windows 11,v4.2
DEV00552,iOS,iOS 18,v5.0
DEV00553,iOS,Android 14,v4.2
DEV00554,POS,Android 15,v4.3
DEV00555,Android,Android 13,v4.2
DEV00556,iOS,Android 15,v4.1
DEV00557,Web,iOS 17,v5.0
DEV00558,Android,iOS 17,v4.3
DEV00559,iOS,macOS,v4.1
DEV00560,Web,Android 13,v4.1
DEV00561,Android,Android 14,v5.1
DEV00562,Android,Windows 11,v4.2
DEV00563,iOS,Android 13,v4.3
DEV00564,Android,Windows 11,v5.0
DEV00565,Android,iOS 17,v5.0
DEV00566,POS,Android 14,v5.0
DEV00567,iOS,Android 15,v5.1
DEV00568,Web,iOS 17,v4.3
DEV00569,Android,Android 14,v4.1
DEV00570,POS,Android 14,v5.1
DEV00571,Web,iOS 18,v4.2
DEV00572,Web,Android 15,v4.1
DEV00573,Android,Android 14,v5.0
DEV00574,iOS,Android 13,v4.2
DEV00575,iOS,Windows 11,v4.3
DEV00576,Web,macOS,v4.3
DEV00577,Web,Android 15,v5.1
DEV00578,Android,Android 15,v4.3
DEV00579,POS,macOS,v5.0
DEV00580,POS,iOS 17,v5.1
DEV00581,iOS,Android 15,v5.1
DEV00582,Android,Android 15,v5.0
DEV00583,Web,iOS 18,v4.3
DEV00584,iOS,Android 15,v4.2
DEV00585,Web,Windows 11,v5.1
DEV00586,Web,Windows 11,v4.2
DEV00587,Android,Windows 11,v4.2
DEV00588,iOS,Android 14,v4.2
DEV00589,iOS,macOS,v4.2
DEV00590,POS,macOS,v5.0
DEV00591,Android,Android 13,v4.1
DEV00592,Android,macOS,v4.3
DEV00593,Web,Windows 11,v4.1
DEV00594,Android,iOS 18,v4.1
DEV00595,Web,iOS 18,v5.1
DEV00596,Android,iOS 18,v4.1
DEV00597,iOS,iOS 18,v4.1
DEV00598,iOS,iOS 17,v5.0
DEV00599,Android,macOS,v4.2
DEV00600,POS,iOS 18,v4.1
DEV00601,Android,iOS 17,v4.1
DEV00602,Android,iOS 17,v5.1
DEV00603,iOS,Android 15,v4.3
DEV00604,iOS,Android 13,v5.1
DEV00605,Android,Android 15,v4.3
DEV00606,Android,iOS 17,v4.3
DEV00607,POS,Android 15,v4.3
DEV00608,Android,Android 14,v5.0
DEV00609,Android,macOS,v5.0
DEV00610,iOS,iOS 18,v4.2
DEV00611,Android,iOS 18,v4.3
DEV00612,Android,macOS,v5.0
DEV00613,Android,macOS,v5.0
DEV00614,Android,iOS 17,v4.1
DEV00615,Android,Android 15,v4.3
DEV00616,Android,macOS,v5.1
DEV00617,iOS,Android 14,v4.1
DEV00618,iOS,Android 14,v5.0
DEV00619,Android,Windows 11,v5.0
DEV00620,POS,Android 14,v5.0
DEV00621,Web,iOS 17,v5.0
DEV00622,POS,Windows 11,v5.1
DEV00623,Android,Android 15,v4.2
DEV00624,iOS,Android 14,v4.2
DEV00625,Android,Android 14,v4.3
DEV00626,Web,Android 15,v5.0
DEV00627,Android,Android 15,v4.3
DEV00628,Android,iOS 18,v5.1
DEV00629,iOS,Android 13,v4.3
DEV00630,iOS,Android 13,v4.2
DEV00631,iOS,Android 14,v4.2
DEV00632,Android,Android 15,v4.2
DEV00633,Android,iOS 18,v4.3
DEV00634,POS,iOS 17,v5.0
DEV00635,Web,Android 13,v4.1
DEV00636,iOS,Windows 11,v4.2
DEV00637,iOS,Android 13,v4.3
DEV00638,Android,Android 15,v4.1
DEV00639,Android,macOS,v4.2
DEV00640,Android,iOS 17,v4.2
DEV00641,iOS,Android 13,v5.1
DEV00642,Web,macOS,v4.2
DEV00643,iOS,iOS 18,v4.1
DEV00644,Android,Android 13,v4.1
DEV00645,iOS,Android 15,v5.0
DEV00646,Android,Android 15,v4.1
DEV00647,Web,Windows 11,v4.3
DEV00648,Android,Windows 11,v4.3
DEV00649,iOS,iOS 17,v4.2
DEV00650,Web,Android 13,v5.0
DEV00651,Android,iOS 17,v4.2
DEV00652,Android,macOS,v5.0
DEV00653,iOS,Android 13,v5.1
DEV00654,Android,Android 14,v5.0
DEV00655,iOS,Android 13,v5.1
DEV00656,Web,Android 15,v5.1
DEV00657,Android,Android 15,v4.2
DEV00658,iOS,Android 14,v4.3
DEV00659,POS,Android 13,v5.0
DEV00660,iOS,Android 13,v4.2
DEV00661,POS,Android 15,v5.1
DEV00662,Android,Android 14,v5.1
DEV00663,Web,Android 15,v4.1
DEV00664,iOS,macOS,v4.1
DEV00665,Web,Android 14,v5.0
DEV00666,Android,Android 15,v4.3
DEV00667,Android,iOS 18,v4.1
DEV00668,Android,Android 13,v5.1
DEV00669,POS,iOS 17,v4.2
DEV00670,Android,iOS 18,v4.3
DEV00671,POS,Android 15,v5.0
DEV00672,Android,Android 14,v4.2
DEV00673,Android,iOS 17,v5.0
DEV00674,Android,Android 14,v4.2
DEV00675,iOS,Windows 11,v4.2
DEV00676,Web,Android 14,v4.3
DEV00677,Android,Windows 11,v5.0
DEV00678,POS,macOS,v4.1
DEV00679,Android,Windows 11,v4.2
DEV00680,Web,Android 13,v4.2
DEV00681,Web,Android 15,v4.1
DEV00682,Android,Android 13,v4.3
DEV00683,Android,Windows 11,v4.3
DEV00684,Android,Android 14,v4.3
DEV00685,Android,Android 13,v5.1
DEV00686,POS,iOS 18,v5.1
DEV00687,POS,macOS,v4.3
DEV00688,Web,Windows 11,v4.3
DEV00689,Web,Android 14,v4.1
DEV00690,Android,Android 14,v5.1
DEV00691,Android,iOS 18,v5.0
DEV00692,Web,Android 14,v4.3
DEV00693,iOS,iOS 17,v4.3
DEV00694,Web,iOS 17,v4.3
DEV00695,Web,Android 15,v4.2
DEV00696,Android,Android 15,v5.1
DEV00697,Android,Android 13,v5.0
DEV00698,Web,Android 13,v4.2
DEV00699,iOS,macOS,v4.2
DEV00700,Web,iOS 18,v5.0
DEV00701,iOS,iOS 18,v5.0
DEV00702,Android,Windows 11,v5.0
DEV00703,Android,macOS,v5.0
DEV00704,Web,Android 14,v5.0
DEV00705,iOS,Android 15,v4.3
DEV00706,Android,Windows 11,v5.0
DEV00707,iOS,Android 15,v5.0
DEV00708,iOS,Android 15,v5.1
DEV00709,Android,Android 15,v4.3
DEV00710,Android,Android 13,v4.2
DEV00711,Android,iOS 17,v4.3
DEV00712,Android,Windows 11,v4.1
DEV00713,iOS,iOS 18,v5.0
DEV00714,Android,iOS 18,v4.2
DEV00715,Android,Android 15,v4.1
DEV00716,Android,Android 15,v4.2
DEV00717,Android,Android 13,v4.3
DEV00718,POS,Android 13,v4.1
DEV00719,Android,iOS 18,v5.0
DEV00720,iOS,Android 15,v5.0
DEV00721,Android,Android 15,v4.1
DEV00722,Web,macOS,v4.3
DEV00723,POS,Windows 11,v4.1
DEV00724,Android,iOS 18,v4.3
DEV00725,Web,Android 13,v4.2
DEV00726,Android,Windows 11,v4.3
DEV00727,Android,iOS 18,v4.1
DEV00728,Android,Android 13,v4.1
DEV00729,Android,Android 13,v4.2
DEV00730,Android,Windows 11,v4.1
DEV00731,Android,Windows 11,v5.1
DEV00732,Android,Android 13,v4.1
DEV00733,Web,Android 15,v5.1
DEV00734,Android,iOS 18,v4.1
DEV00735,Android,Android 13,v4.1
DEV00736,iOS,iOS 17,v4.2
DEV00737,iOS,macOS,v5.1
DEV00738,Android,Android 13,v4.2
DEV00739,Android,Android 13,v5.1
DEV00740,iOS,Windows 11,v5.1
DEV00741,Android,Android 13,v5.0
DEV00742,Web,macOS,v5.1
DEV00743,Android,Android 14,v4.2
DEV00744,Android,Windows 11,v4.2
DEV00745,iOS,iOS 17,v4.3
DEV00746,POS,Android 15,v4.1
DEV00747,iOS,macOS,v5.0
DEV00748,Android,Windows 11,v4.1
DEV00749,Android,iOS 18,v4.2
DEV00750,iOS,iOS 18,v5.0
DEV00751,Android,Windows 11,v5.1
DEV00752,iOS,iOS 18,v4.2
DEV00753,iOS,Windows 11,v4.2
DEV00754,Android,Android 15,v4.2
DEV00755,Android,Android 13,v4.2
DEV00756,Web,iOS 17,v5.0
DEV00757,iOS,iOS 18,v4.1
DEV00758,Web,Android 14,v4.1
DEV00759,Android,Android 14,v5.1
DEV00760,iOS,iOS 17,v4.2
DEV00761,Android,iOS 18,v4.2
DEV00762,Android,Android 13,v4.1
DEV00763,iOS,iOS 18,v5.1
DEV00764,Web,macOS,v4.3
DEV00765,Android,Android 13,v5.0
DEV00766,Web,iOS 18,v4.1
DEV00767,iOS,Android 14,v5.0
DEV00768,Android,Android 15,v4.1
DEV00769,Web,Windows 11,v5.1
DEV00770,iOS,iOS 17,v4.2
DEV00771,iOS,Android 13,v4.3
DEV00772,iOS,Android 15,v5.0
DEV00773,iOS,Android 13,v4.3
DEV00774,Web,macOS,v4.2
DEV00775,Android,iOS 17,v4.1
DEV00776,Android,macOS,v5.1
DEV00777,Web,macOS,v4.2
DEV00778,Web,Android 15,v4.3
DEV00779,Android,macOS,v4.3
DEV00780,Android,Android 15,v4.3
DEV00781,iOS,Windows 11,v4.1
DEV00782,Android,Windows 11,v4.3
DEV00783,Android,iOS 17,v4.1
DEV00784,Android,iOS 17,v4.3
DEV00785,iOS,Android 13,v5.0
DEV00786,Android,macOS,v5.0
DEV00787,iOS,Android 15,v4.2
DEV00788,iOS,iOS 17,v4.2
DEV00789,iOS,Windows 11,v5.1
DEV00790,Android,Android 13,v4.3
DEV00791,Android,iOS 18,v4.3
DEV00792,Android,Windows 11,v4.1
DEV00793,iOS,iOS 17,v4.2
DEV00794,iOS,Windows 11,v5.0
DEV00795,Android,macOS,v4.1
DEV00796,Web,Windows 11,v5.0
DEV00797,Web,Android 15,v4.1
DEV00798,iOS,iOS 18,v4.2
DEV00799,Android,iOS 17,v4.3
DEV00800,Web,macOS,v4.3
DEV00801,Web,Android 14,v4.2
DEV00802,POS,Android 15,v5.0
DEV00803,Android,macOS,v5.1
DEV00804,POS,Windows 11,v5.1
DEV00805,Android,Android 15,v4.2
DEV00806,Android,Android 13,v4.1
DEV00807,iOS,macOS,v4.3
DEV00808,iOS,Android 14,v5.0
DEV00809,iOS,iOS 17,v5.1
DEV00810,Android,Android 14,v4.3
DEV00811,Web,Windows 11,v4.2
DEV00812,iOS,iOS 17,v4.3
DEV00813,POS,macOS,v5.1
DEV00814,Android,Android 13,v5.0
DEV00815,iOS,Windows 11,v4.1
DEV00816,Android,Windows 11,v4.1
DEV00817,iOS,iOS 18,v4.3
DEV00818,Web,Android 14,v4.1
DEV00819,Android,Android 15,v5.1
DEV00820,Android,iOS 17,v5.0
DEV00821,Web,Android 14,v4.1
DEV00822,iOS,iOS 17,v4.1
DEV00823,Android,Android 14,v4.2
DEV00824,iOS,Android 15,v4.1
DEV00825,iOS,iOS 17,v4.1
DEV00826,Web,iOS 17,v5.1
DEV00827,Android,iOS 18,v4.1
DEV00828,iOS,Android 13,v4.2
DEV00829,iOS,Android 14,v4.2
DEV00830,Web,Android 15,v4.2
DEV00831,Web,macOS,v4.1
DEV00832,iOS,iOS 18,v4.3
DEV00833,Android,iOS 18,v4.3
DEV00834,Android,Android 13,v5.1
DEV00835,Android,macOS,v4.3
DEV00836,Android,Android 15,v5.1
DEV00837,Web,macOS,v5.1
DEV00838,Web,Windows 11,v4.2
DEV00839,Android,Android 14,v5.0
DEV00840,Android,iOS 17,v5.1
DEV00841,Android,Android 13,v4.1
DEV00842,Web,iOS 17,v4.2
DEV00843,Web,iOS 18,v4.1
DEV00844,Android,iOS 17,v4.1
DEV00845,iOS,Android 14,v4.3
DEV00846,Android,Windows 11,v4.1
DEV00847,Android,Android 14,v5.1
DEV00848,Android,Windows 11,v4.1
DEV00849,iOS,iOS 17,v4.1
DEV00850,Android,iOS 17,v4.3
DEV00851,Android,Android 13,v4.1
DEV00852,Android,Windows 11,v5.1
DEV00853,Android,Android 14,v5.1
DEV00854,iOS,iOS 17,v4.1
DEV00855,Android,Android 15,v5.1
DEV00856,Web,Android 13,v5.1
DEV00857,Android,Android 13,v4.3
DEV00858,Android,macOS,v4.2
DEV00859,Android,Android 13,v4.2
DEV00860,Android,Android 13,v5.0
DEV00861,Android,Windows 11,v4.2
DEV00862,Android,Windows 11,v4.1
DEV00863,Web,iOS 17,v5.1
DEV00864,Web,iOS 18,v4.2
DEV00865,Web,macOS,v4.3
DEV00866,Android,Android 15,v5.0
DEV00867,iOS,iOS 18,v4.1
DEV00868,Android,iOS 18,v4.2
DEV00869,Web,iOS 17,v5.1
DEV00870,POS,Android 13,v4.3
DEV00871,Web,Android 13,v4.2
DEV00872,Android,iOS 17,v5.1
DEV00873,Android,iOS 17,v4.2
DEV00874,Android,Windows 11,v4.1
DEV00875,Android,Android 14,v5.0
DEV00876,Android,Android 13,v5.1
DEV00877,Android,Android 15,v5.0
DEV00878,Android,Android 14,v5.0
DEV00879,Android,iOS 18,v4.3
DEV00880,Android,macOS,v5.1
DEV00881,Web,Windows 11,v4.3
DEV00882,Android,Windows 11,v5.0
DEV00883,Android,Android 13,v4.1
DEV00884,iOS,iOS 17,v4.1
DEV00885,iOS,iOS 17,v4.2
DEV00886,Android,macOS,v4.2
DEV00887,Web,iOS 17,v5.1
DEV00888,Android,Android 13,v4.1
DEV00889,Android,Windows 11,v5.0
DEV00890,Android,Android 15,v4.1
DEV00891,Android,iOS 17,v5.1
DEV00892,iOS,Windows 11,v4.2
DEV00893,Android,Android 13,v4.2
DEV00894,Android,iOS 18,v4.3
DEV00895,POS,Android 14,v4.2
DEV00896,Android,Android 13,v5.0
DEV00897,Web,Android 13,v5.1
DEV00898,Android,Windows 11,v4.2
DEV00899,iOS,iOS 17,v4.2
DEV00900,Android,macOS,v5.0
DEV00901,Web,Android 14,v4.2
DEV00902,Web,Android 14,v5.0
DEV00903,Android,iOS 17,v4.2
DEV00904,Android,Android 15,v5.0
DEV00905,POS,Android 13,v4.2
DEV00906,Web,iOS 17,v5.1
DEV00907,iOS,macOS,v4.3
DEV00908,iOS,Windows 11,v4.3
DEV00909,Web,Android 15,v4.1
DEV00910,Android,iOS 17,v4.3
DEV00911,iOS,iOS 18,v5.0
DEV00912,iOS,Android 15,v5.0
DEV00913,Web,macOS,v4.3
DEV00914,Android,Windows 11,v5.0
DEV00915,iOS,Android 15,v5.1
DEV00916,iOS,Android 14,v5.0
DEV00917,Web,Android 13,v5.1
DEV00918,iOS,iOS 17,v5.1
DEV00919,Web,macOS,v5.1
DEV00920,Web,macOS,v4.2
DEV00921,Android,Windows 11,v4.1
DEV00922,Android,Windows 11,v5.0
DEV00923,iOS,iOS 17,v4.2
DEV00924,Web,Android 13,v4.1
DEV00925,Android,Windows 11,v4.2
DEV00926,iOS,Windows 11,v5.0
DEV00927,Android,Android 13,v5.1
DEV00928,Android,Windows 11,v4.2
DEV00929,iOS,Windows 11,v4.1
DEV00930,Web,Windows 11,v4.1
DEV00931,iOS,Android 14,v4.1
DEV00932,Web,Android 13,v4.2
DEV00933,Android,iOS 18,v4.1
DEV00934,Android,Android 14,v4.3
DEV00935,Web,Android 15,v4.1
DEV00936,iOS,Android 13,v4.1
DEV00937,Android,Android 15,v4.2
DEV00938,Web,Android 14,v5.0
DEV00939,Web,Windows 11,v4.2
DEV00940,Web,iOS 18,v4.2
DEV00941,Web,macOS,v4.3
DEV00942,Android,iOS 18,v5.0
DEV00943,Android,Android 13,v4.2
DEV00944,Web,iOS 18,v4.3
DEV00945,iOS,Windows 11,v4.2
DEV00946,Android,macOS,v4.3
DEV00947,iOS,iOS 17,v5.1
DEV00948,Web,Windows 11,v4.1
DEV00949,Android,Android 14,v4.1
DEV00950,iOS,Windows 11,v4.2
DEV00951,Android,iOS 18,v4.3
DEV00952,Android,Android 14,v5.1
DEV00953,iOS,Android 14,v4.1
DEV00954,Android,Windows 11,v4.2
DEV00955,Android,Windows 11,v4.2
DEV00956,Web,iOS 17,v4.3
DEV00957,iOS,Windows 11,v5.0
DEV00958,iOS,Windows 11,v4.2
DEV00959,Android,macOS,v5.1
DEV00960,Android,Android 13,v5.1
DEV00961,iOS,Android 14,v5.0
DEV00962,Android,iOS 17,v5.1
DEV00963,iOS,iOS 18,v4.3
DEV00964,Android,macOS,v4.2
DEV00965,iOS,Android 15,v4.3
DEV00966,Android,Android 13,v5.0
DEV00967,Android,macOS,v5.0
DEV00968,POS,Windows 11,v4.3
DEV00969,POS,Android 15,v4.1
DEV00970,Android,iOS 17,v5.0
DEV00971,Web,Android 14,v4.2
DEV00972,iOS,iOS 17,v5.0
DEV00973,Android,Android 13,v4.3
DEV00974,Android,Android 13,v4.3
DEV00975,Android,iOS 18,v5.1
DEV00976,iOS,iOS 17,v4.1
DEV00977,iOS,Android 13,v4.3
DEV00978,POS,iOS 17,v5.1
DEV00979,Web,iOS 18,v5.1
DEV00980,Web,iOS 18,v4.2
DEV00981,Web,iOS 17,v5.1
DEV00982,Web,Windows 11,v4.1
DEV00983,Android,Android 13,v4.2
DEV00984,Android,macOS,v4.3
DEV00985,iOS,Android 14,v4.3
DEV00986,Web,Windows 11,v5.1
DEV00987,Android,Android 14,v5.0
DEV00988,Web,Windows 11,v4.1
DEV00989,POS,iOS 18,v4.1
DEV00990,iOS,Android 13,v5.1
DEV00991,iOS,iOS 18,v4.1
DEV00992,Web,macOS,v4.2
DEV00993,Android,iOS 18,v5.1
DEV00994,Android,iOS 18,v5.0
DEV00995,Web,macOS,v4.3
DEV00996,Web,iOS 18,v4.1
DEV00997,Android,iOS 17,v4.3
DEV00998,Web,iOS 17,v5.0
DEV00999,Android,Android 13,v5.0
DEV01000,iOS,Windows 11,v4.2
DEV01001,iOS,Android 13,v5.0
DEV01002,Android,Android 15,v5.0
DEV01003,Android,Android 14,v4.1
DEV01004,POS,macOS,v4.3
DEV01005,Android,iOS 17,v4.1
DEV01006,Android,macOS,v4.1
DEV01007,iOS,Android 13,v5.1
DEV01008,Android,Windows 11,v5.1
DEV01009,Web,iOS 18,v4.2
DEV01010,Android,iOS 17,v4.2
DEV01011,iOS,Android 14,v5.0
DEV01012,Android,iOS 17,v4.2
DEV01013,Web,Windows 11,v4.2
DEV01014,iOS,Android 14,v5.0
DEV01015,Android,Android 15,v4.3
DEV01016,POS,Android 13,v5.0
DEV01017,Android,Windows 11,v5.0
DEV01018,iOS,Android 14,v4.3
DEV01019,POS,Android 15,v5.0
DEV01020,Web,Windows 11,v5.1
DEV01021,Web,Windows 11,v4.2
DEV01022,Android,iOS 17,v5.0
DEV01023,Android,Android 13,v4.1
DEV01024,Android,macOS,v4.2
DEV01025,POS,macOS,v5.1
DEV01026,POS,Android 14,v5.1
DEV01027,Android,Windows 11,v5.0
DEV01028,Android,macOS,v4.3
DEV01029,Android,Windows 11,v4.1
DEV01030,Android,Android 14,v5.0
DEV01031,Android,macOS,v4.3
DEV01032,Web,Windows 11,v5.1
DEV01033,Web,Android 13,v4.2
DEV01034,Web,Windows 11,v5.1
DEV01035,iOS,macOS,v5.0
DEV01036,Web,iOS 17,v4.3
DEV01037,Web,iOS 17,v5.0
DEV01038,iOS,iOS 18,v5.1
DEV01039,Android,Windows 11,v4.1
DEV01040,Android,iOS 17,v5.1
DEV01041,iOS,Android 13,v5.0
DEV01042,POS,Android 15,v4.3
DEV01043,iOS,Android 13,v5.0
DEV01044,POS,Android 14,v4.2
DEV01045,Android,Windows 11,v4.2
DEV01046,Web,macOS,v4.3
DEV01047,Web,iOS 18,v5.1
DEV01048,iOS,iOS 18,v5.0
DEV01049,POS,macOS,v4.2
DEV01050,iOS,macOS,v4.1
DEV01051,Android,Android 15,v4.2
DEV01052,Android,macOS,v5.1
DEV01053,iOS,Windows 11,v4.3
DEV01054,POS,Android 14,v4.1
DEV01055,Android,macOS,v5.0
DEV01056,iOS,iOS 17,v5.0
DEV01057,Web,macOS,v4.3
DEV01058,Android,iOS 17,v4.1
DEV01059,Android,iOS 17,v4.1
DEV01060,Android,Android 13,v4.1
DEV01061,Android,iOS 17,v4.3
DEV01062,Android,Android 14,v4.3
DEV01063,Android,iOS 18,v5.0
DEV01064,Android,Android 13,v4.2
DEV01065,iOS,iOS 17,v5.1
DEV01066,Web,Android 14,v5.0
DEV01067,Web,Android 15,v4.1
DEV01068,iOS,Android 14,v4.2
DEV01069,POS,iOS 18,v5.1
DEV01070,Web,Android 14,v4.1
DEV01071,POS,macOS,v4.3
DEV01072,Android,Android 14,v4.2
DEV01073,Web,macOS,v4.3
DEV01074,Web,macOS,v5.1
DEV01075,Android,Android 13,v5.1
DEV01076,Android,iOS 18,v4.1
DEV01077,Web,iOS 17,v4.3
DEV01078,Android,macOS,v5.0
DEV01079,Android,macOS,v5.0
DEV01080,iOS,iOS 18,v4.3
DEV01081,iOS,Android 15,v5.1
DEV01082,POS,Windows 11,v4.2
DEV01083,iOS,macOS,v4.3
DEV01084,iOS,macOS,v4.1
DEV01085,Android,iOS 18,v5.0
DEV01086,Web,Android 13,v4.1
DEV01087,iOS,iOS 17,v4.2
DEV01088,Web,iOS 18,v5.0
DEV01089,Android,Windows 11,v5.0
DEV01090,iOS,macOS,v5.0
DEV01091,iOS,iOS 17,v4.1
DEV01092,Web,macOS,v5.1
DEV01093,POS,Android 13,v4.1
DEV01094,Android,macOS,v5.1
DEV01095,iOS,macOS,v4.3
DEV01096,Web,Android 14,v5.0
DEV01097,Web,macOS,v4.1
DEV01098,iOS,Windows 11,v4.2
DEV01099,Android,Android 15,v4.2
DEV01100,Android,iOS 18,v5.1
DEV01101,iOS,iOS 17,v5.1
DEV01102,Android,iOS 18,v5.0
DEV01103,Android,macOS,v5.1
DEV01104,Android,Android 13,v4.2
DEV01105,Web,Android 14,v4.1
DEV01106,POS,Android 13,v4.1
DEV01107,POS,Windows 11,v5.1
DEV01108,Web,macOS,v5.1
DEV01109,Web,macOS,v4.2
DEV01110,Android,iOS 17,v4.3
DEV01111,iOS,iOS 18,v4.1
DEV01112,Android,macOS,v5.1
DEV01113,Web,iOS 17,v5.0
DEV01114,POS,macOS,v5.1
DEV01115,Web,Windows 11,v5.1
DEV01116,iOS,Windows 11,v4.1
DEV01117,Web,macOS,v5.1
DEV01118,POS,Android 13,v5.0
DEV01119,Android,iOS 18,v5.0
DEV01120,Web,iOS 17,v5.0
DEV01121,Android,iOS 18,v4.2
DEV01122,Web,Android 15,v5.0
DEV01123,Android,Android 13,v4.1
DEV01124,Android,Android 13,v4.3
DEV01125,Web,Android 15,v5.1
DEV01126,Android,Android 14,v5.1
DEV01127,Android,Windows 11,v5.1
DEV01128,iOS,iOS 17,v5.0
DEV01129,Web,macOS,v5.0
DEV01130,Android,Android 14,v5.0
DEV01131,Web,iOS 18,v4.3
DEV01132,Web,iOS 17,v4.3
DEV01133,iOS,macOS,v4.3
DEV01134,iOS,macOS,v4.3
DEV01135,Android,iOS 17,v4.3
DEV01136,Android,Windows 11,v5.1
DEV01137,Android,iOS 17,v5.1
DEV01138,Android,Android 15,v4.3
DEV01139,Android,macOS,v5.1
DEV01140,Android,Android 13,v4.3
DEV01141,Web,Android 15,v4.3
DEV01142,iOS,Android 15,v4.3
DEV01143,POS,macOS,v5.1
DEV01144,Android,Android 15,v4.2
DEV01145,Android,Android 14,v4.2
DEV01146,iOS,Android 15,v4.2
DEV01147,Android,Android 13,v4.1
DEV01148,Web,iOS 17,v4.2
DEV01149,iOS,Android 14,v4.2
DEV01150,iOS,macOS,v4.2
DEV01151,Android,Windows 11,v5.0
DEV01152,Android,Android 15,v4.3
DEV01153,iOS,Android 15,v5.1
DEV01154,Android,iOS 17,v5.0
DEV01155,Android,iOS 17,v4.3
DEV01156,iOS,Windows 11,v4.2
DEV01157,Android,Android 14,v4.2
DEV01158,Web,Windows 11,v5.0
DEV01159,Android,Windows 11,v5.1
DEV01160,Android,Android 13,v5.0
DEV01161,Android,Android 14,v5.0
DEV01162,Android,iOS 17,v4.3
DEV01163,Android,Android 13,v4.1
DEV01164,Android,macOS,v5.1
DEV01165,Android,Android 15,v5.1
DEV01166,Android,Windows 11,v5.0
DEV01167,Web,Android 15,v5.0
DEV01168,Web,iOS 18,v4.2
DEV01169,Android,iOS 17,v5.0
DEV01170,Android,iOS 18,v4.3
DEV01171,iOS,Android 14,v4.2
DEV01172,Web,Android 14,v4.1
DEV01173,POS,Windows 11,v4.3
DEV01174,Android,Android 13,v5.1
DEV01175,Android,Windows 11,v5.1
DEV01176,Web,iOS 17,v4.3
DEV01177,Web,Android 13,v5.0
DEV01178,Android,Android 13,v5.0
DEV01179,Web,macOS,v5.0
DEV01180,Android,macOS,v5.1
DEV01181,Android,Android 14,v4.3
DEV01182,iOS,Android 14,v5.0
DEV01183,Android,Windows 11,v4.2
DEV01184,Web,iOS 17,v5.1
DEV01185,Web,Android 14,v4.3
DEV01186,Web,iOS 17,v4.3
DEV01187,Android,iOS 18,v4.3
DEV01188,Android,Windows 11,v4.3
DEV01189,Android,Android 15,v4.1
DEV01190,iOS,Windows 11,v4.2
DEV01191,Web,iOS 18,v4.1
DEV01192,Android,macOS,v5.0
DEV01193,iOS,macOS,v4.1
DEV01194,iOS,Android 14,v4.1
DEV01195,Android,Android 15,v5.1
DEV01196,iOS,Android 15,v4.3
DEV01197,iOS,Windows 11,v4.1
DEV01198,Web,Windows 11,v4.3
DEV01199,Web,Android 13,v4.2
DEV01200,Android,Android 15,v4.1
DEV01201,iOS,iOS 17,v5.1
DEV01202,Web,Android 14,v5.1
DEV01203,Android,macOS,v5.0
DEV01204,Web,Android 14,v4.1
DEV01205,Android,Android 13,v4.2
DEV01206,iOS,Windows 11,v4.3
DEV01207,POS,Windows 11,v4.1
DEV01208,iOS,Android 13,v5.0
DEV01209,Android,Android 14,v5.1
DEV01210,Android,Android 13,v4.1
DEV01211,Android,Android 15,v5.0
DEV01212,iOS,macOS,v4.2
DEV01213,iOS,Android 15,v4.3
DEV01214,Android,iOS 17,v4.2
DEV01215,POS,Windows 11,v4.2
DEV01216,Android,Android 13,v4.3
DEV01217,iOS,Android 14,v4.1
DEV01218,iOS,Windows 11,v4.3
DEV01219,iOS,Windows 11,v5.0
DEV01220,iOS,iOS 18,v4.2
DEV01221,Android,Android 14,v4.3
DEV01222,POS,Windows 11,v5.1
DEV01223,iOS,iOS 18,v4.3
DEV01224,iOS,iOS 18,v4.3
DEV01225,iOS,macOS,v5.0
DEV01226,Android,iOS 17,v4.2
DEV01227,Web,iOS 18,v5.0
DEV01228,iOS,Android 15,v5.0
DEV01229,iOS,Android 15,v5.1
DEV01230,Web,Windows 11,v5.0
DEV01231,Web,iOS 17,v5.0
DEV01232,Android,Android 14,v5.1
DEV01233,Web,Android 14,v4.1
DEV01234,Android,Windows 11,v5.0
DEV01235,iOS,Windows 11,v4.3
DEV01236,Android,Android 14,v5.0
DEV01237,Android,Android 14,v4.2
DEV01238,Android,Android 15,v4.3
DEV01239,Android,Android 15,v4.3
DEV01240,Android,iOS 17,v4.1
DEV01241,iOS,iOS 17,v4.2
DEV01242,Android,iOS 17,v4.2
DEV01243,Web,Android 14,v4.2
DEV01244,Android,Android 14,v5.0
DEV01245,Android,Android 15,v5.0
DEV01246,Android,Android 15,v4.3
DEV01247,Android,Android 13,v4.1
DEV01248,Android,Android 13,v5.0
DEV01249,POS,Windows 11,v5.0
DEV01250,Android,Android 14,v4.1
DEV01251,Web,Windows 11,v4.2
DEV01252,Android,Android 15,v4.3
DEV01253,Web,Android 14,v5.0
DEV01254,Android,Windows 11,v4.1
DEV01255,POS,Windows 11,v4.1
DEV01256,Android,iOS 18,v4.2
DEV01257,Android,Android 13,v5.1
DEV01258,iOS,iOS 17,v5.1
DEV01259,iOS,Android 14,v5.1
DEV01260,Android,macOS,v5.1
DEV01261,Android,iOS 18,v5.0
DEV01262,Web,iOS 17,v4.1
DEV01263,Android,Windows 11,v4.3
DEV01264,iOS,iOS 18,v5.0
DEV01265,iOS,macOS,v5.1
DEV01266,Web,Android 15,v4.3
DEV01267,Android,Android 15,v4.3
DEV01268,iOS,Android 15,v5.1
DEV01269,Android,Windows 11,v4.3
DEV01270,Android,iOS 17,v5.0
DEV01271,iOS,iOS 17,v4.2
DEV01272,POS,Android 15,v5.0
DEV01273,Android,Windows 11,v5.0
DEV01274,Android,iOS 17,v4.2
DEV01275,iOS,Android 15,v5.1
DEV01276,Android,Android 14,v5.1
DEV01277,iOS,Android 15,v4.2
DEV01278,POS,Windows 11,v5.0
DEV01279,POS,Android 13,v4.1
DEV01280,Android,Android 14,v4.3
DEV01281,iOS,Windows 11,v4.3
DEV01282,POS,macOS,v4.3
DEV01283,Android,Android 15,v4.1
DEV01284,iOS,Android 13,v5.0
DEV01285,Android,Android 15,v5.1
DEV01286,Android,Android 14,v4.2
DEV01287,POS,Android 15,v4.3
DEV01288,Web,iOS 17,v4.1
DEV01289,Android,Android 15,v4.2
DEV01290,Web,Android 14,v5.0
DEV01291,iOS,iOS 18,v4.1
DEV01292,Web,Android 15,v4.1
DEV01293,Android,iOS 17,v4.2
DEV01294,Android,macOS,v4.2
DEV01295,Android,Android 14,v4.3
DEV01296,iOS,Android 13,v5.0
DEV01297,Android,iOS 18,v4.2
DEV01298,Android,macOS,v4.3
DEV01299,POS,Windows 11,v4.3
DEV01300,POS,Android 15,v4.2
DEV01301,iOS,Android 14,v4.1
DEV01302,Web,iOS 17,v4.1
DEV01303,POS,iOS 17,v4.1
DEV01304,iOS,Android 14,v4.3
DEV01305,iOS,macOS,v4.1
DEV01306,Web,iOS 17,v5.0
DEV01307,iOS,Windows 11,v4.1
DEV01308,Android,macOS,v4.1
DEV01309,Android,iOS 18,v4.3
DEV01310,iOS,Android 13,v5.1
DEV01311,POS,macOS,v5.0
DEV01312,iOS,iOS 17,v4.3
DEV01313,Web,iOS 17,v5.0
DEV01314,Web,Android 13,v5.0
DEV01315,Android,iOS 18,v4.1
DEV01316,Web,iOS 18,v5.0
DEV01317,Android,iOS 18,v4.1
DEV01318,Android,Windows 11,v5.0
DEV01319,Web,macOS,v5.1
DEV01320,iOS,iOS 17,v5.0
DEV01321,Web,macOS,v4.2
DEV01322,Android,iOS 17,v4.1
DEV01323,Web,iOS 18,v5.1
DEV01324,Android,iOS 17,v4.1
DEV01325,iOS,macOS,v5.1
DEV01326,iOS,Android 15,v4.1
DEV01327,iOS,macOS,v4.2
DEV01328,Android,iOS 17,v4.2
DEV01329,Android,Windows 11,v5.1
DEV01330,iOS,iOS 18,v4.3
DEV01331,iOS,macOS,v4.1
DEV01332,iOS,Android 14,v4.3
DEV01333,iOS,iOS 18,v5.0
DEV01334,POS,Android 14,v4.2
DEV01335,POS,iOS 17,v4.1
DEV01336,Android,iOS 17,v4.2
DEV01337,Android,Windows 11,v5.0
DEV01338,iOS,Android 14,v5.1
DEV01339,Android,macOS,v4.1
DEV01340,Android,iOS 18,v4.1
DEV01341,Android,Android 13,v4.1
DEV01342,Android,macOS,v5.1
DEV01343,iOS,Android 13,v4.2
DEV01344,Android,iOS 18,v5.1
DEV01345,Android,iOS 17,v4.2
DEV01346,Web,Android 14,v4.1
DEV01347,Web,macOS,v5.1
DEV01348,Web,Android 14,v5.0
DEV01349,Android,iOS 18,v5.1
DEV01350,Android,iOS 18,v4.2
DEV01351,Android,Android 15,v4.1
DEV01352,Android,Windows 11,v4.2
DEV01353,Android,Android 14,v4.3
DEV01354,Web,Windows 11,v4.1
DEV01355,POS,Android 15,v5.0
DEV01356,Web,iOS 17,v5.0
DEV01357,Web,Android 14,v4.3
DEV01358,iOS,Windows 11,v4.2
DEV01359,Web,iOS 18,v5.0
DEV01360,POS,iOS 18,v4.2
DEV01361,iOS,iOS 17,v4.1
DEV01362,Android,Windows 11,v5.1
DEV01363,Android,Windows 11,v4.1
DEV01364,iOS,Android 13,v4.2
DEV01365,Android,Android 15,v4.3
DEV01366,POS,iOS 18,v4.1
DEV01367,iOS,Windows 11,v5.0
DEV01368,iOS,macOS,v4.1
DEV01369,Android,Android 14,v4.1
DEV01370,iOS,Windows 11,v4.1
DEV01371,iOS,Android 14,v4.3
DEV01372,Web,macOS,v4.2
DEV01373,Android,Android 14,v4.3
DEV01374,POS,iOS 17,v5.0
DEV01375,iOS,macOS,v4.2
DEV01376,iOS,Android 13,v5.0
DEV01377,POS,Android 15,v4.2
DEV01378,POS,Android 14,v4.2
DEV01379,Android,Android 14,v4.1
DEV01380,Web,iOS 18,v4.1
DEV01381,Android,Android 13,v4.3
DEV01382,iOS,iOS 18,v4.2
DEV01383,Android,iOS 17,v5.0
DEV01384,iOS,iOS 17,v4.1
DEV01385,iOS,Android 15,v5.0
DEV01386,iOS,macOS,v4.1
DEV01387,iOS,iOS 17,v4.2
DEV01388,iOS,macOS,v5.0
DEV01389,Android,Android 15,v4.3
DEV01390,Web,iOS 18,v4.3
DEV01391,iOS,Android 14,v4.3
DEV01392,iOS,Android 14,v4.1
DEV01393,POS,macOS,v4.1
DEV01394,Android,Android 13,v4.3
DEV01395,iOS,iOS 17,v5.0
DEV01396,Web,Android 13,v4.1
DEV01397,Android,Android 13,v4.3
DEV01398,Android,Android 14,v4.1
DEV01399,Web,iOS 17,v5.1
DEV01400,Android,Android 14,v5.0
DEV01401,iOS,macOS,v4.2
DEV01402,iOS,Windows 11,v5.0
DEV01403,iOS,Android 13,v4.2
DEV01404,Web,iOS 17,v4.3
DEV01405,Web,Windows 11,v4.1
DEV01406,Android,Windows 11,v4.3
DEV01407,Web,Windows 11,v4.2
DEV01408,Web,macOS,v5.1
DEV01409,Android,Android 14,v4.2
DEV01410,POS,Android 15,v4.1
DEV01411,Web,Windows 11,v5.1
DEV01412,Android,Android 15,v4.1
DEV01413,iOS,iOS 18,v5.1
DEV01414,Web,iOS 18,v4.1
DEV01415,iOS,iOS 17,v4.2
DEV01416,Web,iOS 18,v4.2
DEV01417,Web,macOS,v4.2
DEV01418,iOS,iOS 17,v4.2
DEV01419,Android,Android 13,v5.1
DEV01420,Android,Android 15,v5.0
DEV01421,iOS,iOS 17,v5.0
DEV01422,Web,macOS,v4.3
DEV01423,iOS,macOS,v5.0
DEV01424,Android,Android 13,v4.3
DEV01425,Android,Android 15,v4.2
DEV01426,iOS,Android 14,v4.1
DEV01427,Web,Android 13,v5.0
DEV01428,Web,Android 14,v5.0
DEV01429,iOS,iOS 18,v4.2
DEV01430,Android,macOS,v4.2
DEV01431,Android,iOS 17,v5.0
DEV01432,Android,Android 15,v4.2
DEV01433,Web,macOS,v5.0
DEV01434,Android,iOS 18,v4.1
DEV01435,iOS,Android 13,v4.1
DEV01436,iOS,macOS,v4.3
DEV01437,POS,iOS 18,v5.0
DEV01438,POS,Android 14,v4.1
DEV01439,POS,macOS,v4.1
DEV01440,Web,Android 14,v5.1
DEV01441,Web,Windows 11,v4.1
DEV01442,Web,iOS 17,v4.3
DEV01443,Web,iOS 18,v4.1
DEV01444,POS,Windows 11,v4.2
DEV01445,iOS,Android 15,v5.1
DEV01446,Android,Android 14,v5.0
DEV01447,iOS,Android 13,v4.3
DEV01448,iOS,iOS 18,v4.1
DEV01449,Web,Android 15,v5.0
DEV01450,Web,Android 15,v4.1
DEV01451,iOS,macOS,v5.1
DEV01452,Android,Android 15,v5.0
DEV01453,POS,Android 15,v4.2
DEV01454,Android,Windows 11,v4.2
DEV01455,Android,Android 14,v5.0
DEV01456,Web,iOS 17,v4.2
DEV01457,Android,iOS 18,v4.3
DEV01458,Android,Android 14,v5.1
DEV01459,Android,macOS,v4.3
DEV01460,Android,iOS 17,v5.0
DEV01461,iOS,Android 15,v4.3
DEV01462,Android,Android 13,v5.1
DEV01463,iOS,Android 15,v5.1
DEV01464,Android,iOS 17,v5.0
DEV01465,Web,iOS 17,v4.3
DEV01466,Android,Android 13,v5.1
DEV01467,Android,Windows 11,v5.0
DEV01468,Android,Android 14,v5.1
DEV01469,iOS,Windows 11,v4.1
DEV01470,iOS,Android 13,v4.1
DEV01471,iOS,Android 15,v5.1
DEV01472,POS,iOS 18,v5.0
DEV01473,POS,Android 14,v4.1
DEV01474,iOS,iOS 18,v5.1
DEV01475,Android,macOS,v4.2
DEV01476,iOS,iOS 18,v4.3
DEV01477,Android,Android 14,v5.1
DEV01478,Web,Android 15,v4.1
DEV01479,Android,Windows 11,v5.1
DEV01480,Web,macOS,v5.0
DEV01481,POS,iOS 17,v4.1
DEV01482,Android,Android 15,v5.0
DEV01483,iOS,Windows 11,v5.0
DEV01484,iOS,iOS 17,v5.0
DEV01485,Android,iOS 17,v5.1
DEV01486,POS,Android 14,v4.1
DEV01487,iOS,Android 14,v5.0
DEV01488,Android,Android 13,v4.2
DEV01489,Web,Windows 11,v4.3
DEV01490,Android,macOS,v5.1
DEV01491,Android,iOS 18,v4.2
DEV01492,iOS,iOS 18,v4.1
DEV01493,iOS,iOS 18,v4.3
DEV01494,iOS,iOS 18,v5.0
DEV01495,iOS,Android 13,v4.2
DEV01496,Android,iOS 17,v4.2
DEV01497,iOS,Android 13,v5.0
DEV01498,Android,Windows 11,v5.0
DEV01499,POS,macOS,v4.2
DEV01500,Android,Android 14,v4.1
DEV01501,Android,Android 15,v5.1
DEV01502,POS,iOS 17,v4.1
DEV01503,POS,iOS 17,v4.1
DEV01504,Web,Android 13,v5.1
DEV01505,Android,Android 14,v4.1
DEV01506,iOS,Android 14,v4.3
DEV01507,Android,Windows 11,v5.0
DEV01508,Web,macOS,v4.2
DEV01509,Android,iOS 17,v5.1
DEV01510,Android,Android 13,v4.1
DEV01511,iOS,iOS 18,v4.2
DEV01512,Android,iOS 17,v4.3
DEV01513,Web,iOS 18,v4.1
DEV01514,Web,Android 15,v4.1
DEV01515,Web,Android 14,v4.1
DEV01516,iOS,iOS 17,v4.3
DEV01517,Web,Android 15,v5.0
DEV01518,Android,iOS 18,v4.2
DEV01519,Android,iOS 17,v4.1
DEV01520,iOS,Android 15,v4.1
DEV01521,Android,iOS 17,v4.3
DEV01522,Android,Android 15,v4.3
DEV01523,Android,Android 15,v4.2
DEV01524,POS,iOS 18,v4.2
DEV01525,POS,Android 14,v4.1
DEV01526,iOS,Android 13,v4.1
DEV01527,Android,Android 15,v4.1
DEV01528,Android,Android 14,v4.1
DEV01529,Android,Windows 11,v4.1
DEV01530,Android,Android 13,v4.3
DEV01531,Android,iOS 18,v5.0
DEV01532,iOS,iOS 17,v4.2
DEV01533,iOS,Android 14,v4.3
DEV01534,Android,macOS,v5.1
DEV01535,Web,iOS 17,v5.1
DEV01536,Web,iOS 17,v5.1
DEV01537,iOS,Android 13,v4.2
DEV01538,Android,Windows 11,v4.1
DEV01539,POS,Android 14,v5.1
DEV01540,iOS,Android 15,v5.1
DEV01541,Android,Windows 11,v5.0
DEV01542,iOS,Android 13,v4.3
DEV01543,Android,Android 14,v4.2
DEV01544,iOS,Android 15,v4.2
DEV01545,iOS,macOS,v5.0
DEV01546,iOS,macOS,v5.1
DEV01547,Web,iOS 17,v5.0
DEV01548,iOS,iOS 18,v4.1
DEV01549,Android,iOS 18,v5.1
DEV01550,Android,Android 13,v4.2
DEV01551,Android,Windows 11,v4.3
DEV01552,iOS,macOS,v5.0
DEV01553,Android,Android 15,v5.0
DEV01554,iOS,Android 15,v4.2
DEV01555,Android,iOS 18,v5.1
DEV01556,Web,Android 15,v5.1
DEV01557,Web,Android 14,v5.1
DEV01558,Android,Android 14,v4.3
DEV01559,iOS,iOS 18,v4.3
DEV01560,POS,iOS 17,v5.1
DEV01561,Android,iOS 17,v4.3
DEV01562,POS,iOS 17,v5.0
DEV01563,iOS,iOS 18,v5.1
DEV01564,iOS,Android 13,v4.3
DEV01565,Android,macOS,v5.0
DEV01566,Web,macOS,v5.0
DEV01567,iOS,Android 15,v4.3
DEV01568,Web,Android 14,v5.1
DEV01569,Web,Windows 11,v5.1
DEV01570,iOS,macOS,v4.3
DEV01571,Android,Android 14,v4.3
DEV01572,Android,Windows 11,v4.1
DEV01573,Android,Android 13,v5.0
DEV01574,Web,Android 15,v5.1
DEV01575,Android,iOS 17,v4.2
DEV01576,Android,Windows 11,v5.0
DEV01577,Android,Android 14,v5.1
DEV01578,Web,macOS,v4.1
DEV01579,iOS,macOS,v5.0
DEV01580,POS,iOS 17,v5.0
DEV01581,Web,iOS 17,v5.1
DEV01582,Web,iOS 18,v4.2
DEV01583,Android,iOS 18,v4.3
DEV01584,Android,Android 15,v4.2
DEV01585,Android,Android 14,v4.1
DEV01586,iOS,iOS 18,v5.0
DEV01587,Web,Android 15,v5.1
DEV01588,Android,Android 13,v5.0
DEV01589,Android,iOS 17,v4.3
DEV01590,iOS,Android 14,v4.2
DEV01591,Android,Android 14,v4.2
DEV01592,iOS,Android 15,v4.1
DEV01593,Android,iOS 18,v5.1
DEV01594,Web,iOS 17,v4.3
DEV01595,iOS,iOS 17,v4.3
DEV01596,iOS,Android 14,v5.1
DEV01597,Android,Android 14,v4.1
DEV01598,Android,iOS 17,v4.3
DEV01599,Web,Android 13,v4.1
DEV01600,Web,Android 15,v5.1
DEV01601,iOS,Android 13,v5.1
DEV01602,iOS,iOS 18,v5.1
DEV01603,Android,Android 13,v4.3
DEV01604,Web,Android 13,v5.1
DEV01605,Web,iOS 18,v4.3
DEV01606,iOS,Windows 11,v4.1
DEV01607,POS,macOS,v5.0
DEV01608,Android,macOS,v4.1
DEV01609,Web,Windows 11,v4.3
DEV01610,POS,Android 15,v4.2
DEV01611,Android,macOS,v4.2
DEV01612,Android,iOS 17,v5.0
DEV01613,Web,Android 13,v5.1
DEV01614,Android,Android 15,v4.1
DEV01615,Web,iOS 18,v4.1
DEV01616,Android,macOS,v4.3
DEV01617,iOS,Windows 11,v5.0
DEV01618,Android,Android 15,v5.1
DEV01619,Android,Windows 11,v5.0
DEV01620,Web,Android 13,v4.2
DEV01621,Web,iOS 17,v5.0
DEV01622,Android,iOS 18,v5.1
DEV01623,Android,iOS 18,v5.1
DEV01624,Web,Android 13,v4.1
DEV01625,Web,Windows 11,v4.1
DEV01626,Web,Android 15,v5.1
DEV01627,iOS,iOS 17,v4.1
DEV01628,Android,iOS 18,v4.1
DEV01629,Web,Android 13,v4.1
DEV01630,Web,Android 13,v5.1
DEV01631,iOS,Android 14,v4.1
DEV01632,iOS,Windows 11,v4.2
DEV01633,iOS,Android 14,v5.1
DEV01634,Web,Android 15,v5.0
DEV01635,Web,macOS,v4.3
DEV01636,Web,Android 13,v4.3
DEV01637,iOS,Windows 11,v4.2
DEV01638,iOS,Android 15,v5.1
DEV01639,Web,Android 15,v5.0
DEV01640,Android,iOS 17,v5.1
DEV01641,iOS,Android 14,v5.0
DEV01642,iOS,Android 15,v5.0
DEV01643,POS,iOS 17,v5.1
DEV01644,Android,iOS 17,v4.1
DEV01645,Android,Windows 11,v4.3
DEV01646,Android,Android 14,v4.1
DEV01647,Android,Android 14,v4.3
DEV01648,Android,Android 13,v4.1
DEV01649,iOS,Android 15,v5.1
DEV01650,Web,iOS 17,v5.1
DEV01651,iOS,Android 13,v5.0
DEV01652,Android,Windows 11,v4.2
DEV01653,Web,Android 15,v5.1
DEV01654,iOS,Android 15,v4.3
DEV01655,Android,Android 13,v5.0
DEV01656,Android,iOS 17,v4.3
DEV01657,Web,Android 13,v4.1
DEV01658,Web,Android 15,v4.2
DEV01659,iOS,Android 13,v5.1
DEV01660,Android,Android 13,v4.1
DEV01661,Web,Windows 11,v5.0
DEV01662,Android,Android 15,v4.3
DEV01663,Web,Android 14,v4.2
DEV01664,iOS,Windows 11,v5.1
DEV01665,Android,macOS,v4.3
DEV01666,Android,iOS 17,v5.1
DEV01667,Android,Android 15,v5.1
DEV01668,Android,Windows 11,v4.3
DEV01669,Android,macOS,v5.1
DEV01670,iOS,Windows 11,v5.0
DEV01671,iOS,Android 14,v4.2
DEV01672,iOS,Android 13,v4.1
DEV01673,iOS,Android 14,v4.2
DEV01674,Web,Android 15,v4.1
DEV01675,POS,Windows 11,v5.0
DEV01676,Android,Windows 11,v4.2
DEV01677,iOS,Android 15,v5.0
DEV01678,Android,macOS,v4.3
DEV01679,Android,Android 13,v4.1
DEV01680,iOS,macOS,v4.3
DEV01681,iOS,Windows 11,v4.3
DEV01682,Web,Android 15,v4.2
DEV01683,Android,macOS,v5.1
DEV01684,Android,iOS 18,v5.1
DEV01685,Web,Android 14,v5.0
DEV01686,Android,iOS 18,v4.2
DEV01687,Android,iOS 18,v4.3
DEV01688,Android,Android 14,v5.0
DEV01689,POS,Android 15,v4.3
DEV01690,Android,Android 14,v5.0
DEV01691,iOS,Android 13,v4.1
DEV01692,Web,iOS 18,v5.0
DEV01693,iOS,Windows 11,v5.0
DEV01694,Web,iOS 18,v4.3
DEV01695,iOS,macOS,v5.1
DEV01696,POS,Android 15,v4.3
DEV01697,Web,Android 14,v4.2
DEV01698,Android,Windows 11,v4.3
DEV01699,Android,macOS,v5.1
DEV01700,POS,iOS 17,v4.2
DEV01701,Web,Windows 11,v5.1
DEV01702,iOS,Android 15,v4.2
DEV01703,Web,Android 15,v4.3
DEV01704,iOS,Android 15,v5.1
DEV01705,Android,macOS,v5.1
DEV01706,Android,Android 14,v4.1
DEV01707,iOS,Android 15,v4.1
DEV01708,Android,macOS,v5.0
DEV01709,iOS,Android 13,v4.1
DEV01710,Web,Android 13,v5.1
DEV01711,Android,iOS 18,v5.0
DEV01712,Android,iOS 18,v4.3
DEV01713,Web,Android 14,v5.0
DEV01714,iOS,iOS 17,v4.2
DEV01715,Android,iOS 18,v5.0
DEV01716,Web,iOS 18,v4.1
DEV01717,iOS,iOS 18,v4.3
DEV01718,Android,Windows 11,v4.2
DEV01719,Android,macOS,v5.0
DEV01720,Android,iOS 18,v4.3
DEV01721,Web,Android 15,v4.1
DEV01722,iOS,iOS 18,v4.3
DEV01723,iOS,Windows 11,v4.3
DEV01724,Web,Android 14,v4.2
DEV01725,Android,Windows 11,v5.1
DEV01726,Android,Android 15,v4.1
DEV01727,Android,Windows 11,v4.2
DEV01728,Android,Android 15,v4.2
DEV01729,iOS,Android 14,v4.2
DEV01730,iOS,iOS 17,v5.1
DEV01731,Android,iOS 18,v5.1
DEV01732,Android,Android 13,v5.0
DEV01733,Android,iOS 17,v5.0
DEV01734,POS,iOS 18,v4.1
DEV01735,Web,Android 13,v4.1
DEV01736,iOS,Android 15,v5.1
DEV01737,Android,Windows 11,v5.1
DEV01738,iOS,Android 15,v5.1
DEV01739,Android,Android 15,v4.2
DEV01740,POS,iOS 18,v5.1
DEV01741,Web,Android 14,v4.2
DEV01742,iOS,Android 15,v4.2
DEV01743,iOS,macOS,v4.1
DEV01744,iOS,Android 15,v4.3
DEV01745,Android,Android 15,v5.0
DEV01746,Android,Windows 11,v5.0
DEV01747,iOS,iOS 18,v4.1
DEV01748,Android,Android 13,v4.1
DEV01749,Android,iOS 17,v5.1
DEV01750,iOS,Android 15,v5.1
DEV01751,POS,iOS 17,v5.1
DEV01752,POS,Android 14,v4.2
DEV01753,Android,Android 14,v4.2
DEV01754,Android,macOS,v5.1
DEV01755,iOS,Android 14,v4.2
DEV01756,Web,Android 15,v4.1
DEV01757,POS,iOS 17,v5.1
DEV01758,Web,Android 13,v5.0
DEV01759,iOS,iOS 18,v5.0
DEV01760,Android,iOS 17,v4.2
DEV01761,Android,iOS 18,v5.0
DEV01762,Android,macOS,v5.1
DEV01763,iOS,iOS 17,v5.0
DEV01764,Android,Android 15,v4.1
DEV01765,Web,Android 13,v4.2
DEV01766,Web,Android 15,v5.0
DEV01767,Android,Android 14,v4.2
DEV01768,POS,Android 13,v4.1
DEV01769,iOS,Windows 11,v5.0
DEV01770,POS,Windows 11,v5.1
DEV01771,POS,iOS 17,v4.3
DEV01772,Android,macOS,v5.0
DEV01773,Android,Android 15,v4.1
DEV01774,Android,iOS 18,v4.3
DEV01775,Web,Android 15,v5.0
DEV01776,iOS,Android 15,v4.2
DEV01777,POS,iOS 17,v4.1
DEV01778,Android,iOS 17,v5.0
DEV01779,Web,Android 14,v4.1
DEV01780,POS,macOS,v5.1
DEV01781,iOS,Android 13,v4.3
DEV01782,Android,Android 15,v4.3
DEV01783,iOS,iOS 18,v5.1
DEV01784,Android,Windows 11,v4.3
DEV01785,Android,Windows 11,v4.3
DEV01786,Android,iOS 17,v5.1
DEV01787,Android,iOS 17,v4.2
DEV01788,Web,Android 14,v4.3
DEV01789,Android,Android 13,v4.2
DEV01790,Web,Windows 11,v4.1
DEV01791,Android,Android 14,v4.1
DEV01792,Android,iOS 17,v4.3
DEV01793,Android,macOS,v4.1
DEV01794,Android,iOS 18,v5.1
DEV01795,Android,Android 14,v4.3
DEV01796,iOS,macOS,v5.1
DEV01797,POS,Android 15,v4.2
DEV01798,Android,iOS 17,v5.0
DEV01799,Android,iOS 17,v5.0
DEV01800,Android,Android 14,v4.3
DEV01801,Web,iOS 18,v5.1
DEV01802,Web,Android 14,v5.0
DEV01803,Web,macOS,v4.3
DEV01804,Android,iOS 18,v5.0
DEV01805,Android,iOS 17,v5.0
DEV01806,Android,macOS,v4.1
DEV01807,Web,Android 14,v4.3
DEV01808,Android,Android 13,v5.0
DEV01809,iOS,Windows 11,v4.3
DEV01810,iOS,Android 14,v4.1
DEV01811,iOS,Android 14,v4.3
DEV01812,Android,macOS,v4.1
DEV01813,iOS,Android 13,v5.0
DEV01814,Android,Android 13,v5.0
DEV01815,POS,Android 15,v5.0
DEV01816,Android,Android 13,v4.1
DEV01817,Android,iOS 18,v4.2
DEV01818,Android,Windows 11,v4.1
DEV01819,Web,Windows 11,v4.1
DEV01820,Android,Android 15,v5.1
DEV01821,iOS,iOS 18,v5.0
DEV01822,Android,macOS,v5.0
DEV01823,Android,Android 15,v5.1
DEV01824,iOS,macOS,v4.2
DEV01825,Android,Android 15,v4.3
DEV01826,Web,Windows 11,v5.0
DEV01827,Web,macOS,v5.0
DEV01828,Web,iOS 18,v4.1
DEV01829,Android,iOS 17,v4.2
DEV01830,iOS,Windows 11,v4.2
DEV01831,POS,iOS 17,v4.2
DEV01832,Web,Android 14,v4.2
DEV01833,Android,macOS,v5.1
DEV01834,iOS,iOS 17,v4.1
DEV01835,POS,Windows 11,v5.1
DEV01836,iOS,Android 14,v5.1
DEV01837,Web,iOS 17,v4.3
DEV01838,iOS,Android 14,v4.1
DEV01839,Android,Windows 11,v4.2
DEV01840,Android,Android 14,v4.1
DEV01841,Android,Windows 11,v4.2
DEV01842,Android,Android 13,v4.3
DEV01843,Web,Windows 11,v5.0
DEV01844,iOS,Android 14,v5.1
DEV01845,Web,macOS,v4.3
DEV01846,iOS,Windows 11,v5.1
DEV01847,Android,Windows 11,v4.2
DEV01848,Android,macOS,v4.2
DEV01849,POS,iOS 18,v4.3
DEV01850,iOS,iOS 18,v5.0
DEV01851,iOS,Android 14,v5.0
DEV01852,POS,iOS 18,v5.1
DEV01853,Android,iOS 17,v4.2
DEV01854,Web,iOS 18,v4.2
DEV01855,Web,Android 13,v5.0
DEV01856,Android,iOS 18,v4.2
DEV01857,Android,iOS 17,v4.2
DEV01858,POS,Windows 11,v4.3
DEV01859,Android,iOS 17,v5.0
DEV01860,Android,Android 14,v5.0
DEV01861,iOS,Android 15,v4.1
DEV01862,iOS,iOS 17,v5.0
DEV01863,Web,Android 14,v5.0
DEV01864,POS,Android 14,v4.1
DEV01865,POS,iOS 18,v4.2
DEV01866,POS,iOS 18,v4.2
DEV01867,Android,Android 14,v5.1
DEV01868,Web,Windows 11,v4.2
DEV01869,Android,Android 13,v5.0
DEV01870,Android,Windows 11,v5.1
DEV01871,Web,Android 14,v5.1
DEV01872,Android,iOS 18,v4.2
DEV01873,POS,iOS 17,v5.1
DEV01874,Android,Android 13,v4.1
DEV01875,Web,Android 15,v5.1
DEV01876,Android,Windows 11,v4.3
DEV01877,Android,iOS 17,v4.1
DEV01878,iOS,iOS 18,v5.0
DEV01879,Android,iOS 17,v4.2
DEV01880,iOS,iOS 17,v4.2
DEV01881,POS,iOS 18,v4.3
DEV01882,iOS,iOS 17,v4.2
DEV01883,Android,Android 14,v5.0
DEV01884,Android,Windows 11,v5.1
DEV01885,Android,Android 13,v4.2
DEV01886,iOS,Windows 11,v5.0
DEV01887,iOS,macOS,v4.1
DEV01888,Android,iOS 18,v5.0
DEV01889,Web,Android 13,v4.3
DEV01890,Android,Android 14,v5.0
DEV01891,iOS,iOS 18,v4.2
DEV01892,iOS,Android 14,v5.1
DEV01893,Android,Android 15,v5.0
DEV01894,Web,Android 15,v4.3
DEV01895,iOS,Android 15,v4.1
DEV01896,iOS,Android 13,v4.3
DEV01897,iOS,macOS,v4.1
DEV01898,POS,Windows 11,v5.0
DEV01899,Web,Windows 11,v5.1
DEV01900,Android,Android 15,v4.3
DEV01901,Android,Android 15,v5.1
DEV01902,Android,Android 14,v5.0
DEV01903,Android,macOS,v5.1
DEV01904,POS,iOS 17,v5.1
DEV01905,Android,macOS,v4.3
DEV01906,Web,macOS,v5.0
DEV01907,Android,iOS 17,v5.1
DEV01908,Android,Windows 11,v4.1
DEV01909,POS,Windows 11,v4.2
DEV01910,Android,Android 15,v4.1
DEV01911,iOS,Windows 11,v5.1
DEV01912,POS,iOS 17,v5.0
DEV01913,POS,macOS,v4.1
DEV01914,Web,Android 15,v5.0
DEV01915,Web,Android 15,v4.1
DEV01916,iOS,Android 13,v5.0
DEV01917,Android,iOS 18,v5.1
DEV01918,Web,iOS 17,v4.3
DEV01919,POS,Android 15,v4.1
DEV01920,iOS,iOS 17,v5.0
DEV01921,Android,Android 13,v4.1
DEV01922,iOS,macOS,v5.0
DEV01923,Web,Android 13,v5.0
DEV01924,Android,Android 15,v4.3
DEV01925,Web,iOS 17,v5.0
DEV01926,iOS,iOS 17,v4.1
DEV01927,iOS,iOS 17,v5.1
DEV01928,Android,Android 13,v4.2
DEV01929,Android,Android 14,v5.0
DEV01930,iOS,Android 14,v4.2
DEV01931,iOS,iOS 17,v5.1
DEV01932,Android,iOS 17,v4.2
DEV01933,Android,iOS 18,v5.0
DEV01934,Android,Android 15,v4.1
DEV01935,iOS,Android 13,v4.3
DEV01936,POS,iOS 18,v5.0
DEV01937,Web,iOS 17,v5.0
DEV01938,Web,Windows 11,v4.3
DEV01939,iOS,Android 14,v4.3
DEV01940,iOS,Android 14,v4.3
DEV01941,Android,iOS 18,v4.3
DEV01942,Web,Android 14,v4.3
DEV01943,Android,Android 14,v5.0
DEV01944,Web,Windows 11,v4.2
DEV01945,Android,Android 15,v4.1
DEV01946,Android,iOS 17,v5.0
DEV01947,Android,macOS,v5.1
DEV01948,Web,iOS 18,v5.0
DEV01949,Android,Windows 11,v5.0
DEV01950,Android,Android 13,v4.2
DEV01951,POS,Android 13,v4.3
DEV01952,iOS,Windows 11,v5.1
DEV01953,Android,iOS 17,v4.2
DEV01954,Android,Android 13,v4.1
DEV01955,Android,Windows 11,v5.1
DEV01956,iOS,Android 14,v5.1
DEV01957,Web,Android 15,v4.2
DEV01958,Android,iOS 18,v5.1
DEV01959,Web,iOS 18,v5.0
DEV01960,Android,Android 14,v5.0
DEV01961,Android,macOS,v4.3
DEV01962,POS,iOS 17,v4.2
DEV01963,Android,Android 15,v5.0
DEV01964,Web,Android 13,v5.1
DEV01965,Web,macOS,v5.1
DEV01966,Android,iOS 18,v5.0
DEV01967,iOS,iOS 18,v4.2
DEV01968,iOS,iOS 17,v4.2
DEV01969,POS,Android 15,v4.1
DEV01970,Android,Windows 11,v4.2
DEV01971,iOS,Android 13,v5.0
DEV01972,Android,iOS 18,v4.1
DEV01973,iOS,iOS 18,v5.1
DEV01974,Android,Android 13,v5.0
DEV01975,Android,macOS,v4.3
DEV01976,POS,Android 15,v4.3
DEV01977,Android,Android 15,v4.2
DEV01978,Android,Android 15,v4.1
DEV01979,Web,iOS 18,v4.1
DEV01980,Web,Windows 11,v5.1
DEV01981,Android,Android 14,v4.2
DEV01982,Android,macOS,v4.1
DEV01983,Android,iOS 18,v5.0
DEV01984,Android,iOS 17,v5.1
DEV01985,iOS,macOS,v4.1
DEV01986,iOS,iOS 17,v4.3
DEV01987,iOS,Windows 11,v4.3
DEV01988,iOS,macOS,v4.1
DEV01989,Web,iOS 18,v4.3
DEV01990,iOS,iOS 18,v5.0
DEV01991,POS,Android 13,v5.1
DEV01992,iOS,Android 15,v5.0
DEV01993,Web,Windows 11,v4.3
DEV01994,Android,Android 13,v4.1
DEV01995,iOS,Windows 11,v4.1
DEV01996,Web,iOS 17,v5.1
DEV01997,Android,iOS 17,v4.3
DEV01998,iOS,Android 14,v4.3
DEV01999,Web,Android 15,v4.3
DEV02000,Web,Android 15,v4.2
DEV02001,iOS,Windows 11,v4.1
DEV02002,iOS,iOS 17,v4.3
DEV02003,Android,Android 13,v5.1
DEV02004,POS,iOS 18,v4.2
DEV02005,Android,Android 15,v4.3
DEV02006,Web,iOS 18,v4.1
DEV02007,Android,iOS 17,v4.2
DEV02008,Android,Android 14,v5.0
DEV02009,Android,iOS 17,v5.1
DEV02010,iOS,iOS 18,v4.1
DEV02011,Android,iOS 17,v5.0
DEV02012,Android,Android 15,v4.1
DEV02013,Android,Windows 11,v5.1
DEV02014,Android,Windows 11,v4.3
DEV02015,Android,iOS 18,v5.0
DEV02016,Android,iOS 18,v5.0
DEV02017,Web,Android 14,v4.2
DEV02018,Android,macOS,v4.3
DEV02019,Android,Android 15,v5.1
DEV02020,POS,Android 13,v4.2
DEV02021,iOS,macOS,v5.0
DEV02022,POS,Android 14,v4.1
DEV02023,Android,Android 15,v5.1
DEV02024,Android,Windows 11,v4.2
DEV02025,Android,Android 13,v4.3
DEV02026,iOS,macOS,v4.1
DEV02027,iOS,Windows 11,v4.2
DEV02028,Android,iOS 18,v5.1
DEV02029,Web,Windows 11,v4.1
DEV02030,iOS,macOS,v4.2
DEV02031,Android,Android 14,v4.2
DEV02032,iOS,iOS 18,v5.1
DEV02033,Web,iOS 18,v4.3
DEV02034,Android,macOS,v4.1
DEV02035,Android,iOS 18,v4.2
DEV02036,Web,Android 15,v5.1
DEV02037,POS,Android 13,v4.2
DEV02038,Android,Android 15,v5.1
DEV02039,POS,iOS 18,v5.1
DEV02040,Android,macOS,v4.2
DEV02041,POS,Android 14,v5.1
DEV02042,iOS,Windows 11,v4.1
DEV02043,Web,macOS,v5.1
DEV02044,Web,iOS 18,v4.3
DEV02045,Android,Android 13,v4.3
DEV02046,Android,Android 15,v5.1
DEV02047,iOS,Android 13,v4.1
DEV02048,Android,Android 15,v5.0
DEV02049,iOS,Windows 11,v5.0
DEV02050,POS,macOS,v4.1
DEV02051,Android,Android 13,v4.3
DEV02052,iOS,Android 13,v5.1
DEV02053,Android,Android 15,v4.2
DEV02054,iOS,macOS,v5.1
DEV02055,Android,Android 15,v5.1
DEV02056,Android,Android 15,v5.0
DEV02057,Web,iOS 17,v5.1
DEV02058,Web,Windows 11,v5.0
DEV02059,Web,Android 13,v4.2
DEV02060,Web,iOS 17,v5.1
DEV02061,iOS,iOS 17,v4.1
DEV02062,Web,iOS 18,v5.1
DEV02063,Android,macOS,v4.1
DEV02064,Android,iOS 17,v5.0
DEV02065,Android,iOS 17,v5.1
DEV02066,Android,Android 15,v5.0
DEV02067,Android,Android 15,v4.1
DEV02068,Android,Android 14,v5.0
DEV02069,iOS,Windows 11,v4.3
DEV02070,Android,macOS,v4.1
DEV02071,Web,Android 13,v5.0
DEV02072,iOS,Windows 11,v5.1
DEV02073,POS,iOS 17,v5.0
DEV02074,Android,iOS 17,v4.2
DEV02075,Web,Android 13,v4.1
DEV02076,iOS,Windows 11,v5.0
DEV02077,POS,Android 15,v4.3
DEV02078,Android,Android 15,v4.2
DEV02079,Android,Android 13,v4.1
DEV02080,Android,macOS,v4.2
DEV02081,Android,Android 13,v5.1
DEV02082,iOS,Android 15,v4.3
DEV02083,Web,macOS,v5.1
DEV02084,Android,Android 13,v5.0
DEV02085,Android,macOS,v4.2
DEV02086,Android,Windows 11,v5.1
DEV02087,Android,Android 15,v5.0
DEV02088,POS,Android 13,v4.3
DEV02089,Web,Android 15,v5.1
DEV02090,Android,Android 14,v4.2
DEV02091,Android,Android 15,v5.1
DEV02092,POS,Android 15,v4.3
DEV02093,Android,iOS 17,v5.0
DEV02094,iOS,Windows 11,v5.1
DEV02095,POS,macOS,v5.1
DEV02096,iOS,Android 15,v4.1
DEV02097,Android,Android 13,v5.0
DEV02098,Android,iOS 18,v4.1
DEV02099,POS,Android 13,v4.1
DEV02100,Android,iOS 17,v4.3
DEV02101,Android,Android 13,v4.3
DEV02102,Web,Android 14,v4.2
DEV02103,Web,iOS 18,v5.0
DEV02104,iOS,iOS 18,v5.0
DEV02105,Android,macOS,v4.3
DEV02106,iOS,Windows 11,v4.3
DEV02107,Android,iOS 17,v4.1
DEV02108,Android,Windows 11,v4.3
DEV02109,Web,iOS 18,v5.1
DEV02110,Android,Android 15,v5.0
DEV02111,Android,iOS 17,v4.2
DEV02112,Android,Windows 11,v4.1
DEV02113,iOS,Android 14,v5.1
DEV02114,Web,iOS 18,v4.3
DEV02115,Web,iOS 18,v4.2
DEV02116,iOS,iOS 17,v4.3
DEV02117,iOS,iOS 18,v5.1
DEV02118,iOS,macOS,v4.2
DEV02119,Android,iOS 18,v4.3
DEV02120,Android,Android 14,v5.1
DEV02121,iOS,Android 14,v5.1
DEV02122,Android,iOS 17,v4.2
DEV02123,Android,iOS 18,v5.1
DEV02124,Android,Windows 11,v4.3
DEV02125,iOS,macOS,v4.2
DEV02126,iOS,Android 13,v4.1
DEV02127,Web,iOS 17,v5.1
DEV02128,iOS,Windows 11,v4.3
DEV02129,POS,Android 14,v4.2
DEV02130,Android,Android 13,v4.1
DEV02131,iOS,Windows 11,v4.1
DEV02132,Android,Windows 11,v5.0
DEV02133,Android,iOS 18,v5.0
DEV02134,Web,macOS,v4.2
DEV02135,Android,iOS 17,v5.1
DEV02136,Android,iOS 17,v4.3
DEV02137,iOS,Android 14,v5.1
DEV02138,Android,Android 15,v4.3
DEV02139,iOS,Android 15,v4.3
DEV02140,Android,Android 15,v5.0
DEV02141,Android,iOS 17,v5.0
DEV02142,Web,macOS,v5.1
DEV02143,iOS,macOS,v4.2
DEV02144,iOS,Android 14,v4.3
DEV02145,iOS,Android 14,v5.0
DEV02146,Web,Android 15,v4.2
DEV02147,Web,Android 13,v5.0
DEV02148,Android,Android 15,v4.3
DEV02149,Android,iOS 17,v4.1
DEV02150,Android,Android 13,v5.0
DEV02151,Android,Android 14,v4.2
DEV02152,Android,iOS 18,v5.1
DEV02153,Android,Windows 11,v5.1
DEV02154,Web,Android 13,v4.3
DEV02155,iOS,macOS,v4.1
DEV02156,Android,Android 14,v5.0
DEV02157,iOS,Android 13,v5.0
DEV02158,Web,Android 15,v4.1
DEV02159,Android,Android 13,v4.3
DEV02160,iOS,Android 13,v4.3
DEV02161,Android,Android 13,v4.2
DEV02162,iOS,iOS 17,v4.2
DEV02163,Android,Windows 11,v4.2
DEV02164,iOS,iOS 17,v4.3
DEV02165,Android,Windows 11,v5.0
DEV02166,iOS,Android 15,v5.1
DEV02167,iOS,iOS 18,v4.3
DEV02168,Android,iOS 17,v4.1
DEV02169,Android,iOS 18,v5.1
DEV02170,iOS,iOS 17,v4.3
DEV02171,Web,Android 14,v4.3
DEV02172,Web,Android 14,v4.2
DEV02173,POS,Android 13,v5.0
DEV02174,Android,iOS 18,v5.0
DEV02175,Android,Android 13,v5.1
DEV02176,iOS,Windows 11,v4.3
DEV02177,Android,Android 13,v4.2
DEV02178,Android,iOS 17,v4.1
DEV02179,Android,iOS 17,v4.3
DEV02180,Android,Android 13,v4.2
DEV02181,Android,Windows 11,v4.1
DEV02182,POS,iOS 17,v4.1
DEV02183,Android,Windows 11,v5.1
DEV02184,Android,Android 14,v5.0
DEV02185,Android,Android 14,v5.0
DEV02186,Web,iOS 18,v5.1
DEV02187,Web,Android 14,v4.3
DEV02188,Android,Windows 11,v4.2
DEV02189,Android,Android 13,v5.0
DEV02190,Web,Android 15,v5.1
DEV02191,Android,iOS 17,v5.0
DEV02192,POS,Android 13,v5.0
DEV02193,iOS,iOS 17,v5.0
DEV02194,Android,iOS 18,v4.3
DEV02195,Web,Android 13,v5.1
DEV02196,Android,Android 13,v5.0
DEV02197,Android,Android 13,v5.0
DEV02198,Android,iOS 18,v5.1
DEV02199,Web,Android 13,v4.1
DEV02200,Android,iOS 17,v4.3
DEV02201,Android,Android 15,v4.3
DEV02202,Android,Android 13,v4.2
DEV02203,Web,iOS 18,v4.2
DEV02204,Android,iOS 18,v4.1
DEV02205,Android,Android 13,v4.2
DEV02206,iOS,iOS 18,v5.0
DEV02207,Web,macOS,v5.0
DEV02208,Web,Android 14,v4.2
DEV02209,Android,Windows 11,v4.3
DEV02210,Web,iOS 18,v4.1
DEV02211,iOS,macOS,v5.0
DEV02212,Android,macOS,v4.1
DEV02213,Web,Android 15,v4.2
DEV02214,iOS,Android 14,v5.1
DEV02215,iOS,iOS 17,v4.1
DEV02216,POS,Android 14,v4.1
DEV02217,iOS,Android 15,v4.2
DEV02218,Android,Windows 11,v4.2
DEV02219,Web,Android 14,v5.0
DEV02220,Android,Android 13,v5.1
DEV02221,iOS,iOS 18,v5.1
DEV02222,Android,Android 13,v4.1
DEV02223,Android,macOS,v5.1
DEV02224,Web,Android 13,v4.2
DEV02225,Android,macOS,v4.2
DEV02226,iOS,Android 13,v4.2
DEV02227,Web,macOS,v4.1
DEV02228,Android,Android 14,v4.3
DEV02229,iOS,iOS 17,v4.2
DEV02230,Web,macOS,v5.1
DEV02231,Web,Windows 11,v5.1
DEV02232,iOS,iOS 18,v4.2
DEV02233,Android,Android 14,v4.3
DEV02234,Android,Windows 11,v4.1
DEV02235,iOS,Android 13,v4.2
DEV02236,Android,Android 15,v4.1
DEV02237,Web,Android 15,v4.3
DEV02238,Android,macOS,v4.2
DEV02239,POS,Android 13,v4.2
DEV02240,Web,macOS,v4.2
DEV02241,Android,iOS 17,v5.0
DEV02242,Android,Windows 11,v4.2
DEV02243,Web,iOS 18,v4.2
DEV02244,Web,macOS,v4.3
DEV02245,POS,Windows 11,v4.3
DEV02246,Android,Android 14,v5.0
DEV02247,Android,iOS 17,v4.2
DEV02248,POS,Android 15,v5.1
DEV02249,Android,Android 13,v4.1
DEV02250,Web,Android 14,v4.2
DEV02251,Android,iOS 17,v5.0
DEV02252,Web,Windows 11,v5.1
DEV02253,Android,iOS 17,v4.3
DEV02254,Web,iOS 17,v4.1
DEV02255,iOS,Windows 11,v5.0
DEV02256,POS,Android 14,v4.3
DEV02257,Android,macOS,v4.2
DEV02258,Android,iOS 18,v5.0
DEV02259,Android,Windows 11,v4.2
DEV02260,Web,Android 14,v5.0
DEV02261,iOS,Windows 11,v5.0
DEV02262,iOS,Android 13,v4.2
DEV02263,Android,Android 14,v5.0
DEV02264,iOS,iOS 17,v4.3
DEV02265,Android,iOS 18,v4.3
DEV02266,Android,iOS 18,v4.1
DEV02267,Web,Android 13,v4.1
DEV02268,Android,Android 13,v5.0
DEV02269,iOS,Android 15,v4.3
DEV02270,Web,Android 15,v4.2
DEV02271,POS,Android 15,v5.0
DEV02272,Web,Android 14,v4.2
DEV02273,Android,iOS 18,v5.1
DEV02274,iOS,Android 13,v4.1
DEV02275,Android,macOS,v5.0
DEV02276,Android,Android 15,v5.0
DEV02277,iOS,Android 13,v4.2
DEV02278,Web,Android 15,v4.1
DEV02279,Android,Android 14,v4.2
DEV02280,Android,Windows 11,v4.2
DEV02281,iOS,Android 14,v4.1
DEV02282,Android,iOS 17,v5.1
DEV02283,iOS,Android 13,v4.3
DEV02284,Android,macOS,v4.3
DEV02285,Android,Windows 11,v5.1
DEV02286,iOS,Windows 11,v4.1
DEV02287,Web,iOS 17,v5.0
DEV02288,Web,Windows 11,v4.1
DEV02289,Web,Android 14,v4.2
DEV02290,Android,Windows 11,v4.1
DEV02291,Web,macOS,v4.3
DEV02292,Android,Android 14,v5.0
DEV02293,Web,Windows 11,v5.1
DEV02294,iOS,Windows 11,v4.1
DEV02295,Android,Android 13,v5.0
DEV02296,Android,macOS,v5.0
DEV02297,iOS,iOS 17,v4.3
DEV02298,Android,Windows 11,v4.2
DEV02299,POS,macOS,v5.0
DEV02300,Android,Windows 11,v5.0
DEV02301,Android,iOS 17,v4.1
DEV02302,Android,iOS 17,v5.1
DEV02303,Android,Android 13,v4.1
DEV02304,Web,Android 13,v4.3
DEV02305,iOS,Android 13,v5.0
DEV02306,Web,iOS 18,v4.2
DEV02307,Android,Windows 11,v5.0
DEV02308,POS,macOS,v4.2
DEV02309,Android,Android 14,v4.2
DEV02310,POS,iOS 18,v4.2
DEV02311,Android,iOS 18,v5.1
DEV02312,Web,Android 14,v4.1
DEV02313,iOS,Windows 11,v4.3
DEV02314,Android,Android 15,v5.1
DEV02315,Android,Android 15,v5.1
DEV02316,iOS,Android 15,v4.2
DEV02317,Android,macOS,v5.1
DEV02318,iOS,Android 13,v4.3
DEV02319,iOS,Android 13,v4.3
DEV02320,Web,iOS 17,v5.0
DEV02321,POS,macOS,v5.1
DEV02322,Android,macOS,v5.0
DEV02323,Android,iOS 17,v4.3
DEV02324,Android,iOS 18,v5.1
DEV02325,Web,iOS 17,v4.2
DEV02326,POS,Android 13,v4.2
DEV02327,POS,iOS 18,v5.1
DEV02328,POS,iOS 17,v5.0
DEV02329,Web,iOS 17,v5.0
DEV02330,POS,macOS,v4.2
DEV02331,Android,Android 15,v5.0
DEV02332,POS,Android 13,v4.2
DEV02333,Web,iOS 18,v4.1
DEV02334,Android,Android 14,v4.2
DEV02335,Android,Windows 11,v4.1
DEV02336,Android,iOS 17,v5.1
DEV02337,Web,Android 13,v4.1
DEV02338,iOS,iOS 18,v4.3
DEV02339,Android,Windows 11,v5.0
DEV02340,Web,macOS,v4.1
DEV02341,Android,Android 13,v4.3
DEV02342,Web,Android 13,v4.3
DEV02343,Web,iOS 18,v5.0
DEV02344,POS,Android 15,v4.2
DEV02345,Android,Windows 11,v4.3
DEV02346,POS,Android 15,v4.1
DEV02347,Android,iOS 17,v5.0
DEV02348,Android,Android 15,v4.1
DEV02349,iOS,iOS 17,v4.2
DEV02350,iOS,iOS 17,v5.0
DEV02351,POS,iOS 18,v4.3
DEV02352,iOS,Android 13,v4.1
DEV02353,POS,Android 14,v4.1
DEV02354,Android,macOS,v4.3
DEV02355,Android,Android 14,v4.3
DEV02356,iOS,Android 15,v4.2
DEV02357,Android,iOS 18,v4.2
DEV02358,POS,Android 14,v4.3
DEV02359,Web,macOS,v5.0
DEV02360,iOS,Android 13,v4.3
DEV02361,Web,iOS 17,v4.3
DEV02362,iOS,iOS 17,v5.1
DEV02363,Android,iOS 18,v5.0
DEV02364,iOS,Android 15,v5.0
DEV02365,iOS,Android 13,v4.2
DEV02366,POS,macOS,v4.2
DEV02367,Android,Android 15,v4.2
DEV02368,iOS,macOS,v4.1
DEV02369,Android,Android 15,v5.0
DEV02370,Android,iOS 18,v5.1
DEV02371,iOS,iOS 17,v4.2
DEV02372,Android,Android 15,v4.2
DEV02373,Web,macOS,v4.2
DEV02374,iOS,Android 15,v4.2
DEV02375,Android,Android 13,v4.2
DEV02376,iOS,Windows 11,v4.1
DEV02377,Android,iOS 17,v5.1
DEV02378,Web,Android 15,v5.0
DEV02379,Android,Windows 11,v5.1
DEV02380,Android,Android 14,v4.3
DEV02381,iOS,macOS,v5.0
DEV02382,POS,Windows 11,v4.2
DEV02383,Web,Android 14,v4.3
DEV02384,Android,macOS,v4.3
DEV02385,Android,iOS 17,v4.3
DEV02386,iOS,iOS 17,v4.3
DEV02387,Web,iOS 18,v4.2
DEV02388,Android,Windows 11,v4.3
DEV02389,iOS,macOS,v5.1
DEV02390,Android,Android 15,v4.2
DEV02391,Android,Android 14,v4.3
DEV02392,iOS,Windows 11,v4.3
DEV02393,Android,Android 14,v5.1
DEV02394,Android,macOS,v4.1
DEV02395,Android,iOS 17,v4.1
DEV02396,iOS,macOS,v5.1
DEV02397,Android,iOS 17,v4.1
DEV02398,iOS,Android 13,v5.0
DEV02399,POS,Android 13,v5.0
DEV02400,Android,macOS,v5.0
DEV02401,iOS,iOS 17,v4.1
DEV02402,Web,Android 13,v5.0
DEV02403,Android,iOS 17,v5.0
DEV02404,Android,Windows 11,v4.1
DEV02405,Android,iOS 17,v5.1
DEV02406,iOS,iOS 18,v4.2
DEV02407,iOS,Android 13,v5.0
DEV02408,Android,Android 15,v4.1
DEV02409,Web,Android 15,v4.2
DEV02410,Web,Windows 11,v4.2
DEV02411,Android,iOS 18,v4.3
DEV02412,Web,macOS,v4.2
DEV02413,Android,Android 15,v5.0
DEV02414,iOS,Android 15,v5.1
DEV02415,Android,Windows 11,v5.0
DEV02416,Web,Windows 11,v4.3
DEV02417,Android,iOS 18,v4.2
DEV02418,iOS,Android 14,v4.3
DEV02419,Android,iOS 18,v5.0
DEV02420,Web,iOS 18,v5.0
DEV02421,Android,Android 13,v5.0
DEV02422,Android,Android 15,v5.1
DEV02423,Android,macOS,v5.0
DEV02424,Android,Android 15,v5.0
DEV02425,Web,Android 14,v4.2
DEV02426,POS,macOS,v5.1
DEV02427,Web,iOS 18,v4.2
DEV02428,Web,iOS 17,v4.3
DEV02429,Android,Android 14,v4.1
DEV02430,Android,Android 14,v4.2
DEV02431,iOS,Android 15,v5.1
DEV02432,POS,Android 15,v4.2
DEV02433,iOS,Android 15,v4.1
DEV02434,Android,Android 15,v4.2
DEV02435,Android,Android 14,v4.1
DEV02436,Android,Windows 11,v5.1
DEV02437,Android,iOS 18,v4.2
DEV02438,Web,Windows 11,v5.1
DEV02439,Android,Windows 11,v5.1
DEV02440,Web,Android 15,v4.3
DEV02441,POS,Android 13,v4.3
DEV02442,Web,Android 14,v4.2
DEV02443,POS,macOS,v4.2
DEV02444,Android,macOS,v5.1
DEV02445,POS,iOS 17,v4.3
DEV02446,Android,iOS 17,v4.2
DEV02447,Web,iOS 18,v4.2
DEV02448,Android,Android 14,v4.2
DEV02449,iOS,Android 14,v4.3
DEV02450,Android,Android 14,v4.2
DEV02451,Android,Windows 11,v5.1
DEV02452,POS,Android 13,v4.2
DEV02453,Web,macOS,v5.0
DEV02454,iOS,macOS,v4.1
DEV02455,iOS,Android 13,v5.1
DEV02456,Web,Windows 11,v4.2
DEV02457,Android,Android 15,v5.0
DEV02458,Web,Windows 11,v4.3
DEV02459,iOS,iOS 17,v5.1
DEV02460,iOS,macOS,v5.1
DEV02461,POS,Windows 11,v4.2
DEV02462,iOS,Android 13,v4.3
DEV02463,Android,iOS 17,v4.2
DEV02464,POS,Windows 11,v5.0
DEV02465,POS,Android 14,v4.1
DEV02466,POS,Android 13,v4.3
DEV02467,iOS,iOS 17,v4.1
DEV02468,Android,Android 13,v5.0
DEV02469,Android,Android 14,v5.1
DEV02470,Android,Android 14,v5.0
DEV02471,Web,Android 14,v4.1
DEV02472,Android,Android 15,v4.3
DEV02473,iOS,Windows 11,v4.2
DEV02474,POS,iOS 17,v4.1
DEV02475,POS,macOS,v4.3
DEV02476,Android,Android 15,v4.1
DEV02477,Android,macOS,v5.1
DEV02478,Web,iOS 18,v5.1
DEV02479,iOS,iOS 18,v4.2
DEV02480,Web,macOS,v5.1
DEV02481,Web,macOS,v5.0
DEV02482,iOS,macOS,v4.2
DEV02483,Android,Android 13,v4.1
DEV02484,iOS,Android 13,v5.0
DEV02485,iOS,Android 13,v4.3
DEV02486,Android,macOS,v4.1
DEV02487,Web,Android 15,v5.1
DEV02488,POS,Windows 11,v4.1
DEV02489,Android,Android 14,v5.1
DEV02490,POS,Android 13,v5.0
DEV02491,iOS,Android 13,v5.0
DEV02492,Web,Windows 11,v5.0
DEV02493,Android,iOS 18,v4.2
DEV02494,Android,macOS,v5.1
DEV02495,Android,Android 14,v4.1
DEV02496,Android,Android 15,v4.1
DEV02497,Android,Windows 11,v4.1
DEV02498,Web,Android 14,v4.2
DEV02499,Android,iOS 18,v4.2
DEV02500,POS,Android 15,v5.1
DEV02501,iOS,macOS,v4.2
DEV02502,Android,iOS 17,v5.0
DEV02503,iOS,macOS,v4.1
DEV02504,POS,macOS,v5.0
DEV02505,iOS,Android 13,v4.2
DEV02506,Android,Android 15,v4.1
DEV02507,POS,iOS 18,v4.3
DEV02508,Android,Android 14,v5.0
DEV02509,Web,Android 15,v4.3
DEV02510,iOS,iOS 18,v5.1
DEV02511,Android,Windows 11,v5.0
DEV02512,Android,macOS,v4.1
DEV02513,POS,Android 15,v4.1
DEV02514,POS,Android 13,v4.3
DEV02515,iOS,Windows 11,v4.1
DEV02516,Android,Android 14,v5.0
DEV02517,Android,Windows 11,v4.2
DEV02518,Android,Android 14,v4.2
DEV02519,iOS,Android 15,v4.1
DEV02520,Android,Windows 11,v5.1
DEV02521,Android,iOS 18,v5.0
DEV02522,iOS,Android 13,v5.1
DEV02523,Web,macOS,v4.3
DEV02524,Web,Android 13,v4.1
DEV02525,iOS,Android 15,v4.3
DEV02526,Web,iOS 17,v5.1
DEV02527,Android,Windows 11,v5.0
DEV02528,iOS,Android 15,v5.1
DEV02529,Web,Windows 11,v4.2
DEV02530,Web,Android 13,v5.1
DEV02531,Android,macOS,v5.1
DEV02532,iOS,Windows 11,v5.1
DEV02533,POS,macOS,v5.1
DEV02534,iOS,Android 14,v5.0
DEV02535,iOS,Android 15,v4.1
DEV02536,Web,macOS,v5.0
DEV02537,Android,macOS,v4.3
DEV02538,iOS,Android 15,v4.2
DEV02539,POS,Android 14,v4.1
DEV02540,Android,Windows 11,v4.2
DEV02541,Android,macOS,v4.2
DEV02542,iOS,Android 15,v4.1
DEV02543,Android,iOS 18,v4.1
DEV02544,iOS,Android 14,v4.3
DEV02545,Android,Android 14,v5.0
DEV02546,iOS,Windows 11,v4.1
DEV02547,iOS,Android 14,v4.3
DEV02548,Android,Android 13,v5.1
DEV02549,Android,Android 15,v4.1
DEV02550,Android,iOS 17,v5.0
DEV02551,Android,Android 15,v5.1
DEV02552,iOS,Android 15,v5.1
DEV02553,Android,Android 13,v5.1
DEV02554,Web,iOS 18,v5.1
DEV02555,Web,macOS,v4.2
DEV02556,Android,iOS 18,v5.0
DEV02557,Android,Android 13,v4.3
DEV02558,Android,Android 13,v4.1
DEV02559,iOS,Android 13,v4.3
DEV02560,Android,Android 15,v4.2
DEV02561,Android,Android 13,v5.1
DEV02562,Android,iOS 17,v4.1
DEV02563,POS,macOS,v5.0
DEV02564,Web,Android 14,v4.1
DEV02565,Web,iOS 18,v4.1
DEV02566,Android,Windows 11,v4.3
DEV02567,Android,iOS 17,v5.1
DEV02568,Android,Windows 11,v5.0
DEV02569,POS,iOS 18,v4.1
DEV02570,Android,macOS,v4.2
DEV02571,iOS,Android 15,v4.2
DEV02572,Android,Android 15,v5.1
DEV02573,Web,Android 13,v4.1
DEV02574,Android,iOS 18,v5.1
DEV02575,iOS,Android 15,v4.1
DEV02576,POS,Android 15,v5.0
DEV02577,iOS,Windows 11,v4.2
DEV02578,iOS,Windows 11,v4.3
DEV02579,iOS,iOS 18,v5.1
DEV02580,Web,Android 15,v5.0
DEV02581,Android,macOS,v4.2
DEV02582,Android,Android 13,v5.0
DEV02583,Web,Android 15,v4.3
DEV02584,Android,iOS 17,v4.1
DEV02585,POS,iOS 17,v4.1
DEV02586,iOS,Android 13,v5.0
DEV02587,iOS,iOS 17,v5.0
DEV02588,Android,Windows 11,v5.1
DEV02589,Web,Android 15,v5.0
DEV02590,Web,iOS 17,v4.1
DEV02591,iOS,iOS 17,v5.0
DEV02592,Android,Android 15,v4.2
DEV02593,POS,iOS 18,v4.2
DEV02594,Android,Android 13,v4.1
DEV02595,Android,iOS 18,v5.0
DEV02596,POS,iOS 18,v5.0
DEV02597,Web,iOS 17,v5.0
DEV02598,Android,Android 14,v4.2
DEV02599,POS,iOS 18,v4.1
DEV02600,Android,macOS,v5.1
DEV02601,Android,Android 15,v4.2
DEV02602,Web,Android 15,v4.1
DEV02603,Android,Android 15,v4.1
DEV02604,POS,Android 14,v5.1
DEV02605,Web,Android 14,v4.3
DEV02606,Android,Windows 11,v5.1
DEV02607,Web,Android 13,v5.1
DEV02608,Android,macOS,v4.1
DEV02609,iOS,macOS,v4.3
DEV02610,POS,Android 14,v4.3
DEV02611,Web,Android 13,v5.0
DEV02612,Android,Windows 11,v5.1
DEV02613,Android,Android 15,v5.1
DEV02614,Android,macOS,v4.3
DEV02615,iOS,Android 14,v4.3
DEV02616,iOS,macOS,v4.3
DEV02617,Android,iOS 17,v4.1
DEV02618,Android,Windows 11,v4.1
DEV02619,Web,iOS 17,v4.1
DEV02620,iOS,iOS 17,v5.1
DEV02621,Android,Android 14,v4.3
DEV02622,POS,Android 14,v4.1
DEV02623,Android,Android 14,v5.0
DEV02624,Web,iOS 17,v4.3
DEV02625,Android,Android 15,v4.3
DEV02626,Android,iOS 18,v4.3
DEV02627,iOS,Android 15,v4.1
DEV02628,iOS,Android 14,v4.2
DEV02629,iOS,macOS,v5.0
DEV02630,Android,iOS 18,v5.0
DEV02631,iOS,macOS,v4.2
DEV02632,iOS,Windows 11,v5.0
DEV02633,Android,iOS 18,v4.1
DEV02634,POS,Android 15,v4.3
DEV02635,Web,iOS 17,v4.2
DEV02636,Web,Android 13,v4.3
DEV02637,Web,iOS 17,v5.0
DEV02638,Android,iOS 17,v5.1
DEV02639,iOS,macOS,v5.0
DEV02640,Web,iOS 18,v5.0
DEV02641,Android,Android 14,v4.2
DEV02642,iOS,Android 14,v4.3
DEV02643,Android,iOS 18,v4.2
DEV02644,Android,iOS 17,v4.1
DEV02645,Android,Android 15,v4.3
DEV02646,POS,Windows 11,v4.1
DEV02647,Web,macOS,v4.1
DEV02648,Android,Android 13,v4.2
DEV02649,iOS,iOS 17,v5.0
DEV02650,Android,macOS,v5.1
DEV02651,iOS,iOS 17,v5.0
DEV02652,Web,Android 13,v5.0
DEV02653,iOS,Android 15,v4.3
DEV02654,Web,Android 13,v4.2
DEV02655,iOS,iOS 18,v4.3
DEV02656,iOS,Android 13,v5.1
DEV02657,Web,Android 13,v4.2
DEV02658,Web,iOS 17,v5.0
DEV02659,iOS,macOS,v4.1
DEV02660,POS,iOS 17,v5.0
DEV02661,Web,Android 14,v5.0
DEV02662,Web,Android 13,v4.2
DEV02663,Web,iOS 18,v5.0
DEV02664,Android,Android 14,v5.1
DEV02665,iOS,Windows 11,v5.0
DEV02666,iOS,Android 13,v4.1
DEV02667,iOS,iOS 17,v4.2
DEV02668,Web,iOS 18,v5.1
DEV02669,Android,Android 15,v4.2
DEV02670,Android,Android 14,v4.1
DEV02671,Web,iOS 17,v4.3
DEV02672,Android,Android 15,v5.1
DEV02673,Android,Android 13,v4.1
DEV02674,Android,iOS 18,v4.3
DEV02675,Web,iOS 17,v4.1
DEV02676,iOS,iOS 17,v4.3
DEV02677,POS,iOS 18,v4.3
DEV02678,Android,iOS 17,v4.2
DEV02679,Web,iOS 17,v5.0
DEV02680,Android,Android 13,v5.0
DEV02681,Android,Android 14,v4.1
DEV02682,iOS,Android 15,v4.3
DEV02683,Android,Windows 11,v5.0
DEV02684,Android,iOS 18,v4.1
DEV02685,Android,Android 15,v4.1
DEV02686,Android,iOS 18,v5.1
DEV02687,Web,Windows 11,v4.2
DEV02688,Android,iOS 18,v4.2
DEV02689,POS,iOS 17,v4.3
DEV02690,Web,Windows 11,v5.0
DEV02691,Android,Windows 11,v4.3
DEV02692,iOS,Android 13,v5.0
DEV02693,iOS,iOS 18,v5.0
DEV02694,Web,Windows 11,v5.0
DEV02695,Web,Android 15,v5.0
DEV02696,iOS,Android 14,v5.0
DEV02697,Android,Android 15,v5.1
DEV02698,iOS,Windows 11,v5.1
DEV02699,Web,Android 13,v5.0
DEV02700,Web,Android 14,v4.1
DEV02701,Web,macOS,v4.1
DEV02702,iOS,iOS 17,v4.2
DEV02703,Android,macOS,v5.0
DEV02704,POS,macOS,v4.1
DEV02705,POS,Android 15,v4.2
DEV02706,Android,Android 15,v4.1
DEV02707,Android,Windows 11,v4.2
DEV02708,iOS,iOS 18,v4.3
DEV02709,Web,iOS 18,v4.1
DEV02710,Android,Android 14,v5.0
DEV02711,Android,iOS 17,v5.0
DEV02712,iOS,iOS 18,v5.1
DEV02713,Android,Windows 11,v4.3
DEV02714,Android,Android 15,v4.3
DEV02715,iOS,Android 14,v4.1
DEV02716,Web,iOS 18,v4.2
DEV02717,iOS,iOS 18,v5.1
DEV02718,Web,Android 13,v4.3
DEV02719,iOS,Android 14,v4.3
DEV02720,iOS,Android 14,v5.0
DEV02721,Android,Windows 11,v5.0
DEV02722,Android,iOS 17,v4.2
DEV02723,Android,iOS 18,v4.1
DEV02724,POS,Android 14,v4.2
DEV02725,Web,Windows 11,v4.1
DEV02726,iOS,iOS 17,v5.1
DEV02727,POS,iOS 18,v4.3
DEV02728,Web,macOS,v4.2
DEV02729,POS,Android 15,v4.1
DEV02730,Android,Android 13,v5.1
DEV02731,Web,iOS 17,v4.2
DEV02732,iOS,Android 13,v4.3
DEV02733,Web,Android 15,v5.1
DEV02734,Android,Android 14,v5.0
DEV02735,Web,iOS 18,v4.3
DEV02736,Android,macOS,v5.0
DEV02737,Web,Android 14,v5.1
DEV02738,Web,Android 13,v5.1
DEV02739,Android,macOS,v5.0
DEV02740,Android,Android 14,v4.1
DEV02741,Web,Android 14,v5.1
DEV02742,iOS,iOS 17,v4.2
DEV02743,iOS,macOS,v4.2
DEV02744,Web,Windows 11,v5.1
DEV02745,Web,iOS 17,v5.0
DEV02746,Android,Android 15,v5.0
DEV02747,iOS,iOS 17,v4.3
DEV02748,Web,iOS 17,v5.0
DEV02749,Web,iOS 17,v4.1
DEV02750,Android,macOS,v4.1
DEV02751,Android,iOS 17,v4.2
DEV02752,Android,Windows 11,v5.1
DEV02753,POS,macOS,v4.2
DEV02754,iOS,Android 15,v5.1
DEV02755,Android,iOS 17,v4.2
DEV02756,Android,iOS 17,v5.1
DEV02757,Android,Android 13,v5.1
DEV02758,iOS,iOS 17,v4.2
DEV02759,iOS,Android 15,v4.3
DEV02760,iOS,Windows 11,v4.1
DEV02761,Android,Android 15,v5.0
DEV02762,Android,Android 14,v4.1
DEV02763,Web,iOS 17,v5.0
DEV02764,Android,iOS 18,v5.1
DEV02765,Web,Android 14,v4.2
DEV02766,Android,Android 15,v4.2
DEV02767,Android,Android 14,v5.0
DEV02768,iOS,iOS 18,v4.2
DEV02769,POS,Android 13,v4.2
DEV02770,Android,iOS 18,v4.2
DEV02771,iOS,Windows 11,v4.1
DEV02772,iOS,Windows 11,v4.2
DEV02773,Android,Android 14,v4.3
DEV02774,Android,iOS 17,v5.0
DEV02775,POS,Android 13,v4.1
DEV02776,Android,Windows 11,v4.1
DEV02777,Web,iOS 18,v5.1
DEV02778,POS,iOS 17,v5.1
DEV02779,Android,iOS 18,v4.2
DEV02780,Android,Android 15,v4.1
DEV02781,Android,iOS 17,v4.1
DEV02782,Android,Android 15,v4.2
DEV02783,Android,Android 13,v5.0
DEV02784,iOS,Android 13,v4.1
DEV02785,Web,Android 13,v5.1
DEV02786,iOS,macOS,v4.2
DEV02787,POS,Android 13,v4.1
DEV02788,Android,Android 15,v5.1
DEV02789,Android,Android 15,v4.3
DEV02790,Android,Windows 11,v4.1
DEV02791,Android,Android 14,v4.2
DEV02792,Android,Android 14,v5.1
DEV02793,iOS,Android 15,v4.1
DEV02794,Web,Android 13,v5.1
DEV02795,POS,Android 14,v4.2
DEV02796,Android,iOS 17,v4.1
DEV02797,Web,Android 15,v4.2
DEV02798,Web,iOS 17,v5.0
DEV02799,Android,Android 13,v4.1
DEV02800,Android,Windows 11,v4.1
DEV02801,POS,Android 15,v5.1
DEV02802,iOS,Android 14,v4.1
DEV02803,POS,Windows 11,v5.0
DEV02804,iOS,macOS,v5.1
DEV02805,Android,Android 14,v5.1
DEV02806,Android,iOS 17,v4.3
DEV02807,POS,macOS,v4.1
DEV02808,Android,Android 15,v4.3
DEV02809,Android,Windows 11,v5.0
DEV02810,iOS,Android 13,v4.1
DEV02811,Android,iOS 18,v4.3
DEV02812,Android,iOS 18,v4.3
DEV02813,iOS,macOS,v5.1
DEV02814,Android,Windows 11,v4.3
DEV02815,Android,Android 13,v4.3
DEV02816,Android,Android 14,v4.1
DEV02817,iOS,iOS 18,v4.1
DEV02818,Android,Android 13,v5.1
DEV02819,Android,Windows 11,v4.1
DEV02820,Web,Windows 11,v5.0
DEV02821,Android,Windows 11,v5.1
DEV02822,Android,iOS 17,v5.0
DEV02823,iOS,Android 14,v4.1
DEV02824,Android,Android 13,v4.1
DEV02825,Android,Windows 11,v5.1
DEV02826,iOS,iOS 17,v4.3
DEV02827,Web,Android 15,v4.2
DEV02828,Web,iOS 18,v4.2
DEV02829,iOS,macOS,v4.1
DEV02830,iOS,iOS 18,v5.0
DEV02831,Web,iOS 18,v5.1
DEV02832,Android,macOS,v4.3
DEV02833,Android,Android 13,v4.1
DEV02834,iOS,Android 15,v5.0
DEV02835,Android,Android 13,v4.1
DEV02836,Web,Windows 11,v4.2
DEV02837,Android,Android 13,v4.1
DEV02838,Android,Android 15,v5.0
DEV02839,Web,Windows 11,v4.2
DEV02840,Android,Windows 11,v4.1
DEV02841,iOS,iOS 17,v4.2
DEV02842,Android,Windows 11,v5.1
DEV02843,Android,Android 14,v5.0
DEV02844,Android,iOS 18,v5.0
DEV02845,Android,Android 15,v5.1
DEV02846,POS,iOS 17,v5.0
DEV02847,Web,Windows 11,v5.0
DEV02848,iOS,Android 15,v4.1
DEV02849,Web,macOS,v4.3
DEV02850,iOS,Android 14,v4.1
DEV02851,Android,Android 15,v5.1
DEV02852,Android,macOS,v5.1
DEV02853,iOS,Android 15,v4.3
DEV02854,Android,iOS 17,v4.1
DEV02855,Android,macOS,v4.1
DEV02856,Web,iOS 18,v4.1
DEV02857,Android,iOS 18,v4.2
DEV02858,Android,iOS 17,v4.2
DEV02859,Android,iOS 17,v4.1
DEV02860,iOS,Android 13,v4.2
DEV02861,Android,macOS,v4.1
DEV02862,iOS,Android 13,v5.1
DEV02863,Android,Android 14,v4.1
DEV02864,iOS,macOS,v4.2
DEV02865,Android,Android 13,v4.3
DEV02866,POS,Android 13,v5.1
DEV02867,iOS,Android 15,v5.0
DEV02868,Web,Android 15,v4.3
DEV02869,Web,macOS,v4.3
DEV02870,iOS,iOS 17,v5.0
DEV02871,Android,Windows 11,v5.1
DEV02872,iOS,iOS 18,v5.0
DEV02873,Web,Android 14,v5.1
DEV02874,iOS,Android 13,v5.1
DEV02875,Android,Android 15,v5.1
DEV02876,Android,iOS 18,v4.3
DEV02877,Android,macOS,v5.1
DEV02878,Android,Android 13,v5.0
DEV02879,POS,Windows 11,v4.3
DEV02880,Android,iOS 18,v5.1
DEV02881,Android,Android 15,v4.2
DEV02882,Web,iOS 17,v4.2
DEV02883,Web,Windows 11,v5.1
DEV02884,iOS,Windows 11,v4.2
DEV02885,Android,Android 13,v4.1
DEV02886,Android,Android 13,v4.3
DEV02887,Android,Android 14,v4.1
DEV02888,Android,Android 13,v4.3
DEV02889,Android,Android 15,v5.0
DEV02890,Android,macOS,v4.2
DEV02891,POS,iOS 18,v4.2
DEV02892,Android,Windows 11,v4.2
DEV02893,iOS,iOS 18,v5.1
DEV02894,POS,iOS 17,v4.3
DEV02895,iOS,Windows 11,v5.1
DEV02896,Android,Windows 11,v4.2
DEV02897,Android,iOS 17,v5.0
DEV02898,POS,Android 15,v4.2
DEV02899,Android,iOS 18,v5.1
DEV02900,Web,Windows 11,v4.2
DEV02901,Web,iOS 17,v4.1
DEV02902,Android,Windows 11,v4.1
DEV02903,Web,iOS 17,v5.1
DEV02904,POS,Android 14,v4.1
DEV02905,iOS,Android 14,v4.3
DEV02906,Android,macOS,v4.3
DEV02907,Web,Android 15,v5.1
DEV02908,iOS,Android 15,v4.1
DEV02909,Web,Android 15,v4.3
DEV02910,iOS,Android 15,v4.1
DEV02911,Android,iOS 18,v4.2
DEV02912,Android,Android 13,v4.1
DEV02913,Android,Android 15,v4.1
DEV02914,Android,Android 14,v5.1
DEV02915,Android,Windows 11,v4.2
DEV02916,Android,Android 13,v4.3
DEV02917,Android,Android 13,v4.3
DEV02918,Web,iOS 18,v4.1
DEV02919,Web,iOS 17,v5.0
DEV02920,iOS,macOS,v5.0
DEV02921,iOS,Windows 11,v4.3
DEV02922,Android,Windows 11,v4.1
DEV02923,iOS,Android 13,v4.1
DEV02924,iOS,iOS 18,v4.2
DEV02925,Web,iOS 18,v5.1
DEV02926,Android,iOS 18,v5.0
DEV02927,Web,Android 15,v4.1
DEV02928,Web,Windows 11,v4.3
DEV02929,iOS,iOS 17,v5.0
DEV02930,Android,Android 15,v5.1
DEV02931,iOS,Android 14,v4.1
DEV02932,iOS,iOS 17,v5.0
DEV02933,iOS,Android 15,v4.1
DEV02934,iOS,iOS 17,v5.1
DEV02935,Android,Android 14,v4.2
DEV02936,Android,Android 15,v5.0
DEV02937,Android,iOS 17,v5.1
DEV02938,Android,Android 14,v4.2
DEV02939,Android,macOS,v4.2
DEV02940,Android,Windows 11,v5.1
DEV02941,Android,iOS 18,v4.3
DEV02942,Web,iOS 17,v5.1
DEV02943,Web,Android 14,v4.1
DEV02944,Android,Windows 11,v4.3
DEV02945,Android,macOS,v4.2
DEV02946,Web,iOS 18,v5.0
DEV02947,iOS,macOS,v4.2
DEV02948,Android,Android 14,v5.0
DEV02949,Web,Windows 11,v5.0
DEV02950,Android,Windows 11,v5.1
DEV02951,iOS,Windows 11,v5.1
DEV02952,POS,macOS,v4.2
DEV02953,Android,Android 13,v5.1
DEV02954,POS,Android 14,v4.2
DEV02955,Android,Android 15,v5.1
DEV02956,iOS,Android 15,v5.1
DEV02957,iOS,Android 15,v5.0
DEV02958,Web,Android 15,v4.3
DEV02959,Android,macOS,v5.1
DEV02960,iOS,Windows 11,v5.1
DEV02961,Web,Windows 11,v4.2
DEV02962,iOS,Android 13,v5.0
DEV02963,Android,Android 13,v5.0
DEV02964,Android,Android 13,v4.3
DEV02965,iOS,iOS 18,v4.3
DEV02966,Web,iOS 17,v4.3
DEV02967,Android,macOS,v5.1
DEV02968,iOS,Android 15,v4.2
DEV02969,Android,macOS,v4.1
DEV02970,Android,iOS 17,v4.2
DEV02971,Android,Android 15,v5.0
DEV02972,iOS,macOS,v4.3
DEV02973,POS,Android 15,v4.1
DEV02974,Web,Android 15,v5.0
DEV02975,Android,macOS,v4.3
DEV02976,iOS,Android 13,v4.1
DEV02977,Android,Windows 11,v4.2
DEV02978,Android,iOS 18,v5.0
DEV02979,Android,Android 15,v5.1
DEV02980,Android,Android 15,v4.1
DEV02981,iOS,Android 15,v4.1
DEV02982,iOS,Android 14,v4.2
DEV02983,POS,macOS,v4.2
DEV02984,Android,Android 15,v5.0
DEV02985,Android,Android 13,v5.1
DEV02986,Android,Android 13,v4.3
DEV02987,Android,iOS 17,v4.1
DEV02988,POS,macOS,v4.1
DEV02989,Android,Windows 11,v5.0
DEV02990,POS,Windows 11,v4.3
DEV02991,Android,Android 13,v4.3
DEV02992,Android,iOS 17,v4.3
DEV02993,Android,iOS 18,v5.0
DEV02994,Web,Android 14,v4.1
DEV02995,Android,Android 13,v4.2
DEV02996,POS,macOS,v4.1
DEV02997,Android,Android 15,v4.2
DEV02998,Android,macOS,v4.2
DEV02999,iOS,macOS,v5.0
DEV03000,Android,iOS 18,v4.3
DEV03001,Android,Android 15,v5.0
DEV03002,Web,iOS 17,v4.2
DEV03003,Android,macOS,v4.1
DEV03004,iOS,macOS,v4.2
DEV03005,Android,iOS 17,v5.0
DEV03006,Android,macOS,v4.1
DEV03007,Android,Android 14,v4.3
DEV03008,iOS,macOS,v5.0
DEV03009,Web,iOS 18,v5.1
DEV03010,iOS,iOS 17,v4.2
DEV03011,Web,Android 15,v4.3
DEV03012,Android,Windows 11,v4.3
DEV03013,Android,macOS,v4.1
DEV03014,Android,Android 13,v5.0
DEV03015,Web,Android 13,v4.2
DEV03016,Web,Windows 11,v5.1
DEV03017,Android,iOS 18,v4.2
DEV03018,Android,iOS 18,v5.0
DEV03019,Web,iOS 17,v4.3
DEV03020,Web,Android 13,v5.1
DEV03021,Web,Windows 11,v4.1
DEV03022,Android,Android 14,v5.0
DEV03023,iOS,Windows 11,v4.2
DEV03024,Web,Android 14,v5.0
DEV03025,Android,Windows 11,v4.1
DEV03026,iOS,Windows 11,v4.2
DEV03027,Android,Windows 11,v5.1
DEV03028,Android,Windows 11,v4.2
DEV03029,POS,Windows 11,v4.2
DEV03030,POS,macOS,v4.1
DEV03031,iOS,Windows 11,v4.2
DEV03032,Android,macOS,v5.0
DEV03033,Web,Android 14,v4.3
DEV03034,Android,Android 14,v4.1
DEV03035,Android,iOS 17,v4.1
DEV03036,Android,Windows 11,v4.1
DEV03037,iOS,Android 15,v5.0
DEV03038,Android,macOS,v5.0
DEV03039,iOS,Android 14,v5.0
DEV03040,Android,iOS 17,v5.0
DEV03041,Web,Android 14,v4.2
DEV03042,POS,macOS,v4.1
DEV03043,Web,Android 14,v4.1
DEV03044,iOS,Windows 11,v5.1
DEV03045,Android,macOS,v4.3
DEV03046,Web,Android 15,v4.2
DEV03047,POS,macOS,v4.3
DEV03048,Android,Android 14,v4.2
DEV03049,iOS,iOS 17,v4.2
DEV03050,Android,macOS,v4.2
DEV03051,Android,Windows 11,v4.1
DEV03052,Android,iOS 17,v4.3
DEV03053,POS,Android 13,v4.3
DEV03054,Android,iOS 18,v5.0
DEV03055,iOS,Android 14,v4.3
DEV03056,POS,Windows 11,v5.0
DEV03057,iOS,macOS,v5.1
DEV03058,Web,Android 14,v5.0
DEV03059,Android,iOS 17,v4.2
DEV03060,POS,Android 14,v4.1
DEV03061,Android,macOS,v4.2
DEV03062,POS,Windows 11,v5.1
DEV03063,Android,iOS 17,v4.1
DEV03064,iOS,Android 13,v5.1
DEV03065,Android,Windows 11,v4.2
DEV03066,iOS,macOS,v4.1
DEV03067,Android,Android 14,v5.1
DEV03068,POS,Windows 11,v5.0
DEV03069,Android,Windows 11,v4.3
DEV03070,iOS,Android 13,v4.2
DEV03071,Android,macOS,v5.0
DEV03072,Web,Android 13,v5.1
DEV03073,iOS,iOS 18,v5.1
DEV03074,POS,macOS,v4.1
DEV03075,Android,iOS 17,v5.0
DEV03076,Android,macOS,v5.1
DEV03077,Android,Android 13,v4.1
DEV03078,Web,iOS 17,v4.3
DEV03079,iOS,iOS 18,v4.3
DEV03080,Web,iOS 17,v4.1
DEV03081,Android,Windows 11,v5.0
DEV03082,iOS,macOS,v4.1
DEV03083,POS,iOS 18,v4.1
DEV03084,Android,Android 14,v5.0
DEV03085,Android,iOS 18,v4.3
DEV03086,Web,iOS 18,v5.1
DEV03087,Android,macOS,v4.3
DEV03088,iOS,iOS 18,v5.0
DEV03089,iOS,Android 15,v4.2
DEV03090,POS,Android 13,v5.0
DEV03091,Web,iOS 17,v4.3
DEV03092,iOS,Windows 11,v4.3
DEV03093,Android,iOS 17,v5.0
DEV03094,Android,macOS,v5.0
DEV03095,Web,Android 15,v5.0
DEV03096,iOS,Android 14,v4.3
DEV03097,Web,macOS,v4.1
DEV03098,iOS,Windows 11,v4.2
DEV03099,Android,macOS,v4.1
DEV03100,Android,macOS,v4.3
DEV03101,Android,macOS,v4.1
DEV03102,Web,macOS,v5.0
DEV03103,Web,Android 13,v5.1
DEV03104,Android,Android 13,v5.0
DEV03105,iOS,Android 13,v4.2
DEV03106,Web,macOS,v5.0
DEV03107,Web,Android 13,v5.1
DEV03108,iOS,Android 15,v4.3
DEV03109,Android,iOS 17,v4.1
DEV03110,Web,macOS,v5.0
DEV03111,Android,Android 14,v4.1
DEV03112,Web,Windows 11,v4.2
DEV03113,Web,Windows 11,v4.1
DEV03114,Web,macOS,v4.2
DEV03115,POS,Android 14,v4.2
DEV03116,Web,Android 14,v5.0
DEV03117,Android,Android 15,v5.1
DEV03118,Android,Android 15,v4.1
DEV03119,Android,iOS 18,v4.2
DEV03120,Android,Android 15,v4.2
DEV03121,Android,Android 13,v4.2
DEV03122,iOS,macOS,v4.3
DEV03123,Android,iOS 17,v4.1
DEV03124,iOS,Android 14,v4.1
DEV03125,Web,Android 15,v4.2
DEV03126,Web,iOS 17,v4.1
DEV03127,POS,Android 13,v4.1
DEV03128,Android,Android 15,v4.3
DEV03129,iOS,Android 15,v4.2
DEV03130,Android,iOS 17,v4.1
DEV03131,iOS,Windows 11,v5.1
DEV03132,iOS,macOS,v4.2
DEV03133,Android,Windows 11,v4.1
DEV03134,Android,Android 13,v4.3
DEV03135,Web,Android 15,v5.1
DEV03136,Web,iOS 17,v5.0
DEV03137,iOS,Android 13,v5.0
DEV03138,Android,Android 15,v5.1
DEV03139,Android,Windows 11,v5.0
DEV03140,Android,Android 15,v5.1
DEV03141,POS,Android 14,v4.1
DEV03142,Web,iOS 18,v5.0
DEV03143,Android,Android 13,v5.0
DEV03144,Android,iOS 17,v5.1
DEV03145,iOS,Android 14,v4.1
DEV03146,Android,Android 15,v4.1
DEV03147,POS,iOS 17,v4.2
DEV03148,Web,Android 14,v4.2
DEV03149,Android,Android 14,v4.1
DEV03150,Android,Windows 11,v5.1
DEV03151,Web,Windows 11,v4.3
DEV03152,Android,iOS 18,v4.3
DEV03153,iOS,Windows 11,v4.2
DEV03154,Android,Android 14,v5.0
DEV03155,Android,Android 13,v4.3
DEV03156,iOS,iOS 18,v5.0
DEV03157,iOS,iOS 18,v5.0
DEV03158,Android,Android 15,v4.1
DEV03159,Android,Android 15,v4.3
DEV03160,iOS,Android 13,v4.3
DEV03161,Web,iOS 17,v5.0
DEV03162,Android,Windows 11,v5.0
DEV03163,Web,Windows 11,v4.1
DEV03164,Android,Android 13,v5.1
DEV03165,Android,iOS 18,v4.3
DEV03166,Web,Android 15,v4.3
DEV03167,iOS,Android 13,v4.1
DEV03168,Android,Android 15,v4.1
DEV03169,Android,Android 13,v5.1
DEV03170,Android,Windows 11,v5.0
DEV03171,Web,Android 13,v4.3
DEV03172,Android,Android 14,v5.0
DEV03173,Android,Android 13,v4.3
DEV03174,Android,Android 15,v4.1
DEV03175,iOS,Android 13,v4.1
DEV03176,Web,iOS 17,v4.1
DEV03177,Android,Windows 11,v5.1
DEV03178,iOS,Windows 11,v4.3
DEV03179,Android,Android 14,v4.1
DEV03180,iOS,Android 13,v5.1
DEV03181,Android,iOS 17,v5.0
DEV03182,Android,Android 15,v5.1
DEV03183,Android,macOS,v5.1
DEV03184,Web,macOS,v4.2
DEV03185,Web,iOS 17,v5.0
DEV03186,Android,Windows 11,v4.2
DEV03187,Android,Android 14,v4.3
DEV03188,Android,Android 15,v5.1
DEV03189,iOS,macOS,v5.1
DEV03190,Web,Android 13,v5.1
DEV03191,POS,Android 13,v5.1
DEV03192,iOS,iOS 17,v4.2
DEV03193,Android,Android 13,v4.3
DEV03194,Web,macOS,v4.2
DEV03195,Android,Android 15,v5.1
DEV03196,iOS,macOS,v4.3
DEV03197,Android,Windows 11,v5.0
DEV03198,Android,Android 15,v4.2
DEV03199,Android,Android 13,v4.1
DEV03200,Android,iOS 17,v5.0
DEV03201,iOS,Android 13,v5.0
DEV03202,Web,Windows 11,v5.1
DEV03203,Web,iOS 18,v5.1
DEV03204,POS,Android 13,v5.0
DEV03205,Android,Android 14,v4.2
DEV03206,iOS,Android 13,v4.3
DEV03207,iOS,Windows 11,v4.2
DEV03208,Web,iOS 18,v4.2
DEV03209,Android,Android 14,v5.0
DEV03210,Android,iOS 17,v4.2
DEV03211,Android,Android 14,v4.3
DEV03212,POS,Android 15,v5.0
DEV03213,Web,Windows 11,v4.2
DEV03214,Android,iOS 18,v5.1
DEV03215,Web,Android 15,v4.2
DEV03216,Android,Android 15,v5.0
DEV03217,Android,macOS,v5.0
DEV03218,Web,Android 14,v5.1
DEV03219,Android,Android 14,v5.0
DEV03220,Android,Android 15,v4.1
DEV03221,Web,Windows 11,v5.0
DEV03222,iOS,iOS 17,v4.2
DEV03223,POS,Android 13,v4.3
DEV03224,Android,Android 13,v4.2
DEV03225,Android,iOS 18,v5.0
DEV03226,Android,Android 14,v4.1
DEV03227,Web,Android 13,v4.2
DEV03228,Android,iOS 17,v4.3
DEV03229,Android,iOS 18,v4.2
DEV03230,Android,Windows 11,v5.1
DEV03231,Web,Android 14,v4.1
DEV03232,Android,Android 13,v5.0
DEV03233,Android,Android 15,v4.2
DEV03234,iOS,iOS 17,v4.2
DEV03235,Android,macOS,v4.2
DEV03236,Android,iOS 17,v4.2
DEV03237,Android,Android 14,v4.3
DEV03238,Web,Windows 11,v5.1
DEV03239,Android,iOS 17,v5.1
DEV03240,Android,Android 14,v4.1
DEV03241,Android,iOS 17,v4.1
DEV03242,POS,macOS,v4.3
DEV03243,Android,Android 13,v5.1
DEV03244,Web,macOS,v4.1
DEV03245,Web,Windows 11,v5.0
DEV03246,Android,macOS,v5.1
DEV03247,Android,Android 14,v4.2
DEV03248,iOS,iOS 17,v5.1
DEV03249,Web,Android 13,v5.0
DEV03250,Web,Windows 11,v4.2
DEV03251,Web,Android 13,v5.1
DEV03252,Android,Android 13,v4.2
DEV03253,Web,macOS,v4.2
DEV03254,Android,Windows 11,v4.3
DEV03255,iOS,macOS,v5.0
DEV03256,iOS,Android 14,v4.3
DEV03257,Android,Android 14,v5.1
DEV03258,Android,iOS 17,v4.2
DEV03259,Android,Windows 11,v5.1
DEV03260,Android,macOS,v5.1
DEV03261,Web,macOS,v4.3
DEV03262,iOS,Windows 11,v5.1
DEV03263,Web,macOS,v5.0
DEV03264,Android,Windows 11,v4.2
DEV03265,Android,Android 15,v4.1
DEV03266,Android,Android 15,v5.0
DEV03267,Android,iOS 18,v4.1
DEV03268,iOS,Android 15,v4.1
DEV03269,Web,Windows 11,v4.3
DEV03270,Android,macOS,v4.1
DEV03271,iOS,Android 15,v4.2
DEV03272,Android,iOS 17,v4.3
DEV03273,Android,Android 14,v5.0
DEV03274,Android,Android 15,v5.0
DEV03275,Web,iOS 18,v5.0
DEV03276,iOS,iOS 17,v5.1
DEV03277,Android,Android 13,v4.3
DEV03278,iOS,Android 13,v4.3
DEV03279,iOS,iOS 18,v4.3
DEV03280,Android,Android 14,v4.2
DEV03281,iOS,Windows 11,v4.3
DEV03282,Web,Android 13,v4.2
DEV03283,Android,Android 14,v5.0
DEV03284,Web,Android 15,v5.1
DEV03285,Android,Android 15,v4.1
DEV03286,Web,Android 15,v5.1
DEV03287,POS,Android 13,v5.1
DEV03288,iOS,Android 13,v5.1
DEV03289,Android,Android 14,v4.1
DEV03290,Android,Android 14,v4.2
DEV03291,Android,Windows 11,v5.0
DEV03292,Android,iOS 18,v4.1
DEV03293,iOS,Windows 11,v5.0
DEV03294,Android,macOS,v4.2
DEV03295,Android,Android 15,v5.0
DEV03296,Web,iOS 17,v4.2
DEV03297,iOS,iOS 17,v4.1
DEV03298,Android,Android 15,v4.1
DEV03299,iOS,iOS 18,v5.0
DEV03300,POS,Windows 11,v5.0
DEV03301,Android,Android 14,v5.1
DEV03302,Android,Android 13,v5.1
DEV03303,Web,iOS 18,v5.0
DEV03304,iOS,macOS,v5.1
DEV03305,Android,iOS 18,v5.0
DEV03306,Android,macOS,v4.3
DEV03307,Web,Android 15,v5.1
DEV03308,POS,Android 14,v5.0
DEV03309,Web,iOS 17,v4.3
DEV03310,POS,macOS,v5.1
DEV03311,iOS,iOS 17,v4.1
DEV03312,POS,Windows 11,v5.0
DEV03313,Web,macOS,v4.1
DEV03314,POS,Windows 11,v5.1
DEV03315,Android,iOS 17,v4.3
DEV03316,Web,iOS 18,v5.0
DEV03317,Android,Windows 11,v4.3
DEV03318,Android,Android 13,v4.1
DEV03319,iOS,Android 14,v5.0
DEV03320,Android,Android 13,v4.1
DEV03321,Android,iOS 17,v4.1
DEV03322,POS,Android 13,v4.3
DEV03323,iOS,iOS 18,v5.1
DEV03324,POS,Android 15,v4.1
DEV03325,POS,Android 13,v4.1
DEV03326,Android,Windows 11,v4.2
DEV03327,Android,Android 13,v4.3
DEV03328,Android,Android 13,v4.1
DEV03329,iOS,Windows 11,v4.2
DEV03330,iOS,iOS 17,v4.3
DEV03331,iOS,Android 13,v5.0
DEV03332,Android,Android 14,v5.1
DEV03333,Android,iOS 18,v4.3
DEV03334,iOS,Android 14,v4.1
DEV03335,Android,Android 14,v4.2
DEV03336,Web,iOS 17,v4.2
DEV03337,Android,Android 13,v5.0
DEV03338,Android,iOS 18,v4.2
DEV03339,Android,iOS 18,v4.1
DEV03340,Web,iOS 18,v4.3
DEV03341,Android,Android 13,v5.0
DEV03342,Android,iOS 18,v5.1
DEV03343,iOS,macOS,v5.1
DEV03344,POS,iOS 18,v4.1
DEV03345,POS,macOS,v5.0
DEV03346,Android,Android 15,v5.0
DEV03347,Web,Android 15,v4.1
DEV03348,Android,iOS 18,v5.0
DEV03349,Android,Windows 11,v4.2
DEV03350,iOS,Android 14,v4.2
DEV03351,Android,Windows 11,v4.1
DEV03352,Web,Android 13,v4.1
DEV03353,POS,Android 14,v4.2
DEV03354,Android,Android 14,v4.3
DEV03355,Android,Android 13,v4.1
DEV03356,iOS,Android 13,v4.2
DEV03357,iOS,iOS 17,v4.3
DEV03358,POS,iOS 17,v4.3
DEV03359,Web,macOS,v4.2
DEV03360,iOS,iOS 17,v4.2
DEV03361,Android,iOS 18,v5.0
DEV03362,Web,Windows 11,v4.3
DEV03363,Android,iOS 18,v5.1
DEV03364,POS,iOS 18,v5.0
DEV03365,Android,Windows 11,v5.0
DEV03366,iOS,iOS 17,v4.3
DEV03367,Android,Windows 11,v4.3
DEV03368,Android,Android 13,v4.3
DEV03369,iOS,iOS 18,v4.1
DEV03370,Web,Android 13,v4.2
DEV03371,Web,Windows 11,v4.2
DEV03372,iOS,macOS,v4.2
DEV03373,Android,iOS 17,v4.3
DEV03374,Web,Android 13,v5.0
DEV03375,Web,iOS 18,v4.3
DEV03376,Android,Android 13,v4.3
DEV03377,Web,macOS,v5.0
DEV03378,POS,iOS 17,v5.1
DEV03379,iOS,iOS 18,v4.1
DEV03380,Android,macOS,v5.1
DEV03381,iOS,iOS 18,v4.3
DEV03382,Android,iOS 17,v4.2
DEV03383,iOS,Android 14,v4.2
DEV03384,iOS,Android 15,v5.0
DEV03385,POS,iOS 17,v4.3
DEV03386,iOS,Windows 11,v5.0
DEV03387,Android,Android 13,v5.0
DEV03388,Web,Android 14,v4.1
DEV03389,Android,iOS 17,v5.0
DEV03390,Android,Android 15,v4.3
DEV03391,Android,iOS 18,v4.1
DEV03392,Android,Windows 11,v4.2
DEV03393,POS,Android 15,v4.1
DEV03394,iOS,macOS,v4.3
DEV03395,Web,Android 15,v5.1
DEV03396,Android,Windows 11,v4.1
DEV03397,Web,macOS,v5.1
DEV03398,iOS,iOS 17,v4.1
DEV03399,Android,iOS 18,v4.1
DEV03400,POS,iOS 18,v5.0
DEV03401,iOS,Android 15,v5.1
DEV03402,iOS,iOS 17,v5.1
DEV03403,Android,macOS,v4.1
DEV03404,Android,iOS 18,v4.3
DEV03405,Web,iOS 18,v4.3
DEV03406,Web,macOS,v5.1
DEV03407,iOS,Android 13,v5.0
DEV03408,POS,Android 15,v5.0
DEV03409,iOS,Android 14,v4.3
DEV03410,iOS,Android 15,v5.0
DEV03411,Android,iOS 17,v4.1
DEV03412,iOS,macOS,v4.1
DEV03413,Android,Windows 11,v5.1
DEV03414,Android,macOS,v4.2
DEV03415,POS,macOS,v4.3
DEV03416,Android,Windows 11,v4.3
DEV03417,Android,iOS 18,v4.2
DEV03418,Android,iOS 18,v5.0
DEV03419,Android,Android 13,v4.1
DEV03420,Android,iOS 18,v4.1
DEV03421,Android,iOS 18,v4.3
DEV03422,iOS,Windows 11,v4.3
DEV03423,iOS,Android 14,v5.0
DEV03424,Web,Android 15,v5.0
DEV03425,POS,iOS 18,v4.3
DEV03426,iOS,iOS 17,v5.0
DEV03427,Android,Android 14,v4.2
DEV03428,Android,Android 14,v4.1
DEV03429,Web,Android 13,v4.3
DEV03430,iOS,iOS 17,v4.2
DEV03431,Android,Android 14,v4.2
DEV03432,Android,Android 15,v5.1
DEV03433,Web,iOS 17,v4.3
DEV03434,iOS,Android 15,v5.1
DEV03435,iOS,Android 13,v4.2
DEV03436,Android,Android 13,v4.3
DEV03437,iOS,iOS 18,v5.1
DEV03438,Web,Android 15,v4.1
DEV03439,Web,Windows 11,v4.3
DEV03440,Web,Android 15,v5.1
DEV03441,iOS,Android 13,v5.0
DEV03442,iOS,Windows 11,v4.3
DEV03443,iOS,Android 15,v5.0
DEV03444,Android,iOS 17,v4.3
DEV03445,Web,iOS 18,v5.1
DEV03446,iOS,iOS 18,v5.1
DEV03447,iOS,iOS 17,v4.3
DEV03448,POS,Android 14,v4.2
DEV03449,POS,macOS,v5.1
DEV03450,iOS,Windows 11,v4.3
DEV03451,Android,Windows 11,v4.3
DEV03452,Android,Android 15,v4.1
DEV03453,POS,macOS,v5.0
DEV03454,Android,macOS,v4.1
DEV03455,POS,Android 14,v5.0
DEV03456,Android,Android 14,v5.0
DEV03457,iOS,Android 15,v4.1
DEV03458,iOS,macOS,v4.2
DEV03459,Android,Windows 11,v4.3
DEV03460,POS,macOS,v5.1
DEV03461,iOS,Android 13,v4.3
DEV03462,Android,Android 15,v4.1
DEV03463,Android,Android 13,v4.2
DEV03464,Web,iOS 17,v5.1
DEV03465,Android,Android 13,v5.1
DEV03466,Web,Android 14,v4.2
DEV03467,Android,Android 14,v5.1
DEV03468,Android,Android 14,v5.1
DEV03469,Android,macOS,v4.2
DEV03470,Android,Windows 11,v4.1
DEV03471,Android,macOS,v4.1
DEV03472,POS,Windows 11,v5.1
DEV03473,Android,Android 13,v4.1
DEV03474,Android,Android 14,v4.1
DEV03475,Android,iOS 18,v5.1
DEV03476,iOS,Android 15,v5.1
DEV03477,Web,Android 14,v4.1
DEV03478,Web,Windows 11,v5.0
DEV03479,Android,Android 13,v4.2
DEV03480,iOS,Android 14,v4.1
DEV03481,iOS,macOS,v4.1
DEV03482,iOS,Android 13,v5.0
DEV03483,Android,macOS,v4.3
DEV03484,Web,Android 15,v4.3
DEV03485,Android,Android 13,v4.2
DEV03486,Android,Android 15,v5.1
DEV03487,Android,Android 14,v4.1
DEV03488,iOS,macOS,v5.0
DEV03489,Android,Windows 11,v5.1
DEV03490,iOS,iOS 18,v5.1
DEV03491,Web,Android 14,v4.3
DEV03492,iOS,Android 15,v4.1
DEV03493,iOS,Windows 11,v4.2
DEV03494,Web,iOS 17,v5.0
DEV03495,Web,iOS 17,v4.1
DEV03496,Android,iOS 17,v5.1
DEV03497,iOS,macOS,v5.1
DEV03498,Web,Android 14,v4.2
DEV03499,Android,Android 13,v4.3
DEV03500,Android,iOS 18,v4.2
DEV03501,Android,Windows 11,v4.2
DEV03502,POS,iOS 18,v4.1
DEV03503,Android,Windows 11,v4.3
DEV03504,Android,macOS,v5.1
DEV03505,iOS,Android 14,v4.3
DEV03506,Web,Android 15,v4.1
DEV03507,Android,Android 14,v4.1
DEV03508,Web,iOS 17,v4.2
DEV03509,iOS,Android 15,v4.1
DEV03510,iOS,iOS 18,v4.3
DEV03511,Web,Android 14,v4.2
DEV03512,Android,Android 13,v4.2
DEV03513,POS,Android 13,v4.2
DEV03514,Web,macOS,v4.3
DEV03515,POS,iOS 18,v4.2
DEV03516,Web,Android 15,v5.0
DEV03517,Web,iOS 17,v5.0
DEV03518,Android,Android 13,v4.3
DEV03519,Android,Android 13,v5.1
DEV03520,Android,Android 14,v5.1
DEV03521,Android,Windows 11,v4.2
DEV03522,Web,macOS,v4.3
DEV03523,Android,iOS 18,v4.2
DEV03524,Android,Android 13,v4.2
DEV03525,Web,Android 14,v5.0
DEV03526,POS,Android 15,v4.1
DEV03527,Web,Windows 11,v4.3
DEV03528,Web,Android 13,v4.1
DEV03529,iOS,macOS,v5.0
DEV03530,Web,iOS 18,v4.1
DEV03531,iOS,Android 14,v5.0
DEV03532,POS,Android 15,v5.1
DEV03533,Android,Android 14,v5.0
DEV03534,Web,iOS 17,v4.3
DEV03535,iOS,iOS 18,v5.1
DEV03536,iOS,iOS 18,v4.2
DEV03537,Web,Windows 11,v4.3
DEV03538,Web,Android 13,v4.3
DEV03539,Web,Windows 11,v4.3
DEV03540,Android,Android 14,v4.1
DEV03541,Android,Android 15,v4.1
DEV03542,Android,Android 13,v4.2
DEV03543,Android,iOS 18,v4.1
DEV03544,Android,Android 14,v4.3
DEV03545,Web,Android 15,v5.0
DEV03546,iOS,Windows 11,v4.2
DEV03547,Web,iOS 18,v4.2
DEV03548,iOS,macOS,v4.3
DEV03549,iOS,Android 15,v5.1
DEV03550,Android,Windows 11,v4.1
DEV03551,Web,Android 14,v5.1
DEV03552,Web,Android 15,v4.3
DEV03553,Android,Android 13,v5.1
DEV03554,Android,Android 13,v4.3
DEV03555,Android,macOS,v4.1
DEV03556,Web,Android 14,v4.1
DEV03557,Web,Windows 11,v4.2
DEV03558,iOS,iOS 18,v5.1
DEV03559,Android,iOS 17,v5.1
DEV03560,Android,iOS 17,v5.1
DEV03561,Android,iOS 17,v5.1
DEV03562,Android,iOS 18,v5.0
DEV03563,Android,macOS,v4.2
DEV03564,Android,Android 13,v4.2
DEV03565,iOS,Android 13,v5.0
DEV03566,Android,Windows 11,v5.1
DEV03567,iOS,Windows 11,v5.0
DEV03568,iOS,Android 13,v5.1
DEV03569,iOS,Windows 11,v5.0
DEV03570,iOS,Android 14,v4.2
DEV03571,Android,Windows 11,v5.0
DEV03572,Web,Android 13,v4.3
DEV03573,POS,Windows 11,v5.1
DEV03574,Android,Android 13,v5.0
DEV03575,Android,Android 13,v5.1
DEV03576,Web,macOS,v4.1
DEV03577,POS,macOS,v5.1
DEV03578,Android,iOS 17,v5.0
DEV03579,Android,Android 15,v5.1
DEV03580,Web,Android 13,v4.3
DEV03581,Android,Android 15,v4.3
DEV03582,POS,Windows 11,v5.0
DEV03583,Android,macOS,v5.0
DEV03584,Web,Android 13,v5.1
DEV03585,Android,iOS 17,v4.2
DEV03586,Android,iOS 17,v4.3
DEV03587,POS,Windows 11,v4.3
DEV03588,Android,Windows 11,v4.1
DEV03589,Android,Windows 11,v4.1
DEV03590,Web,Android 15,v4.2
DEV03591,Android,macOS,v4.3
DEV03592,Android,macOS,v5.0
DEV03593,Android,iOS 17,v4.3
DEV03594,iOS,macOS,v5.0
DEV03595,Web,Android 14,v5.0
DEV03596,Web,iOS 18,v4.2
DEV03597,iOS,macOS,v4.3
DEV03598,Android,iOS 18,v5.1
DEV03599,Android,Windows 11,v4.3
DEV03600,Web,Android 13,v4.3
DEV03601,Web,iOS 17,v4.1
DEV03602,POS,iOS 18,v4.2
DEV03603,POS,Android 15,v5.1
DEV03604,Android,Android 15,v5.1
DEV03605,iOS,Windows 11,v5.1
DEV03606,iOS,Android 15,v5.0
DEV03607,Android,Android 13,v4.2
DEV03608,Android,iOS 18,v4.1
DEV03609,Web,iOS 18,v5.0
DEV03610,iOS,iOS 18,v5.1
DEV03611,iOS,Android 15,v5.0
DEV03612,iOS,Windows 11,v5.0
DEV03613,Web,Android 15,v5.1
DEV03614,Android,Android 13,v5.1
DEV03615,iOS,Windows 11,v4.1
DEV03616,iOS,Android 14,v4.2
DEV03617,Web,iOS 18,v4.3
DEV03618,iOS,Android 13,v4.3
DEV03619,POS,Android 15,v4.3
DEV03620,Android,Android 14,v4.1
DEV03621,POS,iOS 17,v5.0
DEV03622,Web,Android 14,v5.1
DEV03623,iOS,macOS,v4.2
DEV03624,Android,Android 13,v4.3
DEV03625,Android,Android 14,v4.2
DEV03626,Web,Android 15,v4.2
DEV03627,iOS,Android 14,v5.1
DEV03628,Android,Android 15,v4.1
DEV03629,iOS,Android 14,v5.1
DEV03630,Web,Android 13,v4.1
DEV03631,Android,iOS 17,v5.0
DEV03632,Android,iOS 18,v4.2
DEV03633,Android,Android 14,v4.3
DEV03634,Android,iOS 17,v4.2
DEV03635,Android,Android 14,v5.1
DEV03636,Web,Windows 11,v4.1
DEV03637,Android,iOS 17,v5.0
DEV03638,Android,Android 15,v5.0
DEV03639,iOS,iOS 17,v4.1
DEV03640,POS,iOS 18,v4.1
DEV03641,Android,iOS 17,v4.1
DEV03642,POS,macOS,v5.0
DEV03643,Android,iOS 18,v4.2
DEV03644,Android,iOS 18,v4.2
DEV03645,Web,iOS 17,v5.0
DEV03646,iOS,macOS,v4.3
DEV03647,Web,iOS 18,v5.1
DEV03648,Web,iOS 18,v5.0
DEV03649,Android,Windows 11,v4.3
DEV03650,Web,Android 15,v5.1
DEV03651,iOS,macOS,v4.2
DEV03652,Web,Android 13,v4.1
DEV03653,iOS,Android 15,v5.1
DEV03654,Android,Android 13,v4.1
DEV03655,iOS,Android 13,v4.3
DEV03656,POS,Android 15,v5.0
DEV03657,Android,iOS 18,v5.0
DEV03658,Android,Windows 11,v4.1
DEV03659,Android,macOS,v5.1
DEV03660,Web,Android 15,v5.1
DEV03661,Android,iOS 18,v4.3
DEV03662,Android,Android 15,v5.0
DEV03663,iOS,Android 15,v4.1
DEV03664,Android,Windows 11,v4.2
DEV03665,Android,Android 14,v5.0
DEV03666,Android,iOS 17,v5.0
DEV03667,Android,Android 15,v4.3
DEV03668,Android,iOS 17,v5.0
DEV03669,Android,iOS 18,v4.3
DEV03670,Android,Android 14,v4.3
DEV03671,Web,Windows 11,v4.2
DEV03672,Android,Android 14,v5.1
DEV03673,iOS,Android 13,v5.0
DEV03674,Android,macOS,v4.3
DEV03675,Android,macOS,v4.3
DEV03676,Web,Windows 11,v5.1
DEV03677,Android,macOS,v5.1
DEV03678,Android,Windows 11,v4.3
DEV03679,Web,iOS 17,v5.0
DEV03680,Web,Android 14,v5.0
DEV03681,Web,iOS 18,v5.0
DEV03682,Web,Android 13,v5.1
DEV03683,Android,Android 14,v5.0
DEV03684,POS,iOS 18,v5.0
DEV03685,POS,iOS 17,v5.0
DEV03686,Android,iOS 18,v5.1
DEV03687,Web,iOS 18,v4.1
DEV03688,Android,macOS,v4.1
DEV03689,Web,macOS,v5.0
DEV03690,Android,iOS 18,v4.1
DEV03691,iOS,Android 15,v5.0
DEV03692,Android,Windows 11,v5.1
DEV03693,iOS,Android 14,v5.0
DEV03694,Android,iOS 18,v4.2
DEV03695,iOS,Android 13,v4.3
DEV03696,iOS,Android 15,v5.1
DEV03697,Web,iOS 18,v4.2
DEV03698,Android,iOS 18,v4.2
DEV03699,Web,Windows 11,v4.3
DEV03700,Android,Android 14,v4.2
DEV03701,Web,macOS,v4.3
DEV03702,iOS,macOS,v5.0
DEV03703,Web,Android 15,v5.1
DEV03704,iOS,iOS 18,v5.1
DEV03705,iOS,iOS 18,v5.1
DEV03706,Android,iOS 17,v4.3
DEV03707,POS,Android 13,v4.3
DEV03708,Web,Android 13,v4.2
DEV03709,Android,Android 14,v5.1
DEV03710,Android,macOS,v4.2
DEV03711,Web,Android 15,v5.0
DEV03712,POS,Windows 11,v4.2
DEV03713,Android,Windows 11,v5.1
DEV03714,POS,iOS 18,v4.3
DEV03715,Android,macOS,v4.2
DEV03716,POS,macOS,v4.2
DEV03717,Web,Windows 11,v4.3
DEV03718,Android,Android 15,v4.3
DEV03719,Android,Android 14,v5.1
DEV03720,iOS,macOS,v5.0
DEV03721,iOS,iOS 17,v5.1
DEV03722,POS,Android 14,v4.2
DEV03723,Web,Android 13,v5.1
DEV03724,iOS,macOS,v5.1
DEV03725,POS,iOS 17,v4.3
DEV03726,iOS,iOS 18,v5.0
DEV03727,Web,Android 14,v5.0
DEV03728,Web,Android 15,v5.1
DEV03729,POS,Android 15,v4.3
DEV03730,Android,Android 13,v4.3
DEV03731,iOS,Android 13,v4.2
DEV03732,iOS,Windows 11,v4.1
DEV03733,iOS,Android 13,v4.2
DEV03734,iOS,macOS,v4.2
DEV03735,Web,macOS,v4.2
DEV03736,Android,macOS,v4.1
DEV03737,iOS,macOS,v4.3
DEV03738,Android,Android 13,v4.3
DEV03739,Android,iOS 18,v5.0
DEV03740,iOS,iOS 17,v5.0
DEV03741,Android,Windows 11,v5.1
DEV03742,Android,Android 13,v5.1
DEV03743,iOS,Android 14,v5.1
DEV03744,Android,iOS 18,v5.0
DEV03745,Android,iOS 17,v5.0
DEV03746,Web,iOS 18,v4.2
DEV03747,Web,Android 15,v4.3
DEV03748,Android,iOS 18,v5.0
DEV03749,Android,Windows 11,v4.1
DEV03750,POS,macOS,v4.2
DEV03751,Android,iOS 18,v4.1
DEV03752,iOS,Android 15,v4.1
DEV03753,iOS,Android 15,v4.3
DEV03754,Web,Android 15,v4.1
DEV03755,POS,Windows 11,v4.1
DEV03756,Android,Windows 11,v4.1
DEV03757,iOS,iOS 18,v4.1
DEV03758,iOS,Android 15,v4.2
DEV03759,POS,Android 13,v4.2
DEV03760,Web,Android 14,v4.3
DEV03761,iOS,macOS,v4.3
DEV03762,Web,Android 14,v4.1
DEV03763,Android,macOS,v5.1
DEV03764,Android,Android 15,v4.1
DEV03765,Android,iOS 17,v4.1
DEV03766,Android,macOS,v4.3
DEV03767,iOS,iOS 18,v5.0
DEV03768,Web,Android 14,v4.3
DEV03769,iOS,Windows 11,v4.2
DEV03770,iOS,Windows 11,v4.3
DEV03771,Android,macOS,v5.0
DEV03772,iOS,Android 13,v4.1
DEV03773,iOS,iOS 17,v5.0
DEV03774,iOS,iOS 17,v4.3
DEV03775,Android,Android 13,v5.1
DEV03776,iOS,iOS 18,v4.2
DEV03777,Android,iOS 18,v5.0
DEV03778,iOS,Android 15,v4.3
DEV03779,Android,macOS,v4.1
DEV03780,Android,Android 13,v4.3
DEV03781,Android,Android 13,v4.1
DEV03782,Web,Windows 11,v5.1
DEV03783,Web,macOS,v4.2
DEV03784,POS,Android 13,v5.0
DEV03785,iOS,Android 15,v4.3
DEV03786,Android,Android 14,v4.3
DEV03787,Web,iOS 18,v5.0
DEV03788,iOS,macOS,v4.1
DEV03789,Android,Android 15,v4.2
DEV03790,Web,macOS,v5.1
DEV03791,Android,macOS,v5.0
DEV03792,Android,macOS,v4.2
DEV03793,Web,Android 15,v4.3
DEV03794,Web,Windows 11,v4.2
DEV03795,Web,Android 15,v5.1
DEV03796,Android,Windows 11,v4.2
DEV03797,Web,Windows 11,v4.3
DEV03798,Web,macOS,v5.1
DEV03799,Web,Android 13,v5.1
DEV03800,Web,Android 15,v5.1
DEV03801,iOS,Android 14,v4.3
DEV03802,Android,macOS,v4.1
DEV03803,Web,iOS 17,v4.3
DEV03804,Web,Android 15,v4.1
DEV03805,Android,macOS,v4.1
DEV03806,Web,Windows 11,v4.3
DEV03807,iOS,Android 14,v4.2
DEV03808,iOS,Windows 11,v4.3
DEV03809,Android,Android 13,v5.1
DEV03810,Android,iOS 17,v4.2
DEV03811,Android,iOS 18,v5.0
DEV03812,Web,iOS 18,v5.0
DEV03813,Android,Android 13,v5.0
DEV03814,Android,macOS,v5.1
DEV03815,POS,Android 13,v5.1
DEV03816,Android,iOS 18,v4.1
DEV03817,iOS,Android 13,v5.1
DEV03818,POS,macOS,v4.1
DEV03819,iOS,iOS 18,v5.0
DEV03820,Web,Android 13,v4.3
DEV03821,POS,iOS 18,v4.3
DEV03822,Web,Android 14,v5.1
DEV03823,iOS,Android 13,v5.0
DEV03824,Android,iOS 18,v5.0
DEV03825,iOS,Android 13,v4.1
DEV03826,Web,macOS,v4.1
DEV03827,Web,iOS 18,v5.0
DEV03828,Web,iOS 18,v5.1
DEV03829,iOS,Windows 11,v5.1
DEV03830,iOS,Windows 11,v5.0
DEV03831,Android,macOS,v4.3
DEV03832,Android,iOS 17,v4.3
DEV03833,Web,macOS,v4.1
DEV03834,Android,Android 13,v5.0
DEV03835,Android,Android 14,v4.3
DEV03836,Web,Android 15,v5.1
DEV03837,Android,Android 15,v4.2
DEV03838,POS,Windows 11,v4.2
DEV03839,Android,Android 13,v5.0
DEV03840,POS,Windows 11,v4.1
DEV03841,iOS,iOS 18,v4.2
DEV03842,Android,iOS 18,v5.1
DEV03843,iOS,Android 14,v5.1
DEV03844,Web,Android 13,v5.1
DEV03845,iOS,Android 15,v4.2
DEV03846,Web,Android 14,v4.3
DEV03847,POS,macOS,v5.1
DEV03848,Android,Android 13,v4.1
DEV03849,Web,Android 13,v5.0
DEV03850,Android,Windows 11,v5.0
DEV03851,Android,Windows 11,v5.0
DEV03852,Android,Android 13,v4.3
DEV03853,iOS,iOS 17,v5.0
DEV03854,Android,Android 14,v5.0
DEV03855,Android,Android 13,v4.2
DEV03856,iOS,macOS,v4.3
DEV03857,iOS,Windows 11,v4.3
DEV03858,iOS,macOS,v4.2
DEV03859,iOS,Android 14,v4.1
DEV03860,Android,Android 15,v5.0
DEV03861,POS,Android 13,v4.1
DEV03862,Android,iOS 18,v4.2
DEV03863,Android,Android 13,v4.2
DEV03864,iOS,Android 13,v4.2
DEV03865,Web,Android 14,v4.2
DEV03866,Android,macOS,v5.1
DEV03867,Android,Android 14,v4.2
DEV03868,Web,Windows 11,v4.1
DEV03869,iOS,iOS 17,v4.2
DEV03870,Android,Android 13,v4.1
DEV03871,POS,Windows 11,v4.2
DEV03872,Android,Android 15,v4.2
DEV03873,iOS,Android 14,v5.1
DEV03874,Android,iOS 17,v4.2
DEV03875,Android,macOS,v5.0
DEV03876,Android,iOS 18,v5.1
DEV03877,iOS,iOS 18,v5.1
DEV03878,Android,iOS 17,v5.0
DEV03879,iOS,Windows 11,v5.1
DEV03880,POS,macOS,v4.2
DEV03881,Web,iOS 18,v5.0
DEV03882,Android,Android 13,v4.2
DEV03883,Android,Android 14,v5.1
DEV03884,iOS,Android 15,v4.3
DEV03885,Android,iOS 18,v5.0
DEV03886,POS,Android 13,v4.1
DEV03887,POS,macOS,v5.1
DEV03888,Android,Windows 11,v4.3
DEV03889,Android,Android 14,v5.1
DEV03890,POS,Android 13,v4.2
DEV03891,Web,Android 13,v4.2
DEV03892,iOS,Windows 11,v4.2
DEV03893,Android,Android 14,v4.3
DEV03894,iOS,iOS 18,v4.2
DEV03895,POS,macOS,v5.1
DEV03896,Android,macOS,v5.1
DEV03897,Web,iOS 18,v5.1
DEV03898,Android,Android 13,v5.0
DEV03899,POS,iOS 17,v5.1
DEV03900,iOS,iOS 18,v4.2
DEV03901,Android,Android 13,v5.0
DEV03902,Android,Windows 11,v5.0
DEV03903,iOS,Android 15,v5.0
DEV03904,Android,macOS,v5.0
DEV03905,iOS,Android 15,v4.3
DEV03906,Android,iOS 17,v5.1
DEV03907,Android,Windows 11,v4.3
DEV03908,iOS,Android 13,v4.1
DEV03909,iOS,Android 15,v4.3
DEV03910,iOS,macOS,v5.0
DEV03911,iOS,Windows 11,v5.1
DEV03912,iOS,iOS 18,v5.1
DEV03913,iOS,Android 13,v4.2
DEV03914,Android,iOS 17,v4.3
DEV03915,Android,iOS 17,v5.1
DEV03916,Android,iOS 18,v4.1
DEV03917,Web,Android 15,v4.1
DEV03918,iOS,Windows 11,v4.3
DEV03919,Android,Android 15,v4.2
DEV03920,Web,iOS 17,v4.1
DEV03921,Android,Android 14,v4.2
DEV03922,iOS,Windows 11,v4.3
DEV03923,Android,macOS,v5.1
DEV03924,Web,Windows 11,v4.2
DEV03925,Web,Windows 11,v4.1
DEV03926,Web,iOS 17,v4.2
DEV03927,Web,Windows 11,v5.1
DEV03928,Web,iOS 17,v5.1
DEV03929,Web,Android 13,v4.1
DEV03930,Android,iOS 18,v4.2
DEV03931,Android,Android 13,v4.2
DEV03932,POS,iOS 17,v5.0
DEV03933,POS,Android 13,v4.1
DEV03934,iOS,Android 15,v4.2
DEV03935,Android,iOS 17,v4.3
DEV03936,Web,Android 15,v5.0
DEV03937,Android,Android 15,v4.1
DEV03938,Android,iOS 18,v5.1
DEV03939,iOS,Android 15,v4.1
DEV03940,Android,Android 13,v4.3
DEV03941,Android,Android 13,v4.3
DEV03942,Web,Windows 11,v5.1
DEV03943,Android,Android 14,v5.1
DEV03944,POS,iOS 18,v5.1
DEV03945,POS,Windows 11,v5.0
DEV03946,Web,Windows 11,v4.3
DEV03947,POS,Windows 11,v5.1
DEV03948,iOS,Android 14,v4.3
DEV03949,iOS,Android 15,v5.0
DEV03950,Web,Windows 11,v5.0
DEV03951,iOS,iOS 17,v4.3
DEV03952,Android,Android 13,v5.1
DEV03953,iOS,iOS 17,v4.1
DEV03954,iOS,Android 14,v4.2
DEV03955,Web,Windows 11,v4.3
DEV03956,iOS,macOS,v5.0
DEV03957,Web,macOS,v5.1
DEV03958,iOS,macOS,v4.2
DEV03959,iOS,Android 14,v4.3
DEV03960,Android,Android 13,v4.1
DEV03961,Web,macOS,v4.1
DEV03962,Android,Windows 11,v5.0
DEV03963,POS,Android 14,v5.0
DEV03964,Web,iOS 17,v5.0
DEV03965,iOS,Android 14,v4.3
DEV03966,POS,iOS 17,v4.1
DEV03967,iOS,macOS,v4.1
DEV03968,Android,Windows 11,v5.0
DEV03969,iOS,Android 15,v5.0
DEV03970,Android,Windows 11,v5.1
DEV03971,Android,iOS 18,v4.1
DEV03972,iOS,Android 13,v5.0
DEV03973,Web,Android 14,v5.0
DEV03974,iOS,macOS,v5.0
DEV03975,iOS,Windows 11,v5.1
DEV03976,Android,Android 13,v4.1
DEV03977,iOS,Android 14,v4.1
DEV03978,Android,macOS,v4.1
DEV03979,Android,Android 15,v5.1
DEV03980,Web,macOS,v4.3
DEV03981,Android,macOS,v5.1
DEV03982,Android,iOS 17,v4.2
DEV03983,Android,Android 13,v5.1
DEV03984,iOS,Android 15,v4.2
DEV03985,Web,Android 15,v5.0
DEV03986,POS,iOS 18,v4.2
DEV03987,Web,Android 15,v5.1
DEV03988,Android,iOS 18,v4.3
DEV03989,Android,macOS,v4.1
DEV03990,Android,Android 15,v5.1
DEV03991,iOS,macOS,v4.1
DEV03992,iOS,iOS 17,v4.2
DEV03993,iOS,Android 15,v5.0
DEV03994,Android,Windows 11,v5.0
DEV03995,Android,iOS 17,v5.1
DEV03996,Android,Android 14,v4.2
DEV03997,Web,Android 15,v4.2
DEV03998,Android,macOS,v4.1
DEV03999,iOS,Android 15,v4.2
DEV04000,Android,Android 14,v4.3
DEV04001,iOS,macOS,v5.0
DEV04002,Android,iOS 18,v4.3
DEV04003,Android,iOS 17,v4.3
DEV04004,Android,Android 14,v4.1
DEV04005,Android,Android 14,v4.2
DEV04006,Android,Windows 11,v4.1
DEV04007,Web,macOS,v5.0
DEV04008,Android,Android 13,v4.1
DEV04009,Android,Android 14,v4.3
DEV04010,iOS,iOS 18,v4.1
DEV04011,Web,iOS 18,v4.2
DEV04012,Android,iOS 18,v4.1
DEV04013,iOS,macOS,v4.2
DEV04014,Web,iOS 17,v4.3
DEV04015,Android,iOS 17,v4.2
DEV04016,iOS,macOS,v4.2
DEV04017,Android,Android 15,v4.2
DEV04018,Android,Android 14,v4.2
DEV04019,POS,Windows 11,v5.0
DEV04020,Android,iOS 18,v5.1
DEV04021,Android,Android 14,v5.0
DEV04022,POS,macOS,v4.1
DEV04023,Web,Android 15,v5.0
DEV04024,iOS,macOS,v5.0
DEV04025,Web,Android 15,v4.2
DEV04026,Web,iOS 18,v4.1
DEV04027,Web,Android 14,v4.1
DEV04028,Android,Android 15,v4.3
DEV04029,Android,Android 13,v4.2
DEV04030,Android,iOS 17,v5.0
DEV04031,Android,Android 14,v4.3
DEV04032,Android,iOS 18,v4.3
DEV04033,iOS,Android 15,v5.0
DEV04034,Android,Android 15,v4.1
DEV04035,Android,Android 15,v4.2
DEV04036,iOS,iOS 17,v4.2
DEV04037,iOS,Android 14,v5.0
DEV04038,Web,Android 15,v4.2
DEV04039,Web,Windows 11,v5.1
DEV04040,POS,iOS 17,v4.3
DEV04041,iOS,Android 13,v4.3
DEV04042,Web,Android 14,v5.1
DEV04043,Web,iOS 18,v4.2
DEV04044,Web,Android 14,v4.1
DEV04045,Web,Android 15,v5.1
DEV04046,iOS,macOS,v5.1
DEV04047,Android,iOS 18,v4.3
DEV04048,Web,Windows 11,v4.1
DEV04049,Web,Android 14,v4.1
DEV04050,Web,iOS 18,v4.2
DEV04051,Android,Android 14,v4.1
DEV04052,Android,Windows 11,v4.2
DEV04053,Android,Android 13,v5.0
DEV04054,Web,Android 13,v5.1
DEV04055,Web,Android 13,v5.1
DEV04056,Android,Android 14,v4.2
DEV04057,Web,iOS 18,v4.2
DEV04058,Android,Android 13,v4.2
DEV04059,Android,iOS 17,v5.1
DEV04060,iOS,iOS 17,v4.2
DEV04061,Web,Android 13,v5.1
DEV04062,Web,Android 13,v5.1
DEV04063,Android,Android 15,v4.3
DEV04064,iOS,macOS,v4.3
DEV04065,iOS,iOS 17,v5.0
DEV04066,Android,macOS,v5.0
DEV04067,POS,iOS 17,v4.1
DEV04068,Web,Android 13,v4.2
DEV04069,Android,Windows 11,v5.1
DEV04070,iOS,Android 15,v4.1
DEV04071,Android,iOS 18,v4.3
DEV04072,iOS,Android 15,v5.1
DEV04073,Web,Android 15,v4.1
DEV04074,Android,iOS 17,v4.3
DEV04075,Web,Android 13,v5.0
DEV04076,iOS,Android 13,v4.2
DEV04077,POS,macOS,v4.2
DEV04078,Android,Android 13,v4.1
DEV04079,Web,Android 15,v4.3
DEV04080,Web,macOS,v4.1
DEV04081,Android,macOS,v4.3
DEV04082,Android,Android 15,v4.3
DEV04083,Web,Windows 11,v4.2
DEV04084,iOS,Android 14,v5.0
DEV04085,Android,iOS 18,v5.0
DEV04086,POS,Android 14,v5.1
DEV04087,Android,Windows 11,v4.3
DEV04088,iOS,iOS 18,v4.2
DEV04089,iOS,macOS,v4.3
DEV04090,iOS,Android 14,v5.1
DEV04091,Android,Android 14,v4.2
DEV04092,iOS,Android 14,v4.3
DEV04093,Web,Android 14,v5.0
DEV04094,iOS,Android 15,v5.0
DEV04095,Web,iOS 18,v5.1
DEV04096,Android,Windows 11,v5.0
DEV04097,Web,Android 14,v4.3
DEV04098,iOS,Android 14,v5.1
DEV04099,POS,Windows 11,v4.1
DEV04100,Android,Android 13,v5.1
DEV04101,Android,Android 15,v5.0
DEV04102,Android,iOS 17,v4.2
DEV04103,iOS,Android 13,v5.1
DEV04104,Android,Windows 11,v4.3
DEV04105,Web,iOS 17,v5.1
DEV04106,Web,Android 14,v5.0
DEV04107,Android,iOS 18,v5.1
DEV04108,Android,macOS,v4.3
DEV04109,Web,iOS 17,v4.3
DEV04110,Android,macOS,v5.0
DEV04111,iOS,macOS,v4.3
DEV04112,Android,iOS 17,v5.0
DEV04113,Android,iOS 17,v5.1
DEV04114,Android,macOS,v5.1
DEV04115,iOS,iOS 18,v4.1
DEV04116,iOS,Android 13,v5.0
DEV04117,Web,Android 15,v4.2
DEV04118,Android,iOS 18,v5.0
DEV04119,iOS,Android 13,v5.1
DEV04120,Android,Android 14,v5.1
DEV04121,POS,Android 13,v4.3
DEV04122,iOS,iOS 17,v4.1
DEV04123,Android,Android 13,v4.2
DEV04124,Android,macOS,v4.1
DEV04125,Android,Android 13,v5.0
DEV04126,Android,macOS,v5.0
DEV04127,iOS,Android 14,v5.1
DEV04128,Android,Android 14,v4.3
DEV04129,POS,Android 13,v4.2
DEV04130,Android,iOS 18,v4.3
DEV04131,Web,macOS,v4.2
DEV04132,Android,Android 14,v4.1
DEV04133,Android,iOS 17,v5.1
DEV04134,POS,macOS,v4.3
DEV04135,Web,iOS 18,v5.0
DEV04136,iOS,Windows 11,v5.1
DEV04137,Web,Android 13,v4.2
DEV04138,POS,Windows 11,v5.1
DEV04139,iOS,macOS,v5.0
DEV04140,Android,iOS 17,v5.0
DEV04141,Android,iOS 17,v4.2
DEV04142,iOS,iOS 18,v5.1
DEV04143,iOS,Android 13,v4.3
DEV04144,Web,iOS 17,v5.1
DEV04145,Android,Windows 11,v5.0
DEV04146,POS,macOS,v4.2
DEV04147,iOS,Windows 11,v4.1
DEV04148,iOS,Android 14,v4.1
DEV04149,Android,Android 14,v5.1
DEV04150,POS,iOS 18,v5.0
DEV04151,iOS,macOS,v5.1
DEV04152,iOS,macOS,v4.2
DEV04153,POS,macOS,v4.3
DEV04154,POS,Android 14,v4.1
DEV04155,Android,macOS,v5.1
DEV04156,POS,Android 15,v5.0
DEV04157,Web,Android 13,v4.1
DEV04158,Android,iOS 17,v4.1
DEV04159,Android,iOS 17,v4.3
DEV04160,Android,iOS 18,v5.1
DEV04161,iOS,iOS 18,v4.3
DEV04162,Web,iOS 17,v5.0
DEV04163,Android,Android 14,v5.0
DEV04164,Web,iOS 18,v5.1
DEV04165,Web,Android 15,v4.1
DEV04166,iOS,iOS 18,v4.2
DEV04167,POS,Android 14,v4.3
DEV04168,Web,Android 13,v4.1
DEV04169,Android,Android 15,v5.0
DEV04170,Web,iOS 18,v5.0
DEV04171,POS,Android 13,v4.1
DEV04172,Android,Android 13,v4.1
DEV04173,POS,Windows 11,v5.0
DEV04174,Android,iOS 17,v4.3
DEV04175,iOS,Android 14,v4.3
DEV04176,Web,iOS 17,v4.1
DEV04177,Web,Windows 11,v5.1
DEV04178,Web,Android 14,v5.0
DEV04179,iOS,Windows 11,v4.2
DEV04180,iOS,Android 13,v5.0
DEV04181,Web,iOS 18,v4.3
DEV04182,iOS,Android 14,v4.3
DEV04183,iOS,Android 14,v4.2
DEV04184,Web,Android 13,v4.3
DEV04185,Android,Android 15,v4.2
DEV04186,iOS,Android 13,v4.3
DEV04187,Android,Windows 11,v4.2
DEV04188,Web,Android 13,v5.1
DEV04189,Android,Android 14,v5.0
DEV04190,iOS,Android 13,v4.3
DEV04191,Android,iOS 17,v4.1
DEV04192,Android,Android 13,v4.2
DEV04193,iOS,iOS 18,v4.2
DEV04194,Android,macOS,v4.2
DEV04195,Android,Android 13,v4.3
DEV04196,Android,Android 13,v5.0
DEV04197,POS,macOS,v4.1
DEV04198,Android,iOS 18,v4.2
DEV04199,Web,Android 15,v4.2
DEV04200,Web,Android 15,v4.2
DEV04201,Android,Android 15,v4.2
DEV04202,iOS,iOS 17,v4.1
DEV04203,POS,iOS 18,v4.2
DEV04204,iOS,iOS 17,v4.1
DEV04205,Android,iOS 17,v4.1
DEV04206,iOS,Windows 11,v4.2
DEV04207,iOS,iOS 17,v5.1
DEV04208,Web,iOS 18,v4.1
DEV04209,POS,Android 14,v5.1
DEV04210,Android,Android 14,v4.1
DEV04211,Android,Android 15,v4.3
DEV04212,Android,iOS 17,v4.2
DEV04213,POS,macOS,v4.3
DEV04214,iOS,Android 15,v4.1
DEV04215,Web,iOS 17,v4.3
DEV04216,Android,Android 15,v4.2
DEV04217,Web,Android 13,v4.2
DEV04218,Android,iOS 18,v4.1
DEV04219,POS,iOS 17,v4.1
DEV04220,iOS,Windows 11,v5.1
DEV04221,Web,iOS 17,v5.0
DEV04222,Android,iOS 17,v4.3
DEV04223,Web,iOS 18,v5.1
DEV04224,Android,Android 13,v4.3
DEV04225,Android,Android 14,v4.2
DEV04226,Android,iOS 18,v4.1
DEV04227,iOS,Android 13,v4.3
DEV04228,Android,Android 15,v5.0
DEV04229,Android,iOS 17,v4.2
DEV04230,iOS,macOS,v4.2
DEV04231,Android,iOS 17,v5.1
DEV04232,iOS,Android 14,v5.0
DEV04233,iOS,Android 15,v4.2
DEV04234,Android,Android 13,v5.0
DEV04235,Android,Android 15,v4.1
DEV04236,Web,Android 15,v5.0
DEV04237,Android,Android 14,v5.1
DEV04238,iOS,Android 13,v5.1
DEV04239,Android,Android 14,v4.3
DEV04240,POS,Android 13,v4.1
DEV04241,Android,iOS 18,v4.1
DEV04242,Web,iOS 18,v5.0
DEV04243,iOS,macOS,v5.1
DEV04244,Android,iOS 17,v5.1
DEV04245,Android,Android 14,v5.1
DEV04246,Android,iOS 18,v4.1
DEV04247,Android,macOS,v5.1
DEV04248,Android,Windows 11,v4.3
DEV04249,POS,Android 15,v4.2
DEV04250,Android,Android 15,v5.1
DEV04251,Android,iOS 18,v4.3
DEV04252,Web,Android 14,v4.3
DEV04253,Web,iOS 17,v4.2
DEV04254,Android,macOS,v4.1
DEV04255,Web,Android 15,v5.1
DEV04256,iOS,iOS 17,v4.3
DEV04257,Android,Android 15,v4.3
DEV04258,Android,macOS,v4.2
DEV04259,Android,Android 13,v4.3
DEV04260,Android,iOS 18,v5.1
DEV04261,Android,Android 14,v4.1
DEV04262,Android,Android 15,v4.3
DEV04263,iOS,iOS 18,v4.1
DEV04264,Web,iOS 17,v4.3
DEV04265,iOS,Android 14,v4.3
DEV04266,iOS,Android 14,v5.1
DEV04267,Web,iOS 18,v4.1
DEV04268,Web,iOS 18,v5.0
DEV04269,Web,macOS,v5.1
DEV04270,Android,iOS 18,v4.1
DEV04271,Android,Android 13,v4.1
DEV04272,iOS,Android 13,v4.1
DEV04273,Android,Android 14,v5.0
DEV04274,Android,iOS 18,v5.1
DEV04275,Android,Windows 11,v5.0
DEV04276,POS,Windows 11,v4.3
DEV04277,Android,Android 13,v4.2
DEV04278,Android,Android 14,v5.0
DEV04279,Android,Android 15,v4.3
DEV04280,Web,macOS,v5.0
DEV04281,Android,Windows 11,v4.1
DEV04282,Android,iOS 18,v4.2
DEV04283,POS,Android 13,v4.2
DEV04284,Web,Android 14,v4.3
DEV04285,Web,iOS 18,v5.0
DEV04286,POS,Android 14,v5.0
DEV04287,Android,Android 15,v5.0
DEV04288,Web,Windows 11,v4.3
DEV04289,Android,Android 14,v5.0
DEV04290,Web,macOS,v4.2
DEV04291,Android,macOS,v4.2
DEV04292,Android,Android 14,v5.1
DEV04293,Android,Android 15,v5.0
DEV04294,Android,iOS 17,v5.0
DEV04295,iOS,macOS,v4.2
DEV04296,iOS,iOS 18,v4.2
DEV04297,iOS,Android 15,v4.1
DEV04298,Android,macOS,v4.1
DEV04299,Android,Windows 11,v5.1
DEV04300,iOS,Android 15,v4.2
DEV04301,iOS,Windows 11,v5.1
DEV04302,Android,iOS 18,v5.0
DEV04303,iOS,Windows 11,v5.0
DEV04304,Web,Android 14,v4.2
DEV04305,Android,Android 13,v4.3
DEV04306,Android,iOS 18,v5.1
DEV04307,Android,Android 15,v4.3
DEV04308,POS,Android 14,v5.0
DEV04309,Android,Windows 11,v5.1
DEV04310,Android,iOS 17,v5.0
DEV04311,Web,Android 14,v4.1
DEV04312,Android,Android 13,v4.2
DEV04313,iOS,Android 14,v4.1
DEV04314,Android,macOS,v5.1
DEV04315,POS,Android 13,v4.1
DEV04316,Web,iOS 17,v5.1
DEV04317,iOS,iOS 17,v4.3
DEV04318,Android,Android 14,v4.2
DEV04319,Android,iOS 18,v4.3
DEV04320,iOS,iOS 18,v5.0
DEV04321,Android,iOS 18,v4.2
DEV04322,iOS,Windows 11,v4.1
DEV04323,iOS,Windows 11,v5.1
DEV04324,Web,iOS 17,v4.2
DEV04325,Android,macOS,v5.0
DEV04326,iOS,Android 13,v4.3
DEV04327,Web,Windows 11,v5.0
DEV04328,iOS,Windows 11,v4.1
DEV04329,Web,Android 15,v5.1
DEV04330,Android,Android 14,v5.1
DEV04331,Web,Windows 11,v4.1
DEV04332,POS,Windows 11,v5.1
DEV04333,Android,Android 13,v4.2
DEV04334,Android,Android 15,v4.2
DEV04335,Android,iOS 17,v4.1
DEV04336,iOS,Android 15,v4.1
DEV04337,iOS,macOS,v5.0
DEV04338,Android,iOS 17,v5.1
DEV04339,Web,iOS 17,v4.3
DEV04340,Web,Windows 11,v4.1
DEV04341,POS,Windows 11,v5.0
DEV04342,iOS,Windows 11,v4.1
DEV04343,iOS,Android 13,v4.1
DEV04344,Web,iOS 18,v4.2
DEV04345,Android,macOS,v5.1
DEV04346,iOS,iOS 18,v4.1
DEV04347,iOS,Android 13,v5.1
DEV04348,Android,Android 14,v5.0
DEV04349,Android,iOS 17,v4.1
DEV04350,Android,Android 14,v4.3
DEV04351,Android,macOS,v4.2
DEV04352,iOS,iOS 17,v4.3
DEV04353,Web,Windows 11,v4.2
DEV04354,Android,iOS 17,v4.1
DEV04355,Android,Windows 11,v4.1
DEV04356,iOS,iOS 18,v5.1
DEV04357,Android,macOS,v4.2
DEV04358,Android,iOS 18,v5.0
DEV04359,Android,iOS 17,v4.3
DEV04360,Android,macOS,v5.0
DEV04361,Android,macOS,v4.2
DEV04362,Android,Windows 11,v5.0
DEV04363,Web,iOS 18,v4.2
DEV04364,Android,iOS 18,v5.1
DEV04365,Android,Windows 11,v5.1
DEV04366,POS,Android 15,v5.0
DEV04367,iOS,macOS,v5.0
DEV04368,Android,macOS,v4.2
DEV04369,Android,Android 15,v5.1
DEV04370,iOS,Windows 11,v5.0
DEV04371,iOS,iOS 17,v4.2
DEV04372,Android,macOS,v4.2
DEV04373,Android,iOS 18,v5.0
DEV04374,POS,macOS,v4.3
DEV04375,iOS,macOS,v4.1
DEV04376,iOS,Android 15,v4.2
DEV04377,Android,Android 14,v5.1
DEV04378,Android,iOS 17,v4.1
DEV04379,Android,iOS 17,v4.2
DEV04380,POS,macOS,v4.3
DEV04381,Android,Android 14,v4.1
DEV04382,POS,iOS 17,v5.1
DEV04383,Android,iOS 18,v4.1
DEV04384,Android,macOS,v5.0
DEV04385,Android,Android 15,v4.2
DEV04386,iOS,Android 13,v5.0
DEV04387,iOS,macOS,v4.3
DEV04388,iOS,Android 15,v4.1
DEV04389,iOS,Windows 11,v5.0
DEV04390,Android,Android 14,v4.3
DEV04391,Web,Android 13,v5.0
DEV04392,Android,Windows 11,v5.1
DEV04393,iOS,Windows 11,v5.0
DEV04394,Android,iOS 18,v4.2
DEV04395,iOS,iOS 18,v5.0
DEV04396,Web,macOS,v5.0
DEV04397,Android,macOS,v5.0
DEV04398,POS,Android 15,v5.0
DEV04399,Web,macOS,v5.0
DEV04400,Android,iOS 17,v4.1
DEV04401,Android,Windows 11,v4.1
DEV04402,Web,iOS 17,v5.1
DEV04403,Web,Android 14,v4.1
DEV04404,Android,iOS 17,v4.3
DEV04405,POS,iOS 18,v4.2
DEV04406,POS,Android 13,v5.0
DEV04407,iOS,Windows 11,v5.0
DEV04408,Web,Android 15,v5.0
DEV04409,iOS,macOS,v5.1
DEV04410,iOS,Android 15,v5.1
DEV04411,Android,Android 15,v4.3
DEV04412,Android,iOS 17,v5.0
DEV04413,Web,Android 13,v5.1
DEV04414,Android,iOS 17,v5.0
DEV04415,iOS,iOS 17,v4.1
DEV04416,Web,Windows 11,v5.0
DEV04417,Android,iOS 18,v4.3
DEV04418,Android,Windows 11,v4.3
DEV04419,iOS,macOS,v5.1
DEV04420,Android,iOS 18,v5.0
DEV04421,Web,Windows 11,v4.3
DEV04422,Android,Windows 11,v4.1
DEV04423,iOS,iOS 17,v5.1
DEV04424,Android,Windows 11,v4.1
DEV04425,Android,Android 14,v4.3
DEV04426,Android,macOS,v5.1
DEV04427,Android,macOS,v5.0
DEV04428,iOS,Android 14,v4.2
DEV04429,iOS,Android 14,v5.0
DEV04430,Android,Windows 11,v5.0
DEV04431,Android,iOS 17,v4.1
DEV04432,iOS,macOS,v5.0
DEV04433,Web,Android 13,v4.2
DEV04434,iOS,Android 14,v5.1
DEV04435,Android,iOS 18,v5.1
DEV04436,Web,Android 15,v4.2
DEV04437,POS,Android 15,v4.1
DEV04438,Android,iOS 17,v4.2
DEV04439,iOS,Android 15,v5.1
DEV04440,iOS,macOS,v4.2
DEV04441,POS,iOS 17,v4.1
DEV04442,iOS,Android 15,v5.0
DEV04443,POS,Android 13,v5.0
DEV04444,Android,Android 13,v5.1
DEV04445,Android,Android 13,v4.1
DEV04446,Web,Android 13,v5.0
DEV04447,Web,Android 14,v5.0
DEV04448,Web,macOS,v5.0
DEV04449,Web,iOS 18,v4.3
DEV04450,Web,Android 13,v5.0
DEV04451,iOS,Windows 11,v4.3
DEV04452,iOS,Android 14,v4.2
DEV04453,iOS,iOS 17,v5.1
DEV04454,Android,Android 15,v5.1
DEV04455,iOS,Android 15,v4.3
DEV04456,Android,Android 14,v4.1
DEV04457,Android,Windows 11,v4.3
DEV04458,Android,Windows 11,v5.0
DEV04459,POS,Android 15,v4.1
DEV04460,Android,Windows 11,v5.1
DEV04461,Android,Android 13,v4.2
DEV04462,iOS,macOS,v4.2
DEV04463,Android,Android 15,v4.3
DEV04464,Android,Android 13,v4.3
DEV04465,Android,Android 13,v4.3
DEV04466,Android,Android 15,v4.3
DEV04467,Web,macOS,v5.1
DEV04468,Web,Android 14,v5.0
DEV04469,Android,iOS 17,v5.1
DEV04470,iOS,Android 14,v4.2
DEV04471,iOS,iOS 18,v4.2
DEV04472,Web,iOS 18,v4.2
DEV04473,iOS,Android 13,v5.0
DEV04474,Android,Android 13,v5.0
DEV04475,iOS,Android 14,v4.1
DEV04476,Android,macOS,v5.0
DEV04477,Android,Android 14,v4.2
DEV04478,Android,Android 13,v5.0
DEV04479,Web,Windows 11,v5.0
DEV04480,iOS,iOS 17,v5.0
DEV04481,Android,iOS 17,v4.3
DEV04482,Web,iOS 18,v5.0
DEV04483,Web,Windows 11,v4.3
DEV04484,iOS,iOS 17,v4.2
DEV04485,Android,Android 15,v4.1
DEV04486,iOS,Android 13,v5.1
DEV04487,Android,Android 14,v4.1
DEV04488,Web,Android 13,v5.1
DEV04489,Web,Android 15,v4.2
DEV04490,Android,iOS 17,v4.3
DEV04491,Android,Android 13,v5.0
DEV04492,Android,Android 15,v4.3
DEV04493,iOS,Windows 11,v5.1
DEV04494,Android,iOS 17,v5.0
DEV04495,iOS,macOS,v5.1
DEV04496,Android,iOS 18,v5.1
DEV04497,Android,Windows 11,v5.0
DEV04498,iOS,iOS 18,v4.1
DEV04499,iOS,iOS 18,v4.1
DEV04500,iOS,Windows 11,v5.1
DEV04501,Android,Android 15,v4.2
DEV04502,Android,Android 15,v4.3
DEV04503,Web,Android 14,v4.1
DEV04504,Web,Android 14,v5.0
DEV04505,Web,iOS 18,v5.1
DEV04506,Android,Android 13,v4.3
DEV04507,Android,iOS 17,v4.3
DEV04508,iOS,Android 14,v5.1
DEV04509,Web,iOS 17,v4.3
DEV04510,Web,Windows 11,v4.2
DEV04511,Web,Android 13,v5.1
DEV04512,Android,iOS 18,v4.3
DEV04513,Web,macOS,v4.3
DEV04514,Web,iOS 17,v4.1
DEV04515,Android,Windows 11,v4.3
DEV04516,Android,iOS 18,v4.3
DEV04517,iOS,macOS,v4.1
DEV04518,Android,iOS 17,v5.1
DEV04519,iOS,Android 13,v4.1
DEV04520,Web,Android 14,v5.0
DEV04521,Web,Android 15,v5.0
DEV04522,POS,iOS 18,v4.2
DEV04523,iOS,Android 14,v4.3
DEV04524,Android,iOS 17,v5.0
DEV04525,iOS,Windows 11,v5.1
DEV04526,Android,Windows 11,v5.1
DEV04527,Android,Android 14,v5.0
DEV04528,Web,Android 15,v4.1
DEV04529,Android,iOS 18,v4.2
DEV04530,Android,iOS 18,v4.1
DEV04531,Android,Android 14,v4.2
DEV04532,POS,Android 13,v5.0
DEV04533,Android,iOS 17,v4.1
DEV04534,iOS,Android 14,v5.0
DEV04535,POS,Android 13,v4.2
DEV04536,iOS,iOS 18,v5.1
DEV04537,Android,iOS 17,v4.1
DEV04538,iOS,iOS 18,v5.0
DEV04539,Android,Android 15,v4.2
DEV04540,Android,Windows 11,v5.1
DEV04541,Web,macOS,v4.1
DEV04542,Android,Android 13,v4.2
DEV04543,iOS,Android 15,v4.1
DEV04544,iOS,Android 15,v4.1
DEV04545,Android,Android 15,v4.3
DEV04546,iOS,Android 13,v5.0
DEV04547,Android,iOS 17,v4.3
DEV04548,Android,macOS,v4.1
DEV04549,iOS,iOS 18,v4.2
DEV04550,Android,iOS 17,v5.0
DEV04551,iOS,Windows 11,v4.2
DEV04552,Android,iOS 17,v4.2
DEV04553,iOS,iOS 17,v5.1
DEV04554,Web,iOS 18,v4.1
DEV04555,Android,iOS 18,v4.2
DEV04556,Web,Android 13,v4.1
DEV04557,iOS,Windows 11,v4.3
DEV04558,POS,Android 14,v4.3
DEV04559,Android,iOS 18,v4.2
DEV04560,POS,iOS 18,v4.1
DEV04561,iOS,Windows 11,v5.1
DEV04562,Web,Android 14,v5.0
DEV04563,POS,iOS 18,v4.3
DEV04564,iOS,iOS 17,v4.3
DEV04565,Web,Windows 11,v5.1
DEV04566,iOS,iOS 18,v4.2
DEV04567,iOS,Android 13,v4.3
DEV04568,iOS,iOS 18,v4.3
DEV04569,Android,Android 14,v5.0
DEV04570,iOS,iOS 17,v5.1
DEV04571,POS,Android 14,v5.1
DEV04572,Web,Windows 11,v4.1
DEV04573,Web,iOS 18,v5.1
DEV04574,iOS,iOS 18,v5.0
DEV04575,Android,macOS,v5.1
DEV04576,Android,Android 13,v4.1
DEV04577,Android,iOS 17,v5.0
DEV04578,Android,iOS 18,v4.3
DEV04579,iOS,macOS,v4.2
DEV04580,Web,Android 13,v4.3
DEV04581,Android,Android 13,v4.1
DEV04582,Android,Android 14,v5.0
DEV04583,Android,iOS 17,v4.3
DEV04584,Android,Android 15,v4.1
DEV04585,iOS,Windows 11,v4.3
DEV04586,Android,macOS,v4.2
DEV04587,Android,Android 13,v4.3
DEV04588,POS,Android 15,v4.3
DEV04589,Android,Android 14,v4.3
DEV04590,Web,Android 13,v4.1
DEV04591,iOS,Windows 11,v5.0
DEV04592,Android,iOS 17,v5.1
DEV04593,Web,Android 15,v4.1
DEV04594,iOS,iOS 17,v5.1
DEV04595,Android,Android 15,v5.1
DEV04596,Android,macOS,v4.3
DEV04597,Web,Android 14,v4.2
DEV04598,iOS,Android 13,v5.1
DEV04599,Android,Android 13,v5.1
DEV04600,Android,Android 14,v4.3
DEV04601,Android,Windows 11,v4.2
DEV04602,Web,Windows 11,v4.3
DEV04603,Web,iOS 18,v5.1
DEV04604,iOS,Android 15,v4.1
DEV04605,Android,Windows 11,v5.1
DEV04606,POS,Windows 11,v4.1
DEV04607,iOS,Android 15,v5.0
DEV04608,Web,iOS 18,v4.2
DEV04609,Android,Android 14,v5.0
DEV04610,iOS,iOS 17,v4.3
DEV04611,Web,iOS 17,v5.1
DEV04612,Android,Android 14,v5.0
DEV04613,Web,iOS 17,v4.2
DEV04614,iOS,Android 14,v4.1
DEV04615,Android,Android 15,v4.1
DEV04616,Web,macOS,v4.3
DEV04617,Android,Android 15,v4.3
DEV04618,Web,macOS,v5.1
DEV04619,POS,iOS 18,v5.0
DEV04620,POS,macOS,v5.1
DEV04621,Web,Windows 11,v4.1
DEV04622,iOS,Android 14,v4.1
DEV04623,iOS,Windows 11,v5.0
DEV04624,Web,iOS 17,v5.1
DEV04625,Android,Android 14,v4.3
DEV04626,Android,Android 13,v5.0
DEV04627,iOS,iOS 18,v4.3
DEV04628,Android,Android 13,v5.0
DEV04629,POS,iOS 18,v4.3
DEV04630,iOS,iOS 18,v4.2
DEV04631,Android,iOS 18,v4.1
DEV04632,Android,macOS,v5.0
DEV04633,Web,Android 13,v4.2
DEV04634,POS,iOS 18,v5.0
DEV04635,Android,Android 14,v4.1
DEV04636,Web,Android 14,v4.1
DEV04637,iOS,Android 13,v4.3
DEV04638,iOS,macOS,v4.1
DEV04639,Web,macOS,v4.1
DEV04640,Android,Android 15,v4.1
DEV04641,iOS,Android 15,v5.1
DEV04642,Android,Android 13,v5.1
DEV04643,Android,macOS,v4.1
DEV04644,Android,iOS 18,v5.1
DEV04645,Android,iOS 18,v5.0
DEV04646,iOS,iOS 18,v4.2
DEV04647,Android,Android 13,v4.2
DEV04648,iOS,iOS 18,v5.1
DEV04649,iOS,Android 14,v4.2
DEV04650,POS,iOS 18,v5.1
DEV04651,iOS,Android 13,v4.3
DEV04652,POS,iOS 18,v4.1
DEV04653,Android,Android 14,v4.2
DEV04654,Web,Windows 11,v4.1
DEV04655,Android,Android 13,v4.2
DEV04656,Web,Android 15,v5.0
DEV04657,Android,Android 13,v5.0
DEV04658,iOS,iOS 17,v5.1
DEV04659,Android,Android 15,v4.1
DEV04660,Android,Android 15,v5.1
DEV04661,Web,Android 13,v4.3
DEV04662,POS,iOS 17,v5.1
DEV04663,Android,Android 15,v5.1
DEV04664,POS,Windows 11,v5.1
DEV04665,Android,iOS 18,v4.2
DEV04666,Web,iOS 17,v4.2
DEV04667,POS,iOS 17,v4.3
DEV04668,Android,Windows 11,v4.1
DEV04669,iOS,Windows 11,v5.0
DEV04670,Android,Android 13,v4.1
DEV04671,Android,Android 13,v5.0
DEV04672,Web,Android 13,v4.2
DEV04673,iOS,iOS 17,v5.1
DEV04674,POS,Android 14,v4.3
DEV04675,Android,Android 13,v4.3
DEV04676,iOS,Android 14,v4.3
DEV04677,iOS,Android 15,v4.1
DEV04678,POS,iOS 18,v4.2
DEV04679,Android,Windows 11,v4.2
DEV04680,POS,iOS 18,v5.1
DEV04681,iOS,Android 14,v4.1
DEV04682,iOS,Windows 11,v5.1
DEV04683,Android,iOS 17,v5.0
DEV04684,Web,macOS,v4.2
DEV04685,iOS,iOS 18,v4.3
DEV04686,iOS,Android 14,v5.1
DEV04687,iOS,Android 13,v5.0
DEV04688,Android,Android 14,v4.3
DEV04689,Android,Android 15,v4.3
DEV04690,Web,Windows 11,v5.1
DEV04691,Android,Android 14,v5.1
DEV04692,Web,Android 13,v5.1
DEV04693,iOS,macOS,v4.2
DEV04694,Android,Android 14,v4.1
DEV04695,iOS,Android 13,v5.1
DEV04696,iOS,Windows 11,v4.2
DEV04697,Web,Android 13,v4.1
DEV04698,Web,Android 15,v5.0
DEV04699,Android,Android 15,v4.1
DEV04700,POS,iOS 18,v4.2
DEV04701,Android,macOS,v4.2
DEV04702,Web,Android 13,v4.1
DEV04703,Android,Android 13,v4.1
DEV04704,Android,macOS,v4.2
DEV04705,iOS,macOS,v4.2
DEV04706,Android,Android 13,v5.0
DEV04707,POS,iOS 18,v4.2
DEV04708,Android,iOS 17,v4.2
DEV04709,Android,Android 15,v4.3
DEV04710,Android,Android 15,v4.3
DEV04711,Android,Android 13,v4.3
DEV04712,iOS,iOS 18,v5.1
DEV04713,iOS,Android 13,v5.1
DEV04714,Android,Android 15,v4.2
DEV04715,Android,Windows 11,v4.3
DEV04716,Android,iOS 18,v5.0
DEV04717,Android,Android 14,v5.0
DEV04718,Web,Android 15,v5.0
DEV04719,Web,Android 14,v4.2
DEV04720,Web,iOS 17,v4.3
DEV04721,POS,Android 14,v4.2
DEV04722,Web,iOS 18,v4.2
DEV04723,iOS,Android 14,v5.0
DEV04724,Android,iOS 17,v4.3
DEV04725,POS,Android 15,v5.1
DEV04726,iOS,iOS 17,v4.1
DEV04727,Android,iOS 18,v4.2
DEV04728,iOS,Windows 11,v4.3
DEV04729,POS,Windows 11,v4.1
DEV04730,Web,Android 14,v4.1
DEV04731,Android,Android 14,v5.1
DEV04732,POS,iOS 18,v5.1
DEV04733,POS,Android 13,v4.2
DEV04734,Android,iOS 18,v4.2
DEV04735,Web,macOS,v4.3
DEV04736,Web,macOS,v5.1
DEV04737,Android,iOS 18,v5.1
DEV04738,iOS,iOS 17,v4.3
DEV04739,Android,iOS 17,v5.1
DEV04740,iOS,iOS 18,v5.0
DEV04741,POS,Android 15,v4.1
DEV04742,iOS,Android 14,v5.0
DEV04743,Android,iOS 18,v4.1
DEV04744,POS,Android 13,v4.3
DEV04745,POS,Android 14,v4.3
DEV04746,Android,macOS,v4.1
DEV04747,POS,Android 15,v4.1
DEV04748,Android,iOS 18,v4.1
DEV04749,Android,Windows 11,v4.1
DEV04750,Web,Android 15,v4.2
DEV04751,Web,Windows 11,v5.1
DEV04752,Web,Android 14,v5.1
DEV04753,Android,Android 13,v4.3
DEV04754,Android,Android 14,v4.2
DEV04755,POS,Windows 11,v4.1
DEV04756,Android,Windows 11,v4.2
DEV04757,Android,Android 14,v4.1
DEV04758,Web,Windows 11,v5.1
DEV04759,iOS,iOS 18,v4.1
DEV04760,Android,macOS,v5.1
DEV04761,Android,macOS,v4.1
DEV04762,Web,Android 14,v4.3
DEV04763,POS,iOS 18,v5.1
DEV04764,Android,iOS 18,v4.3
DEV04765,iOS,Windows 11,v4.2
DEV04766,Android,Windows 11,v4.1
DEV04767,Web,macOS,v4.2
DEV04768,Android,macOS,v4.1
DEV04769,Web,Android 15,v5.1
DEV04770,iOS,Windows 11,v4.1
DEV04771,iOS,macOS,v5.0
DEV04772,Web,Android 13,v5.0
DEV04773,iOS,iOS 18,v5.0
DEV04774,Web,iOS 17,v4.3
DEV04775,Android,Windows 11,v5.0
DEV04776,Android,Windows 11,v4.1
DEV04777,iOS,Android 15,v4.2
DEV04778,iOS,iOS 18,v4.3
DEV04779,iOS,macOS,v5.1
DEV04780,Web,iOS 18,v4.3
DEV04781,iOS,Android 15,v4.2
DEV04782,Web,Android 14,v5.0
DEV04783,iOS,iOS 18,v4.2
DEV04784,Android,Android 13,v4.3
DEV04785,Android,iOS 18,v4.3
DEV04786,Web,Android 15,v4.3
DEV04787,Android,iOS 17,v4.2
DEV04788,Android,Android 15,v4.1
DEV04789,Android,Android 15,v4.1
DEV04790,Android,Android 13,v5.0
DEV04791,iOS,Android 14,v5.1
DEV04792,Android,macOS,v4.2
DEV04793,iOS,Android 13,v4.1
DEV04794,Android,macOS,v5.0
DEV04795,Web,Android 13,v5.1
DEV04796,Web,iOS 18,v5.0
DEV04797,Web,iOS 17,v5.0
DEV04798,iOS,Android 15,v5.1
DEV04799,Android,Android 13,v4.3
DEV04800,Web,macOS,v4.1
DEV04801,Android,Android 13,v4.1
DEV04802,Android,Windows 11,v5.1
DEV04803,POS,Android 14,v4.1
DEV04804,POS,Android 14,v4.2
DEV04805,Web,Windows 11,v4.2
DEV04806,POS,iOS 17,v4.2
DEV04807,Web,Android 15,v5.1
DEV04808,Web,Android 13,v5.0
DEV04809,Android,iOS 18,v5.0
DEV04810,POS,Windows 11,v4.3
DEV04811,Web,Android 14,v4.3
DEV04812,Android,Android 13,v4.2
DEV04813,iOS,iOS 18,v4.2
DEV04814,Android,Android 13,v5.1
DEV04815,POS,iOS 17,v4.2
DEV04816,iOS,Windows 11,v4.2
DEV04817,Android,iOS 17,v4.2
DEV04818,Android,iOS 18,v4.1
DEV04819,POS,Android 14,v5.0
DEV04820,iOS,Windows 11,v4.1
DEV04821,Android,iOS 17,v4.2
DEV04822,iOS,Android 14,v4.2
DEV04823,Android,iOS 18,v4.1
DEV04824,Android,Windows 11,v4.1
DEV04825,iOS,macOS,v5.1
DEV04826,iOS,iOS 18,v5.1
DEV04827,Android,Android 13,v4.2
DEV04828,iOS,iOS 18,v4.1
DEV04829,Android,Android 13,v5.1
DEV04830,POS,Android 14,v4.3
DEV04831,Android,macOS,v4.1
DEV04832,Android,Windows 11,v5.0
DEV04833,Android,macOS,v4.3
DEV04834,Android,Android 13,v4.3
DEV04835,Android,Windows 11,v4.1
DEV04836,Android,Android 14,v4.2
DEV04837,Web,iOS 17,v5.0
DEV04838,Android,Android 14,v5.1
DEV04839,iOS,macOS,v5.1
DEV04840,POS,Android 15,v4.2
DEV04841,Android,Android 13,v5.0
DEV04842,Web,iOS 17,v5.0
DEV04843,Android,Android 14,v4.3
DEV04844,Android,iOS 18,v4.3
DEV04845,iOS,macOS,v5.0
DEV04846,Android,Android 13,v4.1
DEV04847,POS,Android 14,v4.1
DEV04848,Android,iOS 17,v4.1
DEV04849,iOS,Windows 11,v5.0
DEV04850,iOS,macOS,v5.1
DEV04851,Android,macOS,v4.1
DEV04852,Web,iOS 18,v5.1
DEV04853,iOS,Windows 11,v4.1
DEV04854,Web,Android 13,v5.0
DEV04855,Web,macOS,v4.1
DEV04856,Android,iOS 17,v5.1
DEV04857,iOS,macOS,v4.2
DEV04858,Android,iOS 18,v5.1
DEV04859,Android,Windows 11,v4.2
DEV04860,Android,Android 15,v5.1
DEV04861,POS,iOS 18,v4.1
DEV04862,iOS,Windows 11,v4.1
DEV04863,Android,Android 13,v5.1
DEV04864,Android,Android 15,v4.1
DEV04865,Android,Android 14,v4.1
DEV04866,Android,Android 15,v5.0
DEV04867,Android,Android 15,v4.3
DEV04868,Android,Android 15,v4.3
DEV04869,Android,macOS,v5.1
DEV04870,iOS,macOS,v4.3
DEV04871,POS,iOS 18,v4.2
DEV04872,Android,Android 15,v5.1
DEV04873,Web,Android 15,v5.1
DEV04874,Android,macOS,v4.2
DEV04875,Web,Android 14,v4.3
DEV04876,Android,Android 15,v4.2
DEV04877,Web,Windows 11,v4.1
DEV04878,Web,iOS 18,v5.1
DEV04879,Web,iOS 17,v5.0
DEV04880,Web,macOS,v4.2
DEV04881,iOS,iOS 17,v5.1
DEV04882,Android,iOS 18,v5.1
DEV04883,iOS,iOS 18,v4.2
DEV04884,iOS,Android 15,v5.0
DEV04885,Android,iOS 18,v5.1
DEV04886,iOS,Android 15,v4.1
DEV04887,iOS,Android 13,v4.1
DEV04888,Android,Android 14,v4.1
DEV04889,iOS,Android 14,v5.0
DEV04890,iOS,Android 14,v4.3
DEV04891,Android,macOS,v4.1
DEV04892,iOS,Android 13,v4.2
DEV04893,POS,Android 14,v4.3
DEV04894,Web,Android 15,v4.2
DEV04895,Android,Windows 11,v5.0
DEV04896,Android,iOS 17,v4.1
DEV04897,Android,Android 14,v5.1
DEV04898,Android,macOS,v4.1
DEV04899,Android,Android 14,v5.0
DEV04900,POS,Android 15,v4.1
DEV04901,POS,Windows 11,v4.1
DEV04902,Web,Android 15,v4.1
DEV04903,Android,Android 14,v5.0
DEV04904,Android,iOS 18,v4.1
DEV04905,iOS,Android 13,v5.1
DEV04906,iOS,macOS,v5.1
DEV04907,Android,iOS 17,v4.3
DEV04908,Web,iOS 17,v4.3
DEV04909,Web,macOS,v4.3
DEV04910,Web,Android 13,v4.3
DEV04911,iOS,macOS,v5.1
DEV04912,Web,Android 14,v4.3
DEV04913,Android,Android 14,v4.2
DEV04914,Web,Android 14,v5.0
DEV04915,Android,Android 14,v5.0
DEV04916,Android,Android 14,v5.1
DEV04917,Android,Windows 11,v5.0
DEV04918,Android,iOS 17,v5.0
DEV04919,POS,Android 14,v4.1
DEV04920,Android,Android 15,v4.3
DEV04921,POS,iOS 18,v4.3
DEV04922,Android,Android 14,v4.1
DEV04923,Android,Windows 11,v5.1
DEV04924,iOS,Android 15,v4.2
DEV04925,Android,iOS 17,v5.1
DEV04926,iOS,Android 15,v4.2
DEV04927,Android,Android 13,v4.2
DEV04928,Web,Android 13,v4.1
DEV04929,iOS,Android 15,v5.1
DEV04930,iOS,Android 14,v4.3
DEV04931,Android,Android 14,v5.1
DEV04932,Web,Windows 11,v5.1
DEV04933,iOS,Android 14,v4.2
DEV04934,Android,Windows 11,v4.2
DEV04935,Android,Android 15,v4.3
DEV04936,iOS,Android 13,v4.3
DEV04937,POS,Android 13,v4.2
DEV04938,Android,iOS 17,v5.1
DEV04939,Web,macOS,v4.2
DEV04940,iOS,Windows 11,v5.0
DEV04941,iOS,macOS,v5.0
DEV04942,POS,Android 13,v4.2
DEV04943,iOS,Android 13,v4.3
DEV04944,Web,iOS 18,v4.2
DEV04945,iOS,Android 13,v5.1
DEV04946,Android,Android 15,v5.0
DEV04947,Web,Windows 11,v4.1
DEV04948,POS,Android 14,v4.3
DEV04949,Web,Android 15,v4.1
DEV04950,Android,Windows 11,v4.3
DEV04951,Android,Android 14,v4.1
DEV04952,iOS,Android 14,v4.1
DEV04953,iOS,iOS 17,v4.2
DEV04954,Android,Windows 11,v4.3
DEV04955,Android,Android 13,v5.0
DEV04956,Web,iOS 17,v4.1
DEV04957,Web,Android 14,v4.2
DEV04958,Web,macOS,v5.1
DEV04959,POS,iOS 18,v4.3
DEV04960,Android,iOS 18,v4.3
DEV04961,Web,macOS,v5.0
DEV04962,iOS,Windows 11,v4.1
DEV04963,POS,iOS 17,v4.2
DEV04964,Android,iOS 17,v4.1
DEV04965,Android,Android 13,v4.2
DEV04966,Web,iOS 17,v5.0
DEV04967,POS,macOS,v4.1
DEV04968,Web,iOS 17,v5.1
DEV04969,Web,Android 15,v5.0
DEV04970,Android,iOS 17,v5.0
DEV04971,Web,Windows 11,v4.3
DEV04972,Web,iOS 17,v4.2
DEV04973,Web,Windows 11,v4.1
DEV04974,iOS,macOS,v4.2
DEV04975,Android,Windows 11,v5.0
DEV04976,iOS,Android 15,v4.1
DEV04977,iOS,Android 14,v5.1
DEV04978,POS,Windows 11,v4.2
DEV04979,iOS,macOS,v4.2
DEV04980,iOS,macOS,v5.1
DEV04981,POS,Android 14,v5.0
DEV04982,Android,Android 15,v4.2
DEV04983,Android,Android 13,v4.3
DEV04984,iOS,iOS 17,v4.3
DEV04985,Android,Windows 11,v4.1
DEV04986,Android,Android 13,v5.1
DEV04987,Web,iOS 18,v5.0
DEV04988,iOS,Android 13,v4.3
DEV04989,Android,macOS,v4.1
DEV04990,Android,iOS 17,v4.1
DEV04991,Android,Android 14,v4.2
DEV04992,iOS,iOS 17,v5.0
DEV04993,Android,Windows 11,v4.3
DEV04994,Web,iOS 17,v5.1
DEV04995,iOS,iOS 17,v4.2
DEV04996,Android,Android 13,v4.3
DEV04997,Android,macOS,v4.1
DEV04998,iOS,Android 14,v5.1
DEV04999,Android,Android 14,v4.1
DEV05000,iOS,Windows 11,v4.2
DEV05001,POS,Android 13,v5.1
DEV05002,Android,Android 13,v5.1
DEV05003,Android,Android 13,v4.2
DEV05004,Web,iOS 18,v4.1
DEV05005,Android,iOS 18,v5.1
DEV05006,Android,iOS 17,v5.0
DEV05007,Android,Windows 11,v5.0
DEV05008,POS,iOS 18,v4.1
DEV05009,POS,macOS,v5.1
DEV05010,Android,Android 13,v4.1
DEV05011,iOS,Android 13,v5.0
DEV05012,Android,Android 13,v5.1
DEV05013,iOS,Android 14,v5.1
DEV05014,Android,Windows 11,v4.1
DEV05015,Android,macOS,v5.1
DEV05016,Web,Android 14,v4.1
DEV05017,Android,iOS 18,v4.3
DEV05018,Android,macOS,v4.3
DEV05019,Web,Android 15,v5.0
DEV05020,Web,Android 15,v5.0
DEV05021,Web,Android 13,v4.2
DEV05022,POS,Android 14,v4.3
DEV05023,iOS,Windows 11,v4.3
DEV05024,Android,iOS 17,v4.2
DEV05025,Android,iOS 18,v4.1
DEV05026,Android,Android 14,v4.3
DEV05027,Android,Android 13,v4.3
DEV05028,iOS,Android 13,v5.0
DEV05029,Android,Android 15,v4.2
DEV05030,iOS,Windows 11,v4.2
DEV05031,Android,macOS,v5.0
DEV05032,Android,Windows 11,v4.3
DEV05033,iOS,Android 13,v5.1
DEV05034,Android,macOS,v4.2
DEV05035,Android,Android 13,v4.3
DEV05036,POS,iOS 17,v4.1
DEV05037,Web,iOS 18,v4.2
DEV05038,iOS,iOS 17,v5.0
DEV05039,iOS,macOS,v4.2
DEV05040,iOS,Android 15,v5.0
DEV05041,Android,Android 14,v4.1
DEV05042,Android,Windows 11,v4.3
DEV05043,iOS,Android 15,v5.0
DEV05044,Android,Windows 11,v5.0
DEV05045,Android,Android 13,v4.1
DEV05046,Android,iOS 18,v5.1
DEV05047,Android,Android 13,v4.2
DEV05048,POS,iOS 18,v5.1
DEV05049,Android,iOS 18,v4.2
DEV05050,Android,iOS 18,v4.1
DEV05051,iOS,Android 14,v4.1
DEV05052,iOS,Android 15,v5.1
DEV05053,iOS,macOS,v4.1
DEV05054,iOS,Windows 11,v4.3
DEV05055,iOS,Windows 11,v5.1
DEV05056,Web,Android 14,v5.0
DEV05057,Android,macOS,v5.0
DEV05058,Android,Android 14,v4.1
DEV05059,POS,Android 14,v4.1
DEV05060,Android,iOS 17,v4.2
DEV05061,Android,iOS 17,v5.1
DEV05062,Android,iOS 17,v5.1
DEV05063,Android,macOS,v4.3
DEV05064,Android,Android 14,v5.0
DEV05065,Android,Android 13,v5.0
DEV05066,Android,macOS,v4.3
DEV05067,Android,iOS 17,v4.2
DEV05068,Android,iOS 17,v4.3
DEV05069,Web,macOS,v4.2
DEV05070,Web,macOS,v4.2
DEV05071,Android,Android 14,v4.2
DEV05072,POS,Android 15,v4.1
DEV05073,iOS,Android 13,v4.1
DEV05074,Web,iOS 18,v4.2
DEV05075,Android,macOS,v4.3
DEV05076,Web,iOS 18,v4.3
DEV05077,POS,Windows 11,v4.3
DEV05078,Android,macOS,v4.1
DEV05079,Web,Android 13,v4.2
DEV05080,Web,Android 14,v5.0
DEV05081,Android,macOS,v4.3
DEV05082,iOS,Android 15,v4.1
DEV05083,Android,Android 15,v5.1
DEV05084,Android,iOS 18,v4.2
DEV05085,Android,Android 15,v4.3
DEV05086,iOS,iOS 18,v4.1
DEV05087,iOS,Windows 11,v5.1
DEV05088,POS,iOS 17,v4.2
DEV05089,iOS,Windows 11,v5.0
DEV05090,Android,Android 14,v4.2
DEV05091,Android,Android 15,v4.2
DEV05092,Web,Android 14,v4.3
DEV05093,iOS,iOS 17,v4.2
DEV05094,Web,Android 13,v5.1
DEV05095,Android,Android 13,v5.1
DEV05096,iOS,Android 13,v4.2
DEV05097,Android,iOS 18,v4.2
DEV05098,Android,iOS 18,v5.1
DEV05099,Web,Android 13,v5.1
DEV05100,iOS,iOS 17,v4.3
DEV05101,Android,Windows 11,v5.0
DEV05102,Web,macOS,v5.1
DEV05103,iOS,iOS 18,v5.0
DEV05104,Android,Windows 11,v5.0
DEV05105,POS,Windows 11,v5.1
DEV05106,Android,Android 13,v4.3
DEV05107,Web,Android 14,v4.2
DEV05108,Web,Android 13,v4.1
DEV05109,Android,macOS,v4.2
DEV05110,iOS,Android 13,v4.1
DEV05111,Android,macOS,v5.1
DEV05112,Android,Android 14,v4.2
DEV05113,Web,Windows 11,v4.2
DEV05114,Android,iOS 18,v4.1
DEV05115,Android,Windows 11,v4.3
DEV05116,iOS,Android 14,v5.1
DEV05117,iOS,macOS,v5.1
DEV05118,iOS,iOS 18,v5.1
DEV05119,Web,iOS 17,v4.2
DEV05120,Web,iOS 18,v5.0
DEV05121,Web,macOS,v4.1
DEV05122,Android,macOS,v4.2
DEV05123,iOS,Android 15,v4.3
DEV05124,Android,iOS 18,v4.3
DEV05125,POS,Android 15,v4.2
DEV05126,iOS,iOS 18,v4.1
DEV05127,POS,macOS,v5.1
DEV05128,Web,Android 14,v5.1
DEV05129,Web,iOS 18,v5.0
DEV05130,iOS,Android 13,v4.2
DEV05131,iOS,iOS 18,v5.0
DEV05132,iOS,Android 14,v4.3
DEV05133,Android,Android 14,v5.1
DEV05134,POS,iOS 18,v5.1
DEV05135,Web,macOS,v5.0
DEV05136,Web,iOS 18,v4.2
DEV05137,iOS,iOS 18,v5.0
DEV05138,Android,Windows 11,v4.3
DEV05139,Web,Windows 11,v4.2
DEV05140,Android,iOS 17,v4.3
DEV05141,Web,macOS,v4.2
DEV05142,Web,Android 15,v5.0
DEV05143,Android,iOS 18,v4.1
DEV05144,iOS,iOS 18,v5.0
DEV05145,Web,Android 15,v4.2
DEV05146,iOS,Android 13,v4.3
DEV05147,iOS,iOS 17,v5.0
DEV05148,Android,iOS 17,v4.2
DEV05149,Android,Android 13,v4.3
DEV05150,Web,Android 15,v4.3
DEV05151,Android,macOS,v4.3
DEV05152,Web,Android 15,v4.2
DEV05153,iOS,Android 14,v4.3
DEV05154,POS,Android 15,v4.3
DEV05155,POS,Windows 11,v5.0
DEV05156,iOS,macOS,v4.3
DEV05157,Android,iOS 17,v4.1
DEV05158,iOS,macOS,v4.2
DEV05159,Android,Windows 11,v4.3
DEV05160,Android,Android 14,v4.3
DEV05161,iOS,iOS 18,v5.1
DEV05162,Web,iOS 18,v5.0
DEV05163,Android,iOS 18,v4.3
DEV05164,Android,Android 14,v5.0
DEV05165,iOS,iOS 17,v5.0
DEV05166,POS,Android 15,v4.1
DEV05167,Android,Android 14,v4.2
DEV05168,Android,macOS,v4.1
DEV05169,POS,iOS 17,v4.2
DEV05170,Android,macOS,v5.1
DEV05171,iOS,Android 15,v4.1
DEV05172,iOS,Android 13,v5.0
DEV05173,Android,iOS 17,v4.3
DEV05174,iOS,Windows 11,v5.1
DEV05175,Web,Windows 11,v4.2
DEV05176,Android,Android 13,v4.1
DEV05177,Android,macOS,v5.1
DEV05178,iOS,iOS 18,v4.1
DEV05179,Android,macOS,v5.0
DEV05180,iOS,iOS 18,v4.1
DEV05181,POS,iOS 17,v4.2
DEV05182,POS,Windows 11,v4.2
DEV05183,Android,Android 13,v4.3
DEV05184,Android,Android 14,v4.3
DEV05185,Android,Android 15,v4.2
DEV05186,POS,iOS 18,v4.2
DEV05187,Android,iOS 18,v4.2
DEV05188,iOS,iOS 18,v5.1
DEV05189,Web,iOS 18,v4.1
DEV05190,iOS,Windows 11,v5.1
DEV05191,Android,iOS 17,v5.0
DEV05192,iOS,Windows 11,v4.3
DEV05193,iOS,iOS 17,v4.1
DEV05194,Web,Android 13,v4.3
DEV05195,iOS,Android 14,v5.0
DEV05196,Android,Android 13,v4.2
DEV05197,Android,Windows 11,v4.3
DEV05198,Web,Windows 11,v4.2
DEV05199,Web,Android 14,v4.3
DEV05200,Android,iOS 17,v5.0
DEV05201,Android,iOS 18,v4.3
DEV05202,iOS,Android 13,v5.0
DEV05203,iOS,Android 14,v4.1
DEV05204,Android,Android 15,v5.1
DEV05205,iOS,Android 14,v5.0
DEV05206,POS,Android 13,v4.3
DEV05207,iOS,macOS,v4.1
DEV05208,iOS,iOS 17,v5.0
DEV05209,Web,iOS 18,v4.3
DEV05210,Android,Android 15,v5.0
DEV05211,Android,macOS,v5.0
DEV05212,iOS,Android 13,v4.2
DEV05213,iOS,iOS 17,v4.3
DEV05214,POS,Android 14,v5.1
DEV05215,Android,iOS 17,v5.0
DEV05216,Android,iOS 17,v4.1
DEV05217,POS,iOS 18,v4.3
DEV05218,Android,Android 13,v5.1
DEV05219,Android,Windows 11,v4.3
DEV05220,iOS,iOS 17,v5.1
DEV05221,POS,Android 14,v5.1
DEV05222,iOS,macOS,v5.0
DEV05223,iOS,macOS,v4.2
DEV05224,iOS,Android 14,v4.3
DEV05225,POS,iOS 18,v4.1
DEV05226,Web,iOS 17,v4.1
DEV05227,Android,Android 14,v4.2
DEV05228,Web,Windows 11,v4.1
DEV05229,Web,Android 14,v4.3
DEV05230,Web,iOS 18,v4.1
DEV05231,iOS,iOS 17,v4.3
DEV05232,iOS,iOS 18,v5.1
DEV05233,iOS,macOS,v5.0
DEV05234,Web,iOS 17,v4.2
DEV05235,Android,Android 14,v4.2
DEV05236,Android,Windows 11,v4.1
DEV05237,Android,Android 13,v4.3
DEV05238,Web,Android 14,v5.0
DEV05239,Web,Android 13,v4.1
DEV05240,iOS,iOS 17,v5.0
DEV05241,Web,iOS 17,v4.3
DEV05242,Web,Android 15,v4.1
DEV05243,POS,iOS 17,v4.1
DEV05244,Android,macOS,v5.0
DEV05245,iOS,iOS 17,v4.1
DEV05246,Web,Android 15,v5.0
DEV05247,Android,Android 13,v4.3
DEV05248,Android,iOS 17,v5.0
DEV05249,Android,iOS 18,v4.3
DEV05250,Web,iOS 17,v4.3
DEV05251,iOS,iOS 17,v5.1
DEV05252,iOS,Android 14,v5.0
DEV05253,iOS,iOS 17,v4.2
DEV05254,Android,macOS,v5.1
DEV05255,POS,iOS 17,v5.1
DEV05256,Android,iOS 18,v5.0
DEV05257,iOS,Android 15,v5.1
DEV05258,Android,Android 15,v5.1
DEV05259,iOS,Android 15,v4.1
DEV05260,POS,Android 14,v4.3
DEV05261,POS,iOS 17,v4.2
DEV05262,Android,Android 13,v5.0
DEV05263,Android,Android 13,v4.1
DEV05264,Android,iOS 18,v4.2
DEV05265,Android,Android 14,v4.2
DEV05266,iOS,Windows 11,v4.1
DEV05267,iOS,Android 14,v5.0
DEV05268,Web,iOS 17,v4.3
DEV05269,Web,Windows 11,v4.1
DEV05270,Android,Android 13,v5.1
DEV05271,Web,Android 14,v4.2
DEV05272,Web,iOS 18,v5.1
DEV05273,iOS,macOS,v5.0
DEV05274,POS,Android 13,v4.3
DEV05275,Web,macOS,v4.3
DEV05276,iOS,Android 14,v4.3
DEV05277,POS,iOS 17,v5.1
DEV05278,iOS,iOS 17,v5.0
DEV05279,iOS,macOS,v5.1
DEV05280,Android,Windows 11,v4.2
DEV05281,Web,iOS 17,v4.3
DEV05282,Android,iOS 17,v5.0
DEV05283,iOS,Android 13,v5.1
DEV05284,iOS,Android 13,v5.1
DEV05285,iOS,Android 14,v5.1
DEV05286,iOS,iOS 18,v5.1
DEV05287,iOS,macOS,v5.1
DEV05288,Android,Android 15,v4.2
DEV05289,Web,Android 15,v4.3
DEV05290,iOS,iOS 17,v5.1
DEV05291,Web,Android 14,v4.2
DEV05292,Android,Android 15,v5.0
DEV05293,iOS,Android 15,v5.0
DEV05294,Web,Android 15,v4.2
DEV05295,Android,Android 15,v4.2
DEV05296,Web,macOS,v4.2
DEV05297,Android,macOS,v5.0
DEV05298,iOS,Windows 11,v5.1
DEV05299,iOS,Android 15,v4.3
DEV05300,iOS,Windows 11,v5.1
DEV05301,iOS,Windows 11,v4.1
DEV05302,Android,Android 14,v4.2
DEV05303,Web,Android 15,v5.1
DEV05304,Android,Android 15,v4.3
DEV05305,iOS,Windows 11,v5.1
DEV05306,Android,Android 14,v4.1
DEV05307,iOS,macOS,v4.1
DEV05308,iOS,Android 13,v5.1
DEV05309,Web,Android 13,v4.3
DEV05310,iOS,Android 13,v5.1
DEV05311,Android,Android 15,v4.2
DEV05312,iOS,Android 14,v4.3
DEV05313,Web,Android 13,v5.0
DEV05314,Android,iOS 17,v4.3
DEV05315,Android,iOS 17,v5.1
DEV05316,iOS,Android 14,v5.1
DEV05317,Android,Android 15,v5.0
DEV05318,Android,Windows 11,v4.1
DEV05319,Android,Android 13,v5.1
DEV05320,Android,Android 15,v4.1
DEV05321,Android,Windows 11,v4.1
DEV05322,iOS,macOS,v4.2
DEV05323,Android,Android 13,v4.1
DEV05324,Android,iOS 18,v4.3
DEV05325,Android,iOS 18,v4.1
DEV05326,iOS,Android 15,v4.2
DEV05327,Web,iOS 17,v5.1
DEV05328,iOS,Android 15,v5.1
DEV05329,iOS,Android 13,v5.0
DEV05330,iOS,Android 15,v4.1
DEV05331,Android,Android 15,v4.3
DEV05332,Android,Android 13,v5.0
DEV05333,Android,iOS 17,v5.0
DEV05334,Android,iOS 18,v4.2
DEV05335,Android,Windows 11,v5.1
DEV05336,iOS,Android 13,v4.1
DEV05337,Android,Android 15,v4.1
DEV05338,POS,Android 14,v5.1
DEV05339,Web,Android 15,v4.2
DEV05340,POS,Windows 11,v4.2
DEV05341,Android,Android 15,v4.2
DEV05342,Web,Android 14,v4.3
DEV05343,Web,Windows 11,v4.1
DEV05344,POS,Android 15,v4.2
DEV05345,iOS,Android 14,v4.2
DEV05346,Web,macOS,v5.1
DEV05347,Android,Android 15,v5.0
DEV05348,Android,iOS 17,v5.0
DEV05349,Android,Windows 11,v5.0
DEV05350,POS,iOS 18,v4.1
DEV05351,Android,iOS 17,v4.3
DEV05352,Android,Android 13,v4.1
DEV05353,POS,Android 13,v5.1
DEV05354,Android,Android 15,v4.2
DEV05355,Web,macOS,v4.1
DEV05356,Web,Android 13,v5.0
DEV05357,Android,macOS,v4.3
DEV05358,Android,Android 13,v5.1
DEV05359,iOS,macOS,v4.2
DEV05360,POS,Android 15,v4.3
DEV05361,Web,Android 15,v4.1
DEV05362,Android,iOS 18,v4.1
DEV05363,Android,Android 14,v4.3
DEV05364,Android,Android 15,v4.3
DEV05365,Web,macOS,v4.2
DEV05366,Android,iOS 18,v5.0
DEV05367,Android,iOS 17,v4.3
DEV05368,Web,Android 13,v4.2
DEV05369,iOS,macOS,v4.3
DEV05370,Android,macOS,v4.3
DEV05371,Web,Android 14,v5.0
DEV05372,iOS,macOS,v4.2
DEV05373,iOS,macOS,v4.1
DEV05374,iOS,macOS,v4.2
DEV05375,iOS,Windows 11,v4.2
DEV05376,iOS,iOS 17,v4.2
DEV05377,Web,Android 15,v5.0
DEV05378,iOS,iOS 17,v5.0
DEV05379,iOS,Windows 11,v5.1
DEV05380,iOS,iOS 18,v4.1
DEV05381,iOS,Android 15,v5.0
DEV05382,Android,macOS,v5.0
DEV05383,Android,macOS,v4.2
DEV05384,Web,Android 15,v4.2
DEV05385,Android,Android 14,v4.3
DEV05386,Android,iOS 18,v4.3
DEV05387,Web,Android 13,v4.3
DEV05388,Android,iOS 17,v5.0
DEV05389,iOS,Windows 11,v4.3
DEV05390,iOS,Android 14,v4.1
DEV05391,Android,Windows 11,v4.3
DEV05392,Android,Android 14,v5.1
DEV05393,Android,macOS,v5.1
DEV05394,Android,Android 15,v4.2
DEV05395,Android,iOS 17,v5.0
DEV05396,iOS,Android 14,v5.1
DEV05397,iOS,Android 15,v4.1
DEV05398,iOS,Android 15,v4.2
DEV05399,Web,iOS 18,v5.1
DEV05400,iOS,Android 15,v4.3
DEV05401,Android,Android 13,v5.1
DEV05402,Android,macOS,v5.1
DEV05403,Android,iOS 18,v4.2
DEV05404,POS,iOS 18,v5.0
DEV05405,Web,Android 13,v4.3
DEV05406,Android,Android 13,v4.3
DEV05407,iOS,Windows 11,v4.3
DEV05408,POS,macOS,v4.3
DEV05409,Web,Android 14,v5.0
DEV05410,iOS,macOS,v4.3
DEV05411,Android,Windows 11,v5.0
DEV05412,Android,macOS,v4.2
DEV05413,Web,Android 14,v4.1
DEV05414,Web,Windows 11,v5.0
DEV05415,iOS,Android 13,v4.3
DEV05416,Android,Android 14,v4.2
DEV05417,POS,Android 13,v4.2
DEV05418,Web,Android 13,v5.1
DEV05419,Android,Windows 11,v5.1
DEV05420,Android,Android 15,v4.1
DEV05421,iOS,Android 14,v4.1
DEV05422,Android,iOS 18,v5.1
DEV05423,Android,iOS 18,v5.1
DEV05424,Android,Android 14,v4.2
DEV05425,POS,Android 14,v5.0
DEV05426,Web,Android 14,v5.1
DEV05427,Android,Android 14,v4.3
DEV05428,Web,Android 15,v5.0
DEV05429,Web,Android 13,v5.0
DEV05430,Android,Android 14,v4.3
DEV05431,Web,Windows 11,v4.3
DEV05432,iOS,Android 14,v4.3
DEV05433,Web,Android 13,v4.2
DEV05434,iOS,Android 13,v5.1
DEV05435,iOS,Android 13,v5.1
DEV05436,Android,Windows 11,v4.2
DEV05437,Android,iOS 17,v5.0
DEV05438,iOS,iOS 18,v4.2
DEV05439,POS,Windows 11,v5.1
DEV05440,iOS,Android 14,v4.1
DEV05441,Android,Android 15,v4.2
DEV05442,Android,Android 15,v4.1
DEV05443,Web,macOS,v4.1
DEV05444,Android,Android 13,v4.3
DEV05445,Android,Android 15,v4.3
DEV05446,Web,iOS 18,v4.3
DEV05447,POS,Android 14,v4.1
DEV05448,Web,macOS,v5.1
DEV05449,Android,Android 15,v4.3
DEV05450,Android,iOS 18,v4.3
DEV05451,Web,iOS 18,v5.0
DEV05452,POS,iOS 17,v4.1
DEV05453,POS,iOS 17,v4.1
DEV05454,iOS,Android 15,v4.3
DEV05455,Web,iOS 18,v5.0
DEV05456,Android,Android 13,v5.0
DEV05457,Android,iOS 17,v4.2
DEV05458,Android,iOS 18,v4.2
DEV05459,POS,iOS 17,v4.3
DEV05460,Android,Android 14,v4.1
DEV05461,Android,macOS,v5.0
DEV05462,POS,iOS 18,v5.0
DEV05463,Android,iOS 18,v5.0
DEV05464,Android,Windows 11,v4.1
DEV05465,Web,Android 14,v4.2
DEV05466,Web,Windows 11,v4.3
DEV05467,iOS,iOS 17,v4.2
DEV05468,POS,Android 14,v5.0
DEV05469,Android,macOS,v5.0
DEV05470,POS,Android 15,v4.1
DEV05471,Web,Android 13,v4.1
DEV05472,Android,iOS 17,v4.1
DEV05473,Web,macOS,v4.3
DEV05474,Android,iOS 18,v5.1
DEV05475,Android,Android 15,v5.1
DEV05476,POS,iOS 17,v4.3
DEV05477,Android,macOS,v4.3
DEV05478,Android,macOS,v4.3
DEV05479,Android,Android 13,v4.2
DEV05480,Android,iOS 18,v4.3
DEV05481,Web,Android 14,v4.2
DEV05482,POS,Android 13,v4.1
DEV05483,iOS,Windows 11,v5.0
DEV05484,Android,iOS 17,v5.1
DEV05485,iOS,iOS 18,v5.0
DEV05486,Android,iOS 17,v5.1
DEV05487,Android,Android 13,v4.1
DEV05488,Android,macOS,v5.1
DEV05489,iOS,iOS 18,v4.1
DEV05490,iOS,macOS,v5.0
DEV05491,POS,Android 13,v4.2
DEV05492,Web,iOS 17,v5.1
DEV05493,Web,Windows 11,v4.3
DEV05494,Android,iOS 18,v4.2
DEV05495,Web,macOS,v4.2
DEV05496,POS,macOS,v4.1
DEV05497,POS,macOS,v5.0
DEV05498,Android,macOS,v4.3
DEV05499,iOS,iOS 18,v5.0
DEV05500,iOS,macOS,v5.0
DEV05501,Android,macOS,v4.2
DEV05502,POS,iOS 18,v4.3
DEV05503,Android,iOS 17,v5.1
DEV05504,Android,Android 15,v4.3
DEV05505,iOS,Windows 11,v4.1
DEV05506,Android,iOS 17,v4.2
DEV05507,POS,Android 14,v4.3
DEV05508,iOS,Android 15,v4.1
DEV05509,Android,iOS 17,v5.1
DEV05510,iOS,Android 14,v5.0
DEV05511,Android,macOS,v5.0
DEV05512,Web,Android 13,v4.1
DEV05513,Web,Android 14,v4.2
DEV05514,iOS,Windows 11,v5.0
DEV05515,POS,iOS 18,v4.2
DEV05516,iOS,Windows 11,v4.2
DEV05517,Web,Android 15,v5.0
DEV05518,POS,iOS 17,v5.1
DEV05519,iOS,macOS,v4.3
DEV05520,iOS,Windows 11,v5.0
DEV05521,Android,iOS 17,v4.3
DEV05522,Web,iOS 18,v4.2
DEV05523,POS,Android 15,v5.1
DEV05524,iOS,Android 15,v4.2
DEV05525,Android,Windows 11,v5.1
DEV05526,iOS,iOS 18,v4.1
DEV05527,Web,Android 15,v5.1
DEV05528,Android,iOS 18,v5.1
DEV05529,Web,Android 14,v4.2
DEV05530,Web,Windows 11,v5.0
DEV05531,iOS,macOS,v5.0
DEV05532,Android,iOS 18,v4.3
DEV05533,iOS,iOS 17,v4.1
DEV05534,Android,Android 13,v5.1
DEV05535,iOS,Android 14,v4.3
DEV05536,Android,Windows 11,v5.1
DEV05537,iOS,Windows 11,v5.1
DEV05538,Android,Windows 11,v4.1
DEV05539,Web,iOS 17,v4.1
DEV05540,Web,Android 14,v4.3
DEV05541,POS,iOS 17,v5.0
DEV05542,Android,macOS,v5.1
DEV05543,Android,Android 15,v4.2
DEV05544,iOS,iOS 18,v4.3
DEV05545,Android,iOS 17,v5.1
DEV05546,Android,iOS 17,v4.1
DEV05547,iOS,macOS,v4.1
DEV05548,iOS,Android 15,v4.1
DEV05549,Android,macOS,v4.1
DEV05550,iOS,Android 13,v5.0
DEV05551,iOS,macOS,v5.0
DEV05552,Android,Android 13,v5.1
DEV05553,Web,iOS 18,v5.1
DEV05554,Android,Android 15,v4.3
DEV05555,Android,macOS,v4.1
DEV05556,Android,macOS,v4.1
DEV05557,Android,Android 14,v4.2
DEV05558,Web,iOS 17,v4.2
DEV05559,Android,iOS 18,v4.1
DEV05560,Web,Android 13,v4.2
DEV05561,Android,Android 14,v4.2
DEV05562,iOS,Windows 11,v4.1
DEV05563,POS,Android 15,v5.0
DEV05564,Web,Windows 11,v5.0
DEV05565,Android,iOS 17,v5.1
DEV05566,Web,Windows 11,v5.0
DEV05567,iOS,Windows 11,v4.1
DEV05568,Android,iOS 17,v4.2
DEV05569,iOS,Android 13,v4.1
DEV05570,POS,Windows 11,v4.3
DEV05571,Android,macOS,v4.2
DEV05572,Web,Android 13,v4.1
DEV05573,Android,iOS 18,v5.1
DEV05574,Android,Windows 11,v5.1
DEV05575,Web,Windows 11,v4.2
DEV05576,iOS,iOS 17,v5.0
DEV05577,Android,iOS 17,v5.1
DEV05578,iOS,Windows 11,v4.3
DEV05579,Web,Windows 11,v4.2
DEV05580,iOS,macOS,v4.3
DEV05581,Android,iOS 17,v4.2
DEV05582,iOS,iOS 17,v5.0
DEV05583,POS,Android 14,v4.1
DEV05584,iOS,Android 15,v4.2
DEV05585,Web,Android 14,v4.1
DEV05586,Web,Windows 11,v4.2
DEV05587,Android,Android 15,v5.0
DEV05588,iOS,Android 14,v4.3
DEV05589,Android,iOS 18,v4.1
DEV05590,Android,Android 15,v4.3
DEV05591,Android,iOS 17,v4.2
DEV05592,Web,Android 15,v4.2
DEV05593,Android,iOS 17,v5.0
DEV05594,Android,iOS 18,v4.2
DEV05595,Android,macOS,v5.0
DEV05596,Android,Windows 11,v4.2
DEV05597,iOS,macOS,v4.3
DEV05598,Web,Android 15,v4.2
DEV05599,Android,Android 13,v4.1
DEV05600,Android,iOS 17,v5.1
DEV05601,Web,Android 15,v4.1
DEV05602,iOS,Android 14,v4.1
DEV05603,Web,macOS,v5.0
DEV05604,Android,Android 15,v4.2
DEV05605,Web,iOS 17,v4.3
DEV05606,iOS,Android 13,v4.2
DEV05607,iOS,Android 13,v5.1
DEV05608,Android,macOS,v4.2
DEV05609,Android,Android 14,v5.1
DEV05610,Web,iOS 18,v5.1
DEV05611,Android,Android 13,v4.1
DEV05612,Android,Windows 11,v5.1
DEV05613,iOS,iOS 18,v5.1
DEV05614,iOS,iOS 17,v4.3
DEV05615,iOS,Android 15,v5.0
DEV05616,iOS,iOS 18,v4.2
DEV05617,iOS,Windows 11,v4.3
DEV05618,iOS,iOS 17,v5.0
DEV05619,POS,iOS 17,v4.1
DEV05620,iOS,macOS,v4.3
DEV05621,iOS,iOS 17,v4.3
DEV05622,Android,Windows 11,v4.1
DEV05623,Web,Android 14,v5.1
DEV05624,Android,Windows 11,v4.1
DEV05625,iOS,Android 14,v4.2
DEV05626,Android,iOS 18,v4.1
DEV05627,iOS,iOS 17,v4.3
DEV05628,Android,iOS 18,v4.1
DEV05629,Web,Android 13,v4.2
DEV05630,Android,iOS 18,v5.1
DEV05631,Android,Android 15,v5.1
DEV05632,Web,iOS 17,v5.0
DEV05633,Android,iOS 18,v5.0
DEV05634,Android,Android 14,v4.2
DEV05635,iOS,Android 15,v5.0
DEV05636,POS,iOS 18,v5.1
DEV05637,Android,iOS 18,v5.1
DEV05638,Android,macOS,v5.0
DEV05639,iOS,iOS 18,v4.1
DEV05640,Android,Windows 11,v5.1
DEV05641,Android,Windows 11,v5.0
DEV05642,Web,Windows 11,v5.0
DEV05643,Android,Android 14,v4.2
DEV05644,Web,iOS 18,v4.2
DEV05645,iOS,Windows 11,v5.1
DEV05646,POS,Android 13,v4.3
DEV05647,POS,Android 13,v5.0
DEV05648,iOS,Android 13,v4.1
DEV05649,iOS,iOS 18,v4.3
DEV05650,Web,Android 15,v5.0
DEV05651,Android,macOS,v4.3
DEV05652,Android,macOS,v5.0
DEV05653,POS,Android 14,v5.0
DEV05654,iOS,Android 13,v4.3
DEV05655,Android,Android 13,v4.2
DEV05656,Web,Windows 11,v5.0
DEV05657,iOS,Android 15,v5.1
DEV05658,Android,Android 13,v4.3
DEV05659,Android,Android 14,v4.2
DEV05660,Android,Android 15,v4.1
DEV05661,POS,iOS 17,v5.0
DEV05662,POS,Android 14,v5.0
DEV05663,Android,Android 14,v5.1
DEV05664,Web,iOS 18,v4.2
DEV05665,iOS,iOS 17,v5.0
DEV05666,iOS,iOS 17,v4.2
DEV05667,Android,macOS,v5.0
DEV05668,iOS,Android 15,v4.1
DEV05669,Android,Android 13,v5.1
DEV05670,Android,iOS 17,v4.1
DEV05671,Android,Android 15,v4.1
DEV05672,Android,iOS 17,v4.3
DEV05673,POS,Windows 11,v4.1
DEV05674,POS,Android 14,v5.1
DEV05675,Web,Windows 11,v5.1
DEV05676,Android,iOS 17,v5.0
DEV05677,iOS,Android 13,v4.1
DEV05678,iOS,Android 15,v4.2
DEV05679,Android,Android 13,v4.3
DEV05680,Android,iOS 18,v4.3
DEV05681,iOS,Android 13,v4.3
DEV05682,Android,Android 13,v5.1
DEV05683,Web,Android 15,v5.1
DEV05684,Web,Windows 11,v5.0
DEV05685,Android,Android 14,v4.1
DEV05686,iOS,Windows 11,v5.1
DEV05687,Android,iOS 17,v4.3
DEV05688,Android,iOS 17,v5.1
DEV05689,Android,macOS,v4.1
DEV05690,Web,Android 15,v5.1
DEV05691,Android,Android 15,v4.1
DEV05692,iOS,Windows 11,v5.0
DEV05693,Android,macOS,v5.1
DEV05694,Android,Android 14,v4.1
DEV05695,Android,Android 14,v4.1
DEV05696,iOS,iOS 18,v4.2
DEV05697,iOS,iOS 17,v5.0
DEV05698,Web,iOS 17,v5.1
DEV05699,Android,macOS,v4.2
DEV05700,Android,iOS 18,v5.1
DEV05701,Web,Android 15,v4.3
DEV05702,Android,macOS,v4.3
DEV05703,Android,iOS 17,v4.1
DEV05704,Android,Android 13,v4.2
DEV05705,Web,Android 15,v4.1
DEV05706,iOS,macOS,v4.1
DEV05707,Android,Android 15,v4.1
DEV05708,iOS,Android 14,v4.3
DEV05709,Web,Windows 11,v4.1
DEV05710,Android,macOS,v4.1
DEV05711,Android,iOS 18,v4.1
DEV05712,iOS,Windows 11,v4.1
DEV05713,iOS,Windows 11,v4.2
DEV05714,Android,Android 15,v5.1
DEV05715,iOS,Android 14,v4.2
DEV05716,iOS,Android 13,v5.0
DEV05717,Web,Android 13,v4.2
DEV05718,Android,iOS 17,v5.0
DEV05719,Android,iOS 18,v4.3
DEV05720,iOS,iOS 18,v5.1
DEV05721,iOS,Android 14,v4.1
DEV05722,Android,iOS 17,v5.0
DEV05723,Web,Windows 11,v4.3
DEV05724,iOS,iOS 18,v5.1
DEV05725,Web,iOS 17,v5.0
DEV05726,Android,Android 14,v4.3
DEV05727,Web,iOS 17,v4.1
DEV05728,iOS,macOS,v4.3
DEV05729,Android,Android 15,v4.3
DEV05730,Android,Android 15,v4.1
DEV05731,Android,Android 15,v5.0
DEV05732,iOS,Android 15,v4.3
DEV05733,Android,Android 13,v4.1
DEV05734,POS,Windows 11,v5.0
DEV05735,Web,Android 13,v4.1
DEV05736,Web,iOS 18,v4.2
DEV05737,iOS,Android 13,v5.0
DEV05738,Web,Windows 11,v4.2
DEV05739,Android,macOS,v4.3
DEV05740,iOS,iOS 17,v4.3
DEV05741,Android,iOS 17,v4.3
DEV05742,Android,Android 13,v5.0
DEV05743,Android,iOS 17,v5.1
DEV05744,iOS,Windows 11,v5.0
DEV05745,Android,iOS 18,v5.0
DEV05746,Web,Android 14,v5.1
DEV05747,POS,Android 13,v5.0
DEV05748,Android,Android 15,v4.2
DEV05749,iOS,iOS 17,v5.1
DEV05750,Web,iOS 17,v5.1
DEV05751,Android,Android 14,v4.2
DEV05752,POS,iOS 18,v5.1
DEV05753,Web,macOS,v5.1
DEV05754,Android,iOS 17,v4.2
DEV05755,Android,Android 15,v4.1
DEV05756,POS,Android 14,v4.1
DEV05757,POS,macOS,v4.1
DEV05758,Android,iOS 17,v4.2
DEV05759,Android,Windows 11,v4.3
DEV05760,iOS,Windows 11,v5.0
DEV05761,Android,Android 15,v5.1
DEV05762,POS,macOS,v4.2
DEV05763,Web,Windows 11,v5.0
DEV05764,iOS,iOS 17,v4.2
DEV05765,Android,Android 15,v5.1
DEV05766,Web,Windows 11,v4.3
DEV05767,Android,macOS,v4.2
DEV05768,Android,Android 14,v5.0
DEV05769,iOS,macOS,v5.0
DEV05770,iOS,macOS,v5.1
DEV05771,Web,iOS 18,v4.1
DEV05772,Web,Android 13,v5.1
DEV05773,Android,Windows 11,v5.1
DEV05774,iOS,Android 13,v4.1
DEV05775,iOS,iOS 18,v4.3
DEV05776,Android,iOS 17,v4.2
DEV05777,Web,Android 14,v5.0
DEV05778,iOS,Android 15,v4.2
DEV05779,POS,macOS,v4.2
DEV05780,iOS,Android 14,v5.0
DEV05781,Android,iOS 18,v4.1
DEV05782,Android,iOS 17,v5.0
DEV05783,Android,iOS 17,v4.1
DEV05784,Android,macOS,v4.1
DEV05785,Android,iOS 18,v5.1
DEV05786,Android,Android 14,v4.3
DEV05787,POS,Android 13,v5.1
DEV05788,Android,Android 14,v4.3
DEV05789,iOS,Windows 11,v4.1
DEV05790,Android,iOS 17,v5.1
DEV05791,Android,iOS 17,v4.2
DEV05792,Android,macOS,v5.0
DEV05793,Android,Windows 11,v5.0
DEV05794,iOS,macOS,v5.0
DEV05795,iOS,Windows 11,v4.3
DEV05796,iOS,macOS,v5.0
DEV05797,iOS,iOS 18,v4.3
DEV05798,Web,Android 14,v4.3
DEV05799,Web,Android 13,v4.3
DEV05800,Web,Android 14,v4.2
DEV05801,Android,Windows 11,v4.1
DEV05802,POS,iOS 17,v4.2
DEV05803,POS,Android 14,v4.1
DEV05804,Web,iOS 17,v4.2
DEV05805,iOS,iOS 17,v4.3
DEV05806,Android,Android 15,v4.1
DEV05807,Web,macOS,v5.0
DEV05808,Web,Android 13,v4.2
DEV05809,iOS,iOS 18,v4.1
DEV05810,iOS,Windows 11,v5.0
DEV05811,Android,Android 13,v5.1
DEV05812,Android,Android 14,v4.3
DEV05813,Web,Windows 11,v4.2
DEV05814,Android,Windows 11,v4.2
DEV05815,iOS,Android 15,v5.1
DEV05816,Web,iOS 17,v4.1
DEV05817,Android,Android 13,v4.2
DEV05818,Android,iOS 17,v4.2
DEV05819,Web,iOS 17,v4.2
DEV05820,Android,Android 15,v4.2
DEV05821,Android,Windows 11,v5.1
DEV05822,Web,Windows 11,v4.3
DEV05823,Web,macOS,v4.2
DEV05824,Web,Android 13,v5.1
DEV05825,iOS,Android 15,v5.0
DEV05826,iOS,macOS,v4.2
DEV05827,Web,iOS 17,v4.1
DEV05828,iOS,Android 13,v5.1
DEV05829,iOS,Windows 11,v4.1
DEV05830,iOS,iOS 17,v4.3
DEV05831,Android,iOS 17,v5.0
DEV05832,iOS,Android 13,v4.1
DEV05833,Android,iOS 18,v4.2
DEV05834,Android,Android 15,v5.1
DEV05835,POS,Android 14,v5.0
DEV05836,Android,Windows 11,v5.1
DEV05837,Android,iOS 17,v5.0
DEV05838,Android,Windows 11,v4.1
DEV05839,iOS,Android 15,v4.3
DEV05840,POS,Android 15,v5.1
DEV05841,Web,Android 13,v4.2
DEV05842,Web,Android 13,v5.1
DEV05843,Web,macOS,v4.3
DEV05844,POS,Android 13,v4.1
DEV05845,Android,Android 15,v4.2
DEV05846,iOS,Android 13,v4.2
DEV05847,Android,Android 14,v4.1
DEV05848,Android,Android 15,v5.1
DEV05849,iOS,Android 13,v4.2
DEV05850,Android,macOS,v5.1
DEV05851,iOS,iOS 17,v5.1
DEV05852,Android,Android 15,v4.1
DEV05853,Android,iOS 18,v4.3
DEV05854,Android,iOS 18,v4.3
DEV05855,Web,Android 15,v5.1
DEV05856,iOS,Android 15,v4.1
DEV05857,POS,iOS 18,v4.3
DEV05858,Web,iOS 17,v5.1
DEV05859,iOS,iOS 17,v4.2
DEV05860,Android,iOS 17,v4.2
DEV05861,iOS,Android 14,v5.0
DEV05862,Web,Windows 11,v5.0
DEV05863,iOS,Windows 11,v5.0
DEV05864,Android,macOS,v4.3
DEV05865,iOS,Android 14,v4.2
DEV05866,Android,macOS,v4.2
DEV05867,POS,iOS 17,v4.3
DEV05868,iOS,iOS 18,v4.2
DEV05869,Android,Android 14,v4.2
DEV05870,Android,Android 13,v5.1
DEV05871,Web,Windows 11,v4.2
DEV05872,Web,Android 14,v5.1
DEV05873,iOS,iOS 18,v5.0
DEV05874,iOS,iOS 18,v4.1
DEV05875,iOS,Android 15,v5.1
DEV05876,Android,iOS 18,v4.2
DEV05877,POS,macOS,v5.0
DEV05878,iOS,iOS 17,v4.1
DEV05879,Android,macOS,v4.1
DEV05880,Android,iOS 18,v5.0
DEV05881,Android,Android 14,v5.0
DEV05882,Android,Android 14,v4.1
DEV05883,iOS,Android 14,v4.1
DEV05884,Android,iOS 18,v4.2
DEV05885,Web,iOS 17,v5.1
DEV05886,iOS,Windows 11,v5.1
DEV05887,Android,iOS 17,v4.1
DEV05888,Android,Android 15,v4.1
DEV05889,iOS,Android 13,v4.3
DEV05890,Android,iOS 17,v4.1
DEV05891,Android,macOS,v5.1
DEV05892,Android,Windows 11,v4.2
DEV05893,Android,Windows 11,v4.3
DEV05894,Android,Android 14,v5.1
DEV05895,Android,Android 15,v4.2
DEV05896,Web,Windows 11,v4.3
DEV05897,Android,iOS 17,v4.3
DEV05898,iOS,iOS 17,v4.3
DEV05899,Android,macOS,v4.3
DEV05900,Android,Android 13,v4.3
DEV05901,Web,Android 13,v4.3
DEV05902,Android,Android 13,v5.0
DEV05903,Android,iOS 17,v4.2
DEV05904,iOS,Windows 11,v5.1
DEV05905,Android,macOS,v4.1
DEV05906,iOS,iOS 17,v5.1
DEV05907,Android,Android 14,v5.0
DEV05908,Android,iOS 18,v5.0
DEV05909,Android,Android 13,v4.3
DEV05910,POS,Android 14,v5.0
DEV05911,iOS,Android 14,v5.1
DEV05912,iOS,Windows 11,v5.0
DEV05913,iOS,Android 15,v5.1
DEV05914,Web,Android 14,v4.3
DEV05915,iOS,Android 13,v4.3
DEV05916,Web,iOS 18,v5.0
DEV05917,iOS,macOS,v4.1
DEV05918,Android,Android 14,v4.3
DEV05919,Web,macOS,v4.2
DEV05920,Web,iOS 17,v4.2
DEV05921,Android,iOS 17,v4.3
DEV05922,iOS,Android 14,v5.0
DEV05923,Web,Android 13,v4.3
DEV05924,Android,Windows 11,v5.0
DEV05925,POS,Windows 11,v5.1
DEV05926,iOS,iOS 18,v4.1
DEV05927,iOS,iOS 18,v4.1
DEV05928,Android,Android 13,v5.1
DEV05929,Android,iOS 17,v5.1
DEV05930,Android,iOS 17,v5.1
DEV05931,Android,Windows 11,v4.1
DEV05932,iOS,macOS,v4.3
DEV05933,Web,Windows 11,v4.2
DEV05934,iOS,Android 15,v5.0
DEV05935,Android,Android 14,v4.2
DEV05936,Android,Windows 11,v5.0
DEV05937,iOS,Android 14,v4.1
DEV05938,Android,Windows 11,v4.3
DEV05939,POS,macOS,v4.2
DEV05940,Web,iOS 17,v5.1
DEV05941,Web,Android 14,v5.1
DEV05942,Android,Android 13,v5.1
DEV05943,Web,iOS 18,v4.2
DEV05944,Android,Windows 11,v4.3
DEV05945,iOS,Android 15,v4.3
DEV05946,iOS,Android 13,v5.1
DEV05947,iOS,Android 13,v4.2
DEV05948,Android,Android 13,v5.1
DEV05949,iOS,Android 14,v5.0
DEV05950,Android,iOS 18,v5.0
DEV05951,Android,macOS,v4.2
DEV05952,iOS,macOS,v5.0
DEV05953,POS,Android 15,v4.1
DEV05954,Web,iOS 17,v4.1
DEV05955,iOS,Android 13,v4.1
DEV05956,Android,Android 13,v5.0
DEV05957,Android,macOS,v4.3
DEV05958,Android,Android 13,v4.1
DEV05959,POS,iOS 17,v5.1
DEV05960,Android,macOS,v4.3
DEV05961,Web,Windows 11,v4.2
DEV05962,Web,Android 14,v5.0
DEV05963,iOS,Android 14,v5.1
DEV05964,POS,iOS 18,v4.2
DEV05965,Android,Android 14,v5.0
DEV05966,iOS,Android 14,v5.0
DEV05967,Web,Android 15,v5.1
DEV05968,iOS,Android 15,v5.0
DEV05969,Android,macOS,v5.0
DEV05970,Android,Android 14,v5.0
DEV05971,Web,Android 15,v4.3
DEV05972,Android,Windows 11,v4.1
DEV05973,POS,iOS 18,v5.1
DEV05974,Android,Android 14,v4.3
DEV05975,iOS,Android 15,v5.1
DEV05976,iOS,iOS 17,v4.3
DEV05977,iOS,Android 15,v5.0
DEV05978,iOS,Android 15,v5.0
DEV05979,Web,macOS,v4.3
DEV05980,iOS,iOS 17,v5.0
DEV05981,Web,iOS 18,v4.1
DEV05982,Android,iOS 17,v5.1
DEV05983,Android,iOS 18,v5.0
DEV05984,Android,Windows 11,v4.2
DEV05985,Android,macOS,v4.3
DEV05986,iOS,iOS 17,v4.3
DEV05987,iOS,iOS 18,v5.0
DEV05988,Web,iOS 18,v4.3
DEV05989,Android,Android 13,v4.2
DEV05990,Android,macOS,v4.3
DEV05991,Web,Android 13,v4.2
DEV05992,POS,Android 15,v4.3
DEV05993,POS,iOS 17,v4.3
DEV05994,Web,iOS 18,v4.2
DEV05995,Web,Android 13,v5.1
DEV05996,POS,Android 15,v4.1
DEV05997,Web,Android 15,v4.2
DEV05998,POS,Android 15,v4.1
DEV05999,Android,Android 13,v4.3
DEV06000,POS,Windows 11,v5.1
DEV06001,iOS,Android 14,v4.2
DEV06002,Android,macOS,v5.1
DEV06003,Android,macOS,v4.2
DEV06004,Web,Windows 11,v5.0
DEV06005,iOS,Windows 11,v4.2
DEV06006,POS,Android 15,v4.1
DEV06007,Android,macOS,v5.0
DEV06008,Android,macOS,v4.3
DEV06009,Android,Android 14,v4.2
DEV06010,iOS,Android 14,v4.1
DEV06011,iOS,Android 14,v4.3
DEV06012,iOS,Android 15,v4.1
DEV06013,Android,iOS 18,v4.3
DEV06014,Android,Android 14,v4.2
DEV06015,Android,Android 13,v5.1
DEV06016,Web,Android 13,v4.3
DEV06017,Android,Android 14,v5.1
DEV06018,Android,Android 14,v4.3
DEV06019,iOS,Android 14,v5.1
DEV06020,Web,macOS,v4.2
DEV06021,Android,Android 13,v4.1
DEV06022,Android,iOS 17,v4.2
DEV06023,Web,iOS 18,v4.3
DEV06024,POS,iOS 17,v5.0
DEV06025,iOS,Android 13,v4.1
DEV06026,Android,Android 13,v5.1
DEV06027,iOS,Android 15,v4.1
DEV06028,POS,iOS 17,v4.1
DEV06029,iOS,Android 14,v4.2
DEV06030,Android,Windows 11,v4.3
DEV06031,Android,macOS,v4.2
DEV06032,POS,Android 14,v4.3
DEV06033,Web,Android 13,v5.0
DEV06034,Web,Android 15,v4.2
DEV06035,Android,iOS 17,v5.0
DEV06036,iOS,Android 15,v4.3
DEV06037,Android,iOS 18,v4.1
DEV06038,Android,Android 15,v5.0
DEV06039,Web,iOS 18,v5.0
DEV06040,Android,macOS,v4.3
DEV06041,Android,iOS 17,v4.3
DEV06042,POS,Android 14,v4.2
DEV06043,Android,iOS 18,v4.2
DEV06044,Web,Android 14,v4.3
DEV06045,iOS,macOS,v5.0
DEV06046,POS,macOS,v5.1
DEV06047,Web,Android 15,v4.2
DEV06048,Web,Android 15,v4.3
DEV06049,Android,macOS,v5.1
DEV06050,iOS,iOS 17,v5.1
DEV06051,POS,Android 14,v5.1
DEV06052,Android,iOS 17,v5.1
DEV06053,Web,iOS 18,v4.1
DEV06054,Android,Android 15,v4.2
DEV06055,Android,Android 15,v5.1
DEV06056,Android,Android 15,v5.1
DEV06057,Android,Windows 11,v4.3
DEV06058,POS,Android 15,v4.3
DEV06059,Web,macOS,v4.1
DEV06060,iOS,Android 15,v5.1
DEV06061,Web,iOS 18,v4.1
DEV06062,iOS,iOS 18,v4.3
DEV06063,Web,macOS,v4.2
DEV06064,Web,iOS 17,v5.0
DEV06065,Android,Android 13,v5.0
DEV06066,iOS,Android 15,v4.1
DEV06067,iOS,Android 15,v4.3
DEV06068,POS,Android 13,v5.0
DEV06069,Web,iOS 17,v5.1
DEV06070,Web,iOS 18,v4.2
DEV06071,Web,Android 15,v4.3
DEV06072,iOS,iOS 17,v4.1
DEV06073,Web,Android 13,v4.3
DEV06074,Android,iOS 18,v4.2
DEV06075,Android,iOS 18,v4.3
DEV06076,Web,iOS 17,v4.1
DEV06077,Android,Android 14,v5.1
DEV06078,Android,Android 14,v4.3
DEV06079,iOS,Windows 11,v4.1
DEV06080,Android,Windows 11,v5.1
DEV06081,POS,Android 14,v5.0
DEV06082,POS,macOS,v4.3
DEV06083,iOS,Android 13,v5.1
DEV06084,iOS,Android 14,v5.0
DEV06085,Web,iOS 17,v4.3
DEV06086,iOS,iOS 18,v4.3
DEV06087,Android,iOS 17,v4.2
DEV06088,Web,iOS 17,v4.3
DEV06089,Web,Android 15,v4.3
DEV06090,Android,Android 13,v5.1
DEV06091,Web,iOS 18,v4.1
DEV06092,iOS,Android 15,v4.2
DEV06093,Android,macOS,v4.3
DEV06094,iOS,Android 13,v5.1
DEV06095,Android,iOS 18,v5.1
DEV06096,Android,Android 15,v4.1
DEV06097,Web,Windows 11,v5.0
DEV06098,POS,Android 14,v4.3
DEV06099,Android,iOS 17,v5.0
DEV06100,POS,Windows 11,v4.1
DEV06101,Android,Android 14,v5.1
DEV06102,Android,iOS 18,v5.0
DEV06103,Android,Windows 11,v4.1
DEV06104,Android,Windows 11,v5.0
DEV06105,Android,Android 15,v5.1
DEV06106,POS,Android 15,v4.3
DEV06107,Android,Android 15,v4.2
DEV06108,Android,iOS 17,v5.1
DEV06109,Web,Android 15,v5.0
DEV06110,Android,Android 13,v4.3
DEV06111,Web,Android 13,v4.2
DEV06112,iOS,Android 13,v4.1
DEV06113,Android,Windows 11,v4.3
DEV06114,Web,Android 14,v5.1
DEV06115,Android,iOS 18,v5.0
DEV06116,Android,Android 14,v4.2
DEV06117,Android,Windows 11,v4.3
DEV06118,iOS,Android 14,v4.2
DEV06119,iOS,iOS 17,v4.2
DEV06120,iOS,Windows 11,v4.3
DEV06121,iOS,Android 14,v5.0
DEV06122,iOS,iOS 17,v4.1
DEV06123,Android,macOS,v4.3
DEV06124,POS,Android 13,v4.1
DEV06125,POS,Android 13,v4.2
DEV06126,iOS,Android 14,v4.2
DEV06127,Android,Android 14,v5.0
DEV06128,iOS,macOS,v4.3
DEV06129,Android,Android 13,v4.3
DEV06130,iOS,macOS,v5.1
DEV06131,Android,Android 15,v5.0
DEV06132,Web,Android 13,v4.3
DEV06133,Android,macOS,v4.2
DEV06134,POS,Android 15,v5.0
DEV06135,Android,Android 13,v5.1
DEV06136,iOS,iOS 18,v5.1
DEV06137,POS,iOS 17,v4.2
DEV06138,Android,iOS 17,v4.3
DEV06139,POS,iOS 18,v4.2
DEV06140,Android,Android 15,v5.1
DEV06141,POS,Android 14,v5.0
DEV06142,POS,Android 14,v4.3
DEV06143,Android,iOS 17,v4.2
DEV06144,Web,Android 14,v4.3
DEV06145,Android,Android 15,v5.0
DEV06146,Android,macOS,v5.1
DEV06147,Android,Android 14,v4.2
DEV06148,Android,Android 13,v5.1
DEV06149,iOS,iOS 18,v4.2
DEV06150,iOS,iOS 17,v4.3
DEV06151,Web,macOS,v4.1
DEV06152,Android,Android 14,v4.2
DEV06153,POS,macOS,v4.2
DEV06154,Android,Android 15,v5.1
DEV06155,Android,Android 14,v4.1
DEV06156,Web,macOS,v4.1
DEV06157,Web,iOS 18,v4.1
DEV06158,Web,Android 13,v4.1
DEV06159,iOS,Windows 11,v5.0
DEV06160,Android,iOS 17,v4.3
DEV06161,Android,iOS 17,v4.2
DEV06162,iOS,Android 15,v4.3
DEV06163,iOS,Android 13,v4.3
DEV06164,Android,Android 14,v4.3
DEV06165,iOS,Android 14,v4.3
DEV06166,Web,Windows 11,v5.0
DEV06167,Web,macOS,v5.1
DEV06168,Android,Windows 11,v5.0
DEV06169,iOS,macOS,v4.2
DEV06170,Android,Windows 11,v4.1
DEV06171,Android,Android 15,v5.1
DEV06172,Web,Android 13,v4.2
DEV06173,Web,Android 15,v4.1
DEV06174,Web,iOS 18,v5.0
DEV06175,Android,iOS 18,v4.3
DEV06176,POS,Android 14,v4.2
DEV06177,Android,iOS 18,v4.3
DEV06178,Web,Android 15,v4.3
DEV06179,Android,iOS 17,v4.3
DEV06180,Android,iOS 18,v5.1
DEV06181,Android,macOS,v4.1
DEV06182,Android,Android 15,v4.3
DEV06183,iOS,iOS 17,v4.2
DEV06184,POS,macOS,v5.1
DEV06185,Android,iOS 17,v4.1
DEV06186,iOS,Windows 11,v4.2
DEV06187,Web,macOS,v5.1
DEV06188,iOS,Windows 11,v5.1
DEV06189,Android,iOS 18,v4.1
DEV06190,POS,Android 13,v4.3
DEV06191,Android,Windows 11,v4.2
DEV06192,iOS,iOS 18,v5.0
DEV06193,Web,iOS 18,v4.3
DEV06194,Android,Android 13,v5.0
DEV06195,Web,iOS 18,v4.2
DEV06196,Android,Android 15,v5.0
DEV06197,Android,Android 13,v5.0
DEV06198,Android,Android 15,v4.1
DEV06199,POS,iOS 17,v4.1
DEV06200,Web,Android 13,v4.1
DEV06201,Android,iOS 17,v5.0
DEV06202,Android,Windows 11,v5.0
DEV06203,Android,Android 14,v5.1
DEV06204,iOS,macOS,v5.1
DEV06205,Web,Android 14,v4.1
DEV06206,POS,Android 15,v5.1
DEV06207,Web,iOS 17,v4.3
DEV06208,iOS,iOS 17,v5.1
DEV06209,Android,Android 13,v5.1
DEV06210,Android,Android 14,v4.3
DEV06211,iOS,Android 15,v4.3
DEV06212,iOS,Android 15,v4.2
DEV06213,Web,Android 13,v5.0
DEV06214,Android,Android 13,v5.0
DEV06215,Android,Windows 11,v4.1
DEV06216,Android,Android 15,v4.2
DEV06217,POS,Android 13,v4.2
DEV06218,Web,Windows 11,v4.2
DEV06219,Android,iOS 17,v4.2
DEV06220,Web,Android 15,v5.1
DEV06221,iOS,iOS 18,v4.2
DEV06222,Android,Android 14,v4.1
DEV06223,Android,Android 14,v5.0
DEV06224,iOS,iOS 18,v4.2
DEV06225,iOS,iOS 18,v5.0
DEV06226,iOS,macOS,v4.3
DEV06227,iOS,iOS 17,v4.1
DEV06228,Android,Android 15,v4.3
DEV06229,Android,Android 13,v4.2
DEV06230,Web,Android 14,v5.1
DEV06231,iOS,iOS 18,v5.1
DEV06232,iOS,macOS,v4.1
DEV06233,Android,Android 15,v4.2
DEV06234,Android,Android 13,v4.2
DEV06235,Android,macOS,v4.2
DEV06236,Android,Android 14,v4.2
DEV06237,iOS,Android 15,v4.1
DEV06238,Web,Android 14,v4.1
DEV06239,Android,iOS 17,v4.1
DEV06240,Web,macOS,v5.1
DEV06241,Web,Android 14,v4.2
DEV06242,Android,iOS 17,v4.3
DEV06243,iOS,iOS 17,v5.0
DEV06244,Android,iOS 17,v4.1
DEV06245,iOS,Android 13,v4.1
DEV06246,Android,Windows 11,v5.1
DEV06247,Android,Android 13,v5.1
DEV06248,iOS,iOS 17,v5.0
DEV06249,Android,Android 15,v5.1
DEV06250,Android,Windows 11,v4.1
DEV06251,Android,Windows 11,v4.2
DEV06252,iOS,iOS 17,v4.2
DEV06253,Web,macOS,v5.1
DEV06254,Android,Android 15,v5.0
DEV06255,Android,Android 14,v4.2
DEV06256,iOS,Android 13,v4.1
DEV06257,Android,Android 15,v4.2
DEV06258,iOS,Windows 11,v5.0
DEV06259,Android,Android 15,v5.1
DEV06260,Web,Android 15,v4.3
DEV06261,iOS,iOS 18,v4.2
DEV06262,Android,Android 13,v4.1
DEV06263,iOS,iOS 18,v5.0
DEV06264,iOS,Android 14,v4.2
DEV06265,Android,Android 15,v4.3
DEV06266,Android,Android 13,v5.1
DEV06267,Android,Windows 11,v4.2
DEV06268,Android,Android 13,v5.0
DEV06269,Android,Android 13,v4.2
DEV06270,iOS,Android 15,v5.1
DEV06271,Web,Windows 11,v5.0
DEV06272,Web,iOS 17,v4.3
DEV06273,iOS,macOS,v4.1
DEV06274,Web,iOS 17,v5.1
DEV06275,iOS,iOS 17,v4.2
DEV06276,POS,iOS 18,v4.3
DEV06277,Android,Android 15,v5.0
DEV06278,Android,Android 14,v5.0
DEV06279,Android,iOS 18,v5.0
DEV06280,iOS,Android 13,v4.2
DEV06281,Android,iOS 17,v5.1
DEV06282,Android,Android 13,v4.3
DEV06283,iOS,iOS 18,v5.0
DEV06284,POS,Windows 11,v4.1
DEV06285,POS,iOS 17,v5.1
DEV06286,Web,Android 15,v4.3
DEV06287,Android,iOS 17,v4.3
DEV06288,Web,iOS 17,v5.0
DEV06289,Web,Windows 11,v4.1
DEV06290,POS,iOS 17,v5.0
DEV06291,iOS,iOS 18,v5.1
DEV06292,Android,iOS 17,v4.2
DEV06293,Android,Windows 11,v5.1
DEV06294,POS,iOS 18,v4.1
DEV06295,Android,Android 13,v4.2
DEV06296,Android,Android 15,v4.3
DEV06297,iOS,iOS 17,v5.0
DEV06298,Android,iOS 18,v5.1
DEV06299,POS,iOS 17,v5.0
DEV06300,Android,iOS 17,v5.1
DEV06301,Android,Windows 11,v5.0
DEV06302,POS,iOS 17,v4.2
DEV06303,Android,Android 14,v5.0
DEV06304,Web,Android 15,v4.1
DEV06305,iOS,Android 15,v4.1
DEV06306,iOS,iOS 18,v5.0
DEV06307,Android,Android 13,v4.3
DEV06308,iOS,Android 13,v4.1
DEV06309,Android,Android 13,v5.1
DEV06310,POS,iOS 17,v5.0
DEV06311,Android,Windows 11,v5.0
DEV06312,Android,iOS 18,v4.1
DEV06313,Web,macOS,v4.3
DEV06314,iOS,iOS 17,v5.1
DEV06315,iOS,Windows 11,v4.1
DEV06316,iOS,Android 14,v4.1
DEV06317,Android,iOS 18,v4.2
DEV06318,Android,iOS 18,v4.1
DEV06319,POS,Windows 11,v5.1
DEV06320,Android,macOS,v4.2
DEV06321,Android,iOS 18,v4.3
DEV06322,Web,Windows 11,v4.3
DEV06323,Android,Android 14,v4.1
DEV06324,Web,iOS 18,v5.1
DEV06325,iOS,macOS,v4.3
DEV06326,Web,Windows 11,v5.1
DEV06327,Android,Windows 11,v5.1
DEV06328,Android,Android 14,v4.2
DEV06329,Web,Android 13,v4.1
DEV06330,Android,Windows 11,v5.1
DEV06331,Android,Windows 11,v5.1
DEV06332,Web,iOS 18,v5.1
DEV06333,iOS,iOS 17,v4.1
DEV06334,iOS,Android 15,v4.2
DEV06335,Android,Android 14,v5.1
DEV06336,Web,Android 13,v5.0
DEV06337,Android,macOS,v4.2
DEV06338,POS,Android 13,v4.1
DEV06339,Android,Android 15,v4.3
DEV06340,Web,iOS 18,v5.1
DEV06341,Android,macOS,v5.0
DEV06342,Android,iOS 17,v4.3
DEV06343,Android,Android 15,v4.3
DEV06344,Android,iOS 18,v5.1
DEV06345,Android,Windows 11,v5.1
DEV06346,Android,macOS,v4.3
DEV06347,Web,iOS 18,v5.0
DEV06348,Android,Android 14,v4.2
DEV06349,POS,iOS 17,v5.1
DEV06350,Android,iOS 17,v5.1
DEV06351,iOS,Android 14,v4.1
DEV06352,Web,iOS 18,v5.1
DEV06353,POS,iOS 18,v4.1
DEV06354,Android,macOS,v4.3
DEV06355,Web,iOS 17,v5.0
DEV06356,Android,iOS 17,v4.1
DEV06357,Android,iOS 17,v4.1
DEV06358,Web,iOS 17,v4.2
DEV06359,Android,iOS 18,v4.3
DEV06360,Android,iOS 17,v4.1
DEV06361,Android,Windows 11,v4.1
DEV06362,Android,iOS 18,v4.3
DEV06363,Android,Android 14,v5.1
DEV06364,Web,Windows 11,v5.0
DEV06365,Android,Android 13,v4.3
DEV06366,Web,Android 14,v4.2
DEV06367,Web,Android 14,v4.2
DEV06368,iOS,Android 15,v5.0
DEV06369,Web,Android 14,v4.2
DEV06370,iOS,macOS,v4.3
DEV06371,iOS,Android 15,v5.1
DEV06372,Android,Android 15,v4.2
DEV06373,POS,Android 15,v4.3
DEV06374,POS,Windows 11,v4.2
DEV06375,iOS,Android 14,v4.1
DEV06376,Android,Android 13,v4.1
DEV06377,iOS,macOS,v5.1
DEV06378,iOS,Windows 11,v4.1
DEV06379,Web,Android 15,v4.1
DEV06380,iOS,macOS,v4.2
DEV06381,iOS,iOS 17,v4.2
DEV06382,Web,iOS 17,v5.0
DEV06383,Android,iOS 18,v5.1
DEV06384,Web,iOS 17,v4.1
DEV06385,Android,iOS 17,v5.0
DEV06386,iOS,Android 15,v4.2
DEV06387,Android,Windows 11,v5.0
DEV06388,Android,Android 14,v4.1
DEV06389,Android,Windows 11,v5.0
DEV06390,POS,Windows 11,v4.3
DEV06391,iOS,macOS,v5.1
DEV06392,Android,iOS 17,v4.1
DEV06393,Web,Android 14,v4.3
DEV06394,iOS,Android 13,v5.0
DEV06395,iOS,macOS,v4.1
DEV06396,iOS,Windows 11,v5.0
DEV06397,Android,Windows 11,v5.1
DEV06398,Android,iOS 17,v5.1
DEV06399,Android,Android 13,v4.2
DEV06400,iOS,macOS,v4.3
DEV06401,Android,Android 13,v5.1
DEV06402,iOS,iOS 18,v4.3
DEV06403,Android,Android 14,v5.0
DEV06404,Android,Android 14,v4.3
DEV06405,POS,iOS 18,v4.1
DEV06406,POS,macOS,v4.2
DEV06407,Android,Android 15,v4.3
DEV06408,Web,macOS,v4.3
DEV06409,iOS,iOS 18,v5.1
DEV06410,Web,macOS,v4.1
DEV06411,Android,Windows 11,v5.1
DEV06412,Android,iOS 18,v4.3
DEV06413,Web,iOS 18,v5.0
DEV06414,Web,Android 13,v5.1
DEV06415,iOS,macOS,v5.1
DEV06416,Web,macOS,v4.1
DEV06417,iOS,Android 14,v5.1
DEV06418,Android,Android 15,v5.1
DEV06419,Android,iOS 17,v4.2
DEV06420,Android,iOS 17,v4.3
DEV06421,Web,iOS 17,v4.1
DEV06422,POS,Android 15,v5.1
DEV06423,iOS,iOS 17,v4.3
DEV06424,iOS,Android 15,v4.1
DEV06425,Web,iOS 17,v5.1
DEV06426,Android,iOS 17,v5.0
DEV06427,Android,Android 15,v4.2
DEV06428,Android,Android 14,v4.1
DEV06429,iOS,Windows 11,v5.0
DEV06430,Web,Windows 11,v4.1
DEV06431,Android,Android 15,v4.1
DEV06432,iOS,Android 15,v4.2
DEV06433,Web,iOS 18,v5.0
DEV06434,Android,Android 13,v5.1
DEV06435,iOS,macOS,v4.3
DEV06436,Android,Android 13,v5.0
DEV06437,iOS,Android 14,v4.1
DEV06438,Web,Android 14,v5.0
DEV06439,Android,Android 14,v4.3
DEV06440,Web,Android 13,v5.0
DEV06441,Android,Android 14,v4.3
DEV06442,Android,Windows 11,v4.2
DEV06443,iOS,Android 14,v4.1
DEV06444,Web,macOS,v5.1
DEV06445,Android,Android 15,v5.0
DEV06446,Android,Windows 11,v4.2
DEV06447,iOS,Windows 11,v5.0
DEV06448,Android,Android 15,v4.2
DEV06449,Android,macOS,v4.3
DEV06450,Android,Android 13,v4.2
DEV06451,Web,Android 15,v4.3
DEV06452,POS,Android 14,v4.2
DEV06453,Android,Android 15,v5.0
DEV06454,iOS,Windows 11,v5.1
DEV06455,Android,iOS 18,v4.1
DEV06456,Web,Android 15,v5.1
DEV06457,Android,Android 13,v4.2
DEV06458,Android,Android 14,v4.3
DEV06459,Web,Windows 11,v5.0
DEV06460,Android,Windows 11,v4.1
DEV06461,Android,Android 14,v4.1
DEV06462,POS,Android 13,v5.0
DEV06463,POS,Android 15,v4.2
DEV06464,Android,macOS,v4.1
DEV06465,iOS,Android 14,v5.0
DEV06466,iOS,Android 14,v4.2
DEV06467,iOS,iOS 18,v5.0
DEV06468,POS,Android 13,v4.1
DEV06469,Web,Windows 11,v5.1
DEV06470,Web,Windows 11,v4.1
DEV06471,Android,macOS,v4.1
DEV06472,iOS,Android 15,v5.1
DEV06473,iOS,Android 15,v4.2
DEV06474,Android,Android 14,v5.0
DEV06475,Android,iOS 17,v4.2
DEV06476,Android,iOS 18,v4.2
DEV06477,Android,iOS 18,v5.0
DEV06478,Android,iOS 18,v4.2
DEV06479,Android,Windows 11,v4.3
DEV06480,Android,Android 14,v4.1
DEV06481,iOS,Android 13,v4.3
DEV06482,iOS,Android 13,v5.0
DEV06483,Android,iOS 18,v5.1
DEV06484,POS,Windows 11,v5.1
DEV06485,iOS,iOS 17,v5.0
DEV06486,Web,macOS,v5.0
DEV06487,POS,macOS,v4.2
DEV06488,Android,Windows 11,v4.1
DEV06489,Android,iOS 17,v4.3
DEV06490,iOS,Android 15,v5.0
DEV06491,Android,iOS 17,v5.1
DEV06492,Android,iOS 18,v4.1
DEV06493,Web,Android 15,v4.1
DEV06494,Android,iOS 18,v4.2
DEV06495,POS,Windows 11,v5.1
DEV06496,Web,Windows 11,v4.1
DEV06497,iOS,Android 13,v5.1
DEV06498,Android,iOS 18,v4.3
DEV06499,iOS,Android 15,v5.1
DEV06500,Android,iOS 18,v4.1
DEV06501,Android,Android 14,v5.1
DEV06502,Web,Windows 11,v5.1
DEV06503,Android,Android 15,v5.1
DEV06504,iOS,iOS 17,v4.1
DEV06505,Web,Android 13,v4.3
DEV06506,Android,iOS 17,v5.1
DEV06507,iOS,iOS 18,v4.3
DEV06508,iOS,iOS 17,v4.1
DEV06509,Android,Android 15,v5.0
DEV06510,Web,Android 14,v5.1
DEV06511,POS,iOS 17,v4.3
DEV06512,iOS,iOS 18,v5.1
DEV06513,iOS,iOS 17,v4.2
DEV06514,iOS,iOS 17,v4.2
DEV06515,Web,macOS,v4.1
DEV06516,iOS,Android 15,v4.3
DEV06517,Android,macOS,v4.3
DEV06518,Android,macOS,v5.1
DEV06519,POS,iOS 18,v4.2
DEV06520,Android,macOS,v5.1
DEV06521,iOS,iOS 18,v5.1
DEV06522,Web,Android 14,v4.1
DEV06523,Android,macOS,v5.0
DEV06524,iOS,Android 15,v4.1
DEV06525,Android,Windows 11,v4.1
DEV06526,POS,Android 15,v4.1
DEV06527,Android,Android 13,v5.1
DEV06528,iOS,Android 14,v5.1
DEV06529,iOS,Android 14,v5.1
DEV06530,Web,iOS 18,v5.1
DEV06531,Android,iOS 18,v4.2
DEV06532,iOS,Android 14,v4.3
DEV06533,Android,Android 15,v4.2
DEV06534,Android,Android 13,v4.3
DEV06535,Web,iOS 18,v5.1
DEV06536,Android,Android 13,v4.2
DEV06537,Web,Android 14,v4.3
DEV06538,Web,Android 15,v5.0
DEV06539,POS,Android 13,v4.1
DEV06540,iOS,Windows 11,v4.3
DEV06541,Android,iOS 17,v4.2
DEV06542,Android,Android 14,v4.2
DEV06543,POS,Android 15,v5.0
DEV06544,Web,Android 14,v4.3
DEV06545,iOS,Android 14,v4.1
DEV06546,POS,Android 13,v4.2
DEV06547,Web,Android 13,v5.1
DEV06548,POS,iOS 17,v5.1
DEV06549,Web,iOS 18,v4.3
DEV06550,Web,iOS 17,v5.0
DEV06551,Web,Windows 11,v4.1
DEV06552,Android,Android 15,v4.3
DEV06553,POS,macOS,v4.3
DEV06554,Android,Android 15,v4.1
DEV06555,iOS,Android 14,v4.2
DEV06556,Web,Android 13,v5.1
DEV06557,iOS,Android 14,v4.2
DEV06558,Web,iOS 18,v5.0
DEV06559,Android,Android 14,v4.1
DEV06560,Android,Windows 11,v4.2
DEV06561,Android,Android 15,v4.3
DEV06562,iOS,Windows 11,v4.3
DEV06563,Web,Android 15,v5.0
DEV06564,Android,Windows 11,v5.0
DEV06565,iOS,iOS 17,v4.1
DEV06566,Android,macOS,v4.2
DEV06567,Web,Windows 11,v4.3
DEV06568,Android,Android 14,v4.1
DEV06569,Web,Android 13,v4.1
DEV06570,Android,iOS 18,v4.3
DEV06571,Android,iOS 18,v4.2
DEV06572,Web,Windows 11,v5.1
DEV06573,iOS,Android 13,v5.0
DEV06574,iOS,iOS 18,v4.2
DEV06575,Web,Windows 11,v5.1
DEV06576,iOS,Windows 11,v5.1
DEV06577,Web,Android 13,v4.3
DEV06578,Web,Android 13,v5.1
DEV06579,iOS,iOS 17,v5.0
DEV06580,Android,Windows 11,v4.1
DEV06581,Android,Android 14,v4.2
DEV06582,POS,Android 15,v5.0
DEV06583,POS,Android 15,v5.1
DEV06584,Android,Windows 11,v4.1
DEV06585,Android,Android 14,v4.1
DEV06586,Android,iOS 18,v5.1
DEV06587,iOS,macOS,v5.0
DEV06588,Android,Android 13,v5.1
DEV06589,Web,Android 15,v4.2
DEV06590,POS,iOS 17,v4.1
DEV06591,POS,iOS 18,v4.3
DEV06592,Android,iOS 17,v4.1
DEV06593,POS,Android 15,v5.1
DEV06594,Web,Android 14,v5.1
DEV06595,Android,Android 14,v4.3
DEV06596,Android,iOS 17,v4.3
DEV06597,Web,Windows 11,v4.1
DEV06598,POS,iOS 18,v5.1
DEV06599,Android,Android 15,v4.1
DEV06600,Android,Android 13,v5.0
DEV06601,iOS,Android 14,v5.1
DEV06602,POS,iOS 17,v4.1
DEV06603,POS,macOS,v5.1
DEV06604,Android,Android 15,v5.1
DEV06605,Android,iOS 18,v4.2
DEV06606,POS,Windows 11,v4.1
DEV06607,Web,Android 13,v5.1
DEV06608,POS,Android 13,v4.3
DEV06609,Web,Windows 11,v4.3
DEV06610,Android,Android 14,v4.2
DEV06611,Web,Android 13,v5.1
DEV06612,Android,Android 15,v4.1
DEV06613,Web,Android 14,v4.1
DEV06614,iOS,Android 14,v4.3
DEV06615,POS,Android 14,v5.0
DEV06616,POS,Windows 11,v5.1
DEV06617,Android,macOS,v4.2
DEV06618,Android,Android 15,v4.2
DEV06619,iOS,iOS 17,v5.1
DEV06620,Web,Android 13,v5.1
DEV06621,Web,Android 13,v4.2
DEV06622,POS,iOS 17,v4.2
DEV06623,iOS,Android 14,v4.1
DEV06624,Android,iOS 18,v4.2
DEV06625,Android,Android 15,v4.3
DEV06626,Android,Android 14,v4.2
DEV06627,iOS,Android 14,v4.2
DEV06628,POS,Android 14,v4.3
DEV06629,Android,Android 13,v4.3
DEV06630,Web,Windows 11,v5.1
DEV06631,Android,Windows 11,v4.2
DEV06632,Android,macOS,v4.3
DEV06633,iOS,Windows 11,v4.1
DEV06634,iOS,Android 13,v5.0
DEV06635,POS,Windows 11,v4.3
DEV06636,iOS,iOS 18,v5.0
DEV06637,Android,Android 15,v4.2
DEV06638,Web,macOS,v4.1
DEV06639,POS,Android 14,v4.1
DEV06640,iOS,macOS,v5.1
DEV06641,Android,Windows 11,v5.1
DEV06642,Android,macOS,v4.2
DEV06643,Android,macOS,v4.3
DEV06644,Android,Android 13,v4.1
DEV06645,POS,iOS 17,v4.2
DEV06646,Android,Android 13,v4.2
DEV06647,iOS,Android 14,v4.3
DEV06648,Web,Android 14,v4.1
DEV06649,Web,Android 13,v4.1
DEV06650,Android,iOS 17,v4.1
DEV06651,iOS,iOS 17,v5.1
DEV06652,Android,macOS,v4.1
DEV06653,Android,Android 14,v5.0
DEV06654,Android,macOS,v4.3
DEV06655,iOS,Android 13,v4.1
DEV06656,Android,Android 15,v4.3
DEV06657,Android,Android 15,v4.3
DEV06658,Android,Android 14,v5.0
DEV06659,POS,iOS 17,v4.1
DEV06660,iOS,Android 15,v4.3
DEV06661,Web,Android 13,v4.1
DEV06662,Android,macOS,v5.0
DEV06663,Web,iOS 18,v5.1
DEV06664,Android,iOS 18,v5.1
DEV06665,Android,iOS 17,v5.1
DEV06666,Web,Windows 11,v5.1
DEV06667,Web,iOS 18,v4.2
DEV06668,POS,Android 13,v4.3
DEV06669,Web,Windows 11,v4.2
DEV06670,Android,Android 14,v4.1
DEV06671,Android,Android 14,v5.1
DEV06672,iOS,Android 13,v4.1
DEV06673,Android,Android 14,v5.0
DEV06674,Web,Android 13,v4.3
DEV06675,iOS,Android 13,v5.0
DEV06676,POS,iOS 18,v4.3
DEV06677,iOS,Windows 11,v5.0
DEV06678,iOS,iOS 18,v5.0
DEV06679,Android,iOS 17,v4.3
DEV06680,Android,iOS 18,v4.1
DEV06681,Web,Android 14,v5.0
DEV06682,POS,Windows 11,v4.3
DEV06683,Android,iOS 18,v4.3
DEV06684,Web,Android 13,v5.0
DEV06685,iOS,iOS 18,v4.1
DEV06686,POS,Android 14,v5.1
DEV06687,Android,iOS 17,v4.2
DEV06688,iOS,Windows 11,v5.1
DEV06689,Android,Android 15,v5.0
DEV06690,iOS,Windows 11,v5.0
DEV06691,Android,Android 13,v4.3
DEV06692,iOS,Android 14,v4.1
DEV06693,iOS,Android 14,v4.1
DEV06694,Android,macOS,v5.0
DEV06695,Web,Android 15,v4.1
DEV06696,Web,iOS 17,v4.2
DEV06697,Web,Android 13,v4.1
DEV06698,Android,iOS 17,v4.1
DEV06699,Android,Android 15,v4.3
DEV06700,iOS,Android 13,v5.0
DEV06701,Android,iOS 18,v4.1
DEV06702,iOS,iOS 17,v5.0
DEV06703,Android,iOS 18,v4.1
DEV06704,Android,Android 13,v4.1
DEV06705,Android,Android 15,v4.1
DEV06706,Android,iOS 18,v4.3
DEV06707,POS,iOS 18,v4.1
DEV06708,POS,Android 14,v5.1
DEV06709,iOS,Android 13,v4.2
DEV06710,Android,Windows 11,v4.1
DEV06711,POS,Android 15,v5.1
DEV06712,POS,Android 14,v5.0
DEV06713,Web,iOS 17,v4.3
DEV06714,iOS,Android 15,v5.0
DEV06715,Android,macOS,v4.3
DEV06716,Android,Android 14,v5.0
DEV06717,Web,macOS,v5.0
DEV06718,Web,iOS 17,v4.2
DEV06719,iOS,macOS,v4.2
DEV06720,Android,Android 15,v4.2
DEV06721,iOS,Android 14,v5.0
DEV06722,Web,Android 15,v4.3
DEV06723,Web,iOS 18,v4.2
DEV06724,iOS,Android 14,v4.3
DEV06725,Android,iOS 18,v4.3
DEV06726,Android,Android 14,v4.1
DEV06727,Web,iOS 18,v5.1
DEV06728,Web,macOS,v5.0
DEV06729,Android,Android 13,v5.1
DEV06730,Android,iOS 18,v5.0
DEV06731,Web,Android 13,v4.3
DEV06732,Android,Windows 11,v5.1
DEV06733,iOS,Android 15,v4.1
DEV06734,iOS,macOS,v5.1
DEV06735,Web,iOS 17,v5.1
DEV06736,Web,iOS 17,v4.1
DEV06737,Android,iOS 17,v4.1
DEV06738,iOS,Android 13,v4.2
DEV06739,Android,iOS 17,v5.0
DEV06740,Web,iOS 17,v4.3
DEV06741,Web,iOS 18,v5.1
DEV06742,Android,Windows 11,v5.1
DEV06743,Android,iOS 17,v4.3
DEV06744,Android,Android 13,v4.1
DEV06745,iOS,iOS 18,v4.1
DEV06746,Android,Android 13,v5.1
DEV06747,Web,Android 14,v5.1
DEV06748,iOS,iOS 17,v4.3
DEV06749,iOS,Android 13,v4.3
DEV06750,Web,Android 13,v5.0
DEV06751,Android,iOS 18,v4.1
DEV06752,POS,Android 14,v4.2
DEV06753,Android,Android 14,v4.2
DEV06754,Android,iOS 17,v4.3
DEV06755,Android,macOS,v5.0
DEV06756,iOS,Windows 11,v5.1
DEV06757,Android,Android 15,v4.3
DEV06758,iOS,Android 15,v4.3
DEV06759,Android,iOS 18,v4.3
DEV06760,Web,macOS,v4.2
DEV06761,iOS,iOS 17,v4.3
DEV06762,iOS,iOS 18,v5.0
DEV06763,POS,Windows 11,v4.2
DEV06764,Web,iOS 17,v5.0
DEV06765,iOS,Android 14,v4.2
DEV06766,iOS,Android 15,v5.0
DEV06767,iOS,Android 13,v4.1
DEV06768,Android,Android 15,v4.1
DEV06769,Android,iOS 17,v4.2
DEV06770,Android,macOS,v4.1
DEV06771,Web,Windows 11,v5.1
DEV06772,Android,Android 15,v5.0
DEV06773,Android,Android 13,v4.2
DEV06774,Android,Android 14,v4.1
DEV06775,iOS,Android 14,v4.2
DEV06776,iOS,iOS 17,v5.1
DEV06777,Web,Android 15,v4.2
DEV06778,Android,iOS 17,v4.2
DEV06779,POS,Android 15,v4.3
DEV06780,iOS,macOS,v4.3
DEV06781,iOS,iOS 18,v4.3
DEV06782,POS,iOS 17,v4.3
DEV06783,POS,Android 15,v5.0
DEV06784,iOS,iOS 18,v5.1
DEV06785,POS,macOS,v4.2
DEV06786,iOS,iOS 17,v5.1
DEV06787,Android,macOS,v4.2
DEV06788,Android,Android 14,v4.3
DEV06789,iOS,Windows 11,v5.0
DEV06790,iOS,iOS 18,v4.2
DEV06791,iOS,macOS,v4.2
DEV06792,Web,iOS 17,v4.1
DEV06793,Android,Android 13,v5.0
DEV06794,Android,Windows 11,v5.0
DEV06795,Android,Android 14,v5.0
DEV06796,POS,Windows 11,v5.1
DEV06797,Web,Windows 11,v4.3
DEV06798,iOS,iOS 18,v4.1
DEV06799,Web,Android 15,v5.1
DEV06800,Web,Android 13,v4.3
DEV06801,POS,Android 15,v4.2
DEV06802,Android,Windows 11,v4.1
DEV06803,iOS,Android 13,v5.1
DEV06804,Android,iOS 17,v4.1
DEV06805,POS,macOS,v4.3
DEV06806,POS,iOS 17,v5.1
DEV06807,Web,Android 15,v5.1
DEV06808,iOS,Windows 11,v4.1
DEV06809,iOS,Android 15,v4.2
DEV06810,iOS,Android 15,v4.2
DEV06811,Android,iOS 18,v4.2
DEV06812,iOS,Windows 11,v4.3
DEV06813,Android,Android 14,v4.1
DEV06814,POS,Android 15,v4.3
DEV06815,Android,iOS 17,v4.3
DEV06816,POS,macOS,v4.2
DEV06817,Web,Windows 11,v4.2
DEV06818,Android,Windows 11,v4.2
DEV06819,Android,Windows 11,v4.1
DEV06820,POS,macOS,v4.1
DEV06821,Web,iOS 17,v4.2
DEV06822,Android,Android 15,v4.3
DEV06823,Android,Windows 11,v4.1
DEV06824,Web,Windows 11,v5.1
DEV06825,Android,macOS,v4.3
DEV06826,Android,Android 15,v4.3
DEV06827,Web,macOS,v5.0
DEV06828,iOS,iOS 17,v4.1
DEV06829,iOS,iOS 18,v5.1
DEV06830,POS,Windows 11,v4.1
DEV06831,iOS,Android 13,v4.3
DEV06832,Web,iOS 17,v4.1
DEV06833,Android,Android 13,v4.3
DEV06834,Android,Android 15,v5.1
DEV06835,Android,Android 14,v4.3
DEV06836,Android,Android 15,v4.2
DEV06837,POS,macOS,v4.3
DEV06838,POS,Android 15,v4.2
DEV06839,Web,Android 15,v5.1
DEV06840,iOS,Windows 11,v5.1
DEV06841,Web,iOS 17,v4.3
DEV06842,iOS,iOS 17,v4.2
DEV06843,Android,Android 14,v4.3
DEV06844,iOS,macOS,v5.1
DEV06845,iOS,Android 13,v4.2
DEV06846,Android,macOS,v5.0
DEV06847,Android,Android 13,v5.0
DEV06848,Android,Android 13,v5.1
DEV06849,iOS,Android 15,v4.2
DEV06850,Android,Android 14,v4.3
DEV06851,Web,Android 15,v5.1
DEV06852,Android,Android 14,v5.1
DEV06853,Android,iOS 18,v4.1
DEV06854,Web,iOS 17,v4.3
DEV06855,iOS,Windows 11,v4.3
DEV06856,Android,Windows 11,v5.0
DEV06857,Web,Windows 11,v4.1
DEV06858,Android,Android 15,v4.3
DEV06859,Web,iOS 18,v4.3
DEV06860,iOS,Android 13,v5.0
DEV06861,Android,Windows 11,v4.1
DEV06862,iOS,iOS 18,v4.1
DEV06863,Android,Windows 11,v4.2
DEV06864,Android,iOS 17,v5.1
DEV06865,Android,Windows 11,v4.2
DEV06866,Android,iOS 17,v4.1
DEV06867,Web,Windows 11,v5.0
DEV06868,Web,Windows 11,v4.2
DEV06869,Web,iOS 17,v5.0
DEV06870,Android,macOS,v4.1
DEV06871,iOS,Windows 11,v5.0
DEV06872,Android,iOS 18,v4.2
DEV06873,iOS,macOS,v4.1
DEV06874,Web,Android 13,v4.1
DEV06875,Android,Android 15,v4.2
DEV06876,POS,Windows 11,v5.1
DEV06877,Web,macOS,v4.2
DEV06878,Web,Android 13,v4.2
DEV06879,Web,macOS,v4.3
DEV06880,Web,macOS,v4.1
DEV06881,POS,Android 14,v4.3
DEV06882,Web,Android 14,v4.3
DEV06883,Android,Android 15,v4.3
DEV06884,iOS,Windows 11,v5.0
DEV06885,Android,Windows 11,v4.2
DEV06886,POS,iOS 17,v4.3
DEV06887,POS,Android 15,v5.0
DEV06888,iOS,iOS 18,v5.0
DEV06889,Web,Windows 11,v4.1
DEV06890,POS,iOS 17,v4.2
DEV06891,Android,Android 15,v5.1
DEV06892,iOS,Android 15,v4.2
DEV06893,iOS,macOS,v5.0
DEV06894,Web,iOS 18,v4.2
DEV06895,Android,iOS 18,v4.1
DEV06896,Web,Android 13,v4.2
DEV06897,Android,Android 14,v5.0
DEV06898,Android,Android 15,v5.0
DEV06899,Android,macOS,v4.3
DEV06900,Android,Android 13,v5.0
DEV06901,Android,iOS 17,v4.1
DEV06902,iOS,iOS 17,v5.0
DEV06903,iOS,Android 14,v4.2
DEV06904,Android,iOS 17,v5.1
DEV06905,iOS,Android 14,v5.0
DEV06906,iOS,iOS 17,v4.1
DEV06907,Android,iOS 17,v4.1
DEV06908,Android,Android 15,v4.1
DEV06909,Web,iOS 18,v4.1
DEV06910,Android,Android 15,v4.2
DEV06911,Android,Android 13,v4.3
DEV06912,POS,iOS 18,v5.1
DEV06913,Web,Android 15,v4.3
DEV06914,iOS,iOS 18,v4.3
DEV06915,iOS,iOS 18,v4.3
DEV06916,Web,iOS 18,v4.2
DEV06917,Web,iOS 17,v5.1
DEV06918,Android,iOS 18,v5.0
DEV06919,iOS,iOS 17,v5.0
DEV06920,iOS,Windows 11,v5.1
DEV06921,Android,iOS 18,v5.1
DEV06922,POS,iOS 17,v4.1
DEV06923,iOS,iOS 18,v4.3
DEV06924,Android,Android 13,v4.1
DEV06925,POS,Android 15,v4.2
DEV06926,Android,Windows 11,v4.2
DEV06927,Android,iOS 18,v5.1
DEV06928,Web,Android 13,v4.2
DEV06929,Android,Android 15,v5.1
DEV06930,Web,Android 14,v5.0
DEV06931,Android,Windows 11,v4.3
DEV06932,Android,Windows 11,v4.2
DEV06933,Android,iOS 18,v4.1
DEV06934,Web,Android 14,v4.2
DEV06935,Android,Android 15,v4.3
DEV06936,iOS,Android 15,v4.2
DEV06937,Web,iOS 18,v5.1
DEV06938,POS,Android 13,v4.2
DEV06939,Web,iOS 18,v5.0
DEV06940,Android,Android 13,v5.0
DEV06941,iOS,macOS,v4.2
DEV06942,Web,iOS 18,v4.1
DEV06943,Web,Android 13,v4.2
DEV06944,Web,iOS 17,v5.1
DEV06945,POS,Android 13,v5.1
DEV06946,Web,Android 13,v5.1
DEV06947,Android,Android 15,v4.1
DEV06948,Web,Android 14,v5.0
DEV06949,Web,iOS 18,v5.1
DEV06950,Web,Android 15,v5.1
DEV06951,POS,Android 14,v4.2
DEV06952,iOS,Android 15,v5.0
DEV06953,iOS,Windows 11,v5.1
DEV06954,Android,Android 15,v5.1
DEV06955,iOS,iOS 18,v4.2
DEV06956,iOS,Windows 11,v4.2
DEV06957,POS,iOS 17,v4.3
DEV06958,POS,Android 15,v4.2
DEV06959,Web,iOS 18,v4.2
DEV06960,Android,Android 13,v4.3
DEV06961,Android,Android 14,v5.1
DEV06962,Web,macOS,v4.2
DEV06963,Android,iOS 18,v4.1
DEV06964,Android,iOS 17,v4.3
DEV06965,Web,macOS,v4.3
DEV06966,Android,iOS 18,v5.1
DEV06967,Android,iOS 18,v4.2
DEV06968,iOS,Android 13,v4.1
DEV06969,POS,Android 14,v5.1
DEV06970,Web,macOS,v4.2
DEV06971,POS,Windows 11,v5.1
DEV06972,Web,Android 14,v4.3
DEV06973,iOS,iOS 17,v4.3
DEV06974,POS,Windows 11,v4.2
DEV06975,Android,Windows 11,v5.1
DEV06976,Android,Android 14,v4.2
DEV06977,iOS,Android 13,v5.0
DEV06978,Web,iOS 17,v4.2
DEV06979,POS,Android 13,v5.0
DEV06980,Android,Android 13,v4.3
DEV06981,iOS,Windows 11,v4.1
DEV06982,Web,iOS 18,v4.3
DEV06983,Android,iOS 18,v4.1
DEV06984,Web,iOS 18,v5.1
DEV06985,iOS,Windows 11,v4.1
DEV06986,Android,macOS,v5.1
DEV06987,iOS,Android 15,v5.0
DEV06988,Android,Android 13,v5.1
DEV06989,Web,Android 14,v4.2
DEV06990,POS,iOS 17,v4.2
DEV06991,iOS,Android 15,v4.2
DEV06992,Web,iOS 18,v4.3
DEV06993,Web,Windows 11,v4.2
DEV06994,Android,macOS,v5.1
DEV06995,iOS,Android 15,v5.1
DEV06996,iOS,Windows 11,v5.1
DEV06997,Android,Android 15,v4.2
DEV06998,Android,Android 13,v5.0
DEV06999,POS,Android 13,v5.0
DEV07000,iOS,Windows 11,v4.3
DEV07001,Android,Android 14,v5.1
DEV07002,Android,iOS 17,v5.1
DEV07003,Android,iOS 17,v4.3
DEV07004,Android,iOS 18,v5.1
DEV07005,Android,Android 14,v4.1
DEV07006,Android,iOS 17,v4.3
DEV07007,Android,macOS,v5.1
DEV07008,iOS,Android 15,v4.3
DEV07009,Android,Android 15,v4.1
DEV07010,Android,iOS 17,v4.1
DEV07011,Android,Android 15,v4.2
DEV07012,Android,Windows 11,v5.1
DEV07013,Android,Android 15,v4.1
DEV07014,iOS,Windows 11,v4.1
DEV07015,iOS,iOS 18,v4.1
DEV07016,Android,Android 15,v4.2
DEV07017,Web,Windows 11,v5.1
DEV07018,iOS,iOS 17,v4.3
DEV07019,Android,Android 13,v4.2
DEV07020,Android,Android 15,v5.1
DEV07021,POS,iOS 17,v4.1
DEV07022,POS,Android 15,v4.2
DEV07023,Android,macOS,v5.0
DEV07024,Android,Android 14,v5.0
DEV07025,iOS,Windows 11,v4.1
DEV07026,iOS,iOS 18,v5.1
DEV07027,Android,macOS,v5.1
DEV07028,iOS,Android 13,v4.2
DEV07029,Android,Windows 11,v5.0
DEV07030,Android,Android 15,v5.1
DEV07031,iOS,iOS 17,v4.2
DEV07032,POS,Android 13,v4.2
DEV07033,Android,Android 15,v5.0
DEV07034,Web,Android 14,v4.1
DEV07035,iOS,iOS 17,v4.2
DEV07036,Android,iOS 18,v4.1
DEV07037,Web,Android 15,v5.0
DEV07038,iOS,iOS 17,v4.2
DEV07039,iOS,macOS,v4.3
DEV07040,iOS,Android 15,v5.0
DEV07041,Android,iOS 18,v5.0
DEV07042,iOS,Android 14,v4.3
DEV07043,Android,Windows 11,v5.0
DEV07044,Android,iOS 18,v4.3
DEV07045,iOS,macOS,v4.3
DEV07046,Android,iOS 18,v5.0
DEV07047,Android,iOS 18,v4.3
DEV07048,Web,Windows 11,v4.3
DEV07049,Android,Android 13,v5.0
DEV07050,iOS,iOS 17,v4.3
DEV07051,POS,Android 15,v4.1
DEV07052,Android,Windows 11,v5.0
DEV07053,Android,Android 14,v5.0
DEV07054,iOS,Android 15,v4.1
DEV07055,iOS,Android 13,v5.1
DEV07056,iOS,Android 14,v4.2
DEV07057,Android,Android 13,v4.3
DEV07058,Android,Android 15,v4.3
DEV07059,Android,Android 14,v4.2
DEV07060,Web,macOS,v4.3
DEV07061,Android,Windows 11,v4.3
DEV07062,Web,Android 15,v4.1
DEV07063,Web,iOS 17,v4.1
DEV07064,Android,Android 13,v4.1
DEV07065,Android,iOS 17,v4.1
DEV07066,Android,macOS,v5.0
DEV07067,iOS,macOS,v4.3
DEV07068,Web,iOS 17,v4.2
DEV07069,Android,Android 15,v4.3
DEV07070,Android,macOS,v5.0
DEV07071,Android,Android 15,v5.0
DEV07072,Android,iOS 18,v4.3
DEV07073,iOS,iOS 18,v4.3
DEV07074,iOS,Android 14,v4.1
DEV07075,Android,Android 15,v5.0
DEV07076,iOS,Android 13,v4.3
DEV07077,Android,Android 15,v4.2
DEV07078,Android,Android 15,v4.2
DEV07079,Android,Windows 11,v4.1
DEV07080,iOS,iOS 17,v4.1
DEV07081,iOS,iOS 17,v4.3
DEV07082,Android,macOS,v4.2
DEV07083,Android,iOS 18,v5.0
DEV07084,Android,Windows 11,v5.1
DEV07085,Android,Android 14,v4.2
DEV07086,iOS,Android 14,v5.0
DEV07087,Android,Android 15,v4.2
DEV07088,Android,Windows 11,v4.3
DEV07089,Android,Android 13,v5.1
DEV07090,iOS,iOS 17,v5.1
DEV07091,Web,Android 13,v4.3
DEV07092,iOS,Windows 11,v4.3
DEV07093,Android,iOS 17,v4.1
DEV07094,Android,Windows 11,v5.0
DEV07095,Android,Windows 11,v5.0
DEV07096,Android,Android 15,v4.1
DEV07097,Android,Android 14,v5.0
DEV07098,Android,Windows 11,v5.1
DEV07099,Web,Android 15,v4.2
DEV07100,Android,iOS 17,v5.1
DEV07101,POS,Windows 11,v4.1
DEV07102,Web,Android 14,v5.0
DEV07103,Web,Android 13,v5.0
DEV07104,Web,Android 13,v4.2
DEV07105,Android,iOS 18,v4.2
DEV07106,Android,macOS,v4.2
DEV07107,Android,Android 13,v5.1
DEV07108,Android,iOS 18,v4.1
DEV07109,Android,Android 14,v4.1
DEV07110,Web,Android 15,v4.1
DEV07111,Android,Windows 11,v5.1
DEV07112,Android,Windows 11,v4.3
DEV07113,iOS,macOS,v5.0
DEV07114,Android,Android 15,v5.1
DEV07115,Android,Windows 11,v4.1
DEV07116,Android,Android 14,v5.1
DEV07117,Web,Windows 11,v5.1
DEV07118,iOS,macOS,v4.3
DEV07119,iOS,Windows 11,v4.2
DEV07120,Android,Android 14,v4.1
DEV07121,POS,iOS 17,v5.1
DEV07122,Android,Android 13,v4.2
DEV07123,Web,Android 13,v5.0
DEV07124,POS,Android 13,v5.0
DEV07125,iOS,iOS 18,v5.0
DEV07126,iOS,Android 13,v5.1
DEV07127,Android,Windows 11,v5.1
DEV07128,Android,Windows 11,v4.3
DEV07129,Web,iOS 17,v4.1
DEV07130,Android,Android 15,v4.2
DEV07131,POS,macOS,v5.0
DEV07132,iOS,Android 15,v4.2
DEV07133,Android,Windows 11,v4.3
DEV07134,iOS,iOS 18,v5.0
DEV07135,Android,iOS 17,v4.2
DEV07136,Android,Android 14,v4.1
DEV07137,Android,Windows 11,v4.1
DEV07138,Android,Android 15,v4.3
DEV07139,POS,macOS,v4.2
DEV07140,Android,iOS 17,v4.3
DEV07141,iOS,macOS,v4.3
DEV07142,Android,macOS,v4.3
DEV07143,Web,Android 14,v5.1
DEV07144,iOS,macOS,v4.1
DEV07145,iOS,iOS 18,v5.1
DEV07146,POS,Windows 11,v5.1
DEV07147,Web,Android 13,v4.1
DEV07148,iOS,Windows 11,v4.3
DEV07149,POS,iOS 17,v4.2
DEV07150,iOS,Windows 11,v4.3
DEV07151,Web,Android 15,v4.3
DEV07152,Android,iOS 18,v5.1
DEV07153,Android,Windows 11,v4.2
DEV07154,POS,iOS 17,v4.1
DEV07155,Android,iOS 18,v5.0
DEV07156,Android,Android 14,v4.1
DEV07157,Android,iOS 17,v4.2
DEV07158,Android,Windows 11,v4.1
DEV07159,Android,Windows 11,v5.1
DEV07160,iOS,Android 13,v4.2
DEV07161,POS,Android 14,v5.0
DEV07162,Android,Android 13,v5.0
DEV07163,Web,iOS 18,v4.2
DEV07164,Android,macOS,v4.1
DEV07165,Android,Android 13,v5.0
DEV07166,iOS,Android 14,v4.2
DEV07167,Web,Android 14,v4.2
DEV07168,Android,Android 14,v4.2
DEV07169,Android,Windows 11,v4.3
DEV07170,Android,iOS 18,v4.1
DEV07171,POS,Android 15,v4.2
DEV07172,Android,iOS 18,v4.2
DEV07173,iOS,Android 14,v4.3
DEV07174,Web,iOS 18,v5.1
DEV07175,iOS,macOS,v4.3
DEV07176,POS,iOS 17,v4.2
DEV07177,POS,macOS,v4.1
DEV07178,iOS,macOS,v4.3
DEV07179,iOS,iOS 17,v4.2
DEV07180,Android,Android 15,v4.1
DEV07181,POS,macOS,v4.3
DEV07182,Android,iOS 18,v5.0
DEV07183,Web,macOS,v4.1
DEV07184,Android,macOS,v4.2
DEV07185,Android,Windows 11,v4.1
DEV07186,Android,macOS,v4.1
DEV07187,iOS,iOS 18,v4.2
DEV07188,Android,iOS 17,v5.0
DEV07189,Android,Android 14,v4.1
DEV07190,Android,Android 13,v4.2
DEV07191,Android,Android 14,v4.1
DEV07192,iOS,Android 15,v5.1
DEV07193,Android,Android 13,v5.0
DEV07194,Android,Android 14,v5.1
DEV07195,iOS,iOS 18,v4.1
DEV07196,Web,Windows 11,v5.0
DEV07197,iOS,macOS,v4.2
DEV07198,POS,iOS 18,v5.1
DEV07199,Android,iOS 17,v5.0
DEV07200,Web,iOS 18,v5.0
DEV07201,iOS,iOS 18,v4.1
DEV07202,iOS,Android 15,v5.1
DEV07203,iOS,macOS,v4.2
DEV07204,Android,Windows 11,v4.3
DEV07205,Android,Android 13,v4.1
DEV07206,iOS,Android 14,v5.0
DEV07207,Android,Android 14,v5.1
DEV07208,iOS,Android 15,v4.3
DEV07209,Web,Android 13,v5.0
DEV07210,Android,macOS,v5.1
DEV07211,Android,iOS 18,v5.1
DEV07212,Android,Windows 11,v4.3
DEV07213,Android,macOS,v5.0
DEV07214,Android,Android 15,v4.3
DEV07215,Android,iOS 18,v4.2
DEV07216,Android,Android 14,v4.1
DEV07217,Android,Android 15,v4.1
DEV07218,Android,Windows 11,v4.2
DEV07219,POS,Android 15,v5.0
DEV07220,POS,Android 15,v4.3
DEV07221,Android,macOS,v4.1
DEV07222,Android,Android 14,v4.2
DEV07223,iOS,Windows 11,v5.1
DEV07224,Android,Android 14,v4.1
DEV07225,iOS,iOS 17,v4.1
DEV07226,Android,Windows 11,v4.2
DEV07227,Android,Android 14,v4.3
DEV07228,Web,Windows 11,v4.1
DEV07229,Web,Android 14,v4.3
DEV07230,POS,iOS 18,v4.2
DEV07231,Android,Android 14,v5.1
DEV07232,Web,Windows 11,v4.1
DEV07233,iOS,Android 13,v4.3
DEV07234,iOS,iOS 18,v4.3
DEV07235,Web,Windows 11,v5.0
DEV07236,POS,Windows 11,v4.3
DEV07237,Web,Windows 11,v4.3
DEV07238,Android,iOS 17,v4.2
DEV07239,iOS,Android 13,v4.3
DEV07240,iOS,iOS 17,v5.0
DEV07241,Web,Android 15,v5.1
DEV07242,iOS,macOS,v5.0
DEV07243,Android,Android 15,v5.1
DEV07244,Android,Android 15,v4.1
DEV07245,Android,macOS,v5.1
DEV07246,POS,Android 14,v5.1
DEV07247,Android,macOS,v5.0
DEV07248,iOS,Android 14,v4.2
DEV07249,Web,iOS 18,v4.2
DEV07250,Android,Android 13,v5.1
DEV07251,Web,macOS,v5.0
DEV07252,Web,Android 13,v4.2
DEV07253,Android,Windows 11,v4.2
DEV07254,Android,Android 15,v5.0
DEV07255,Web,Android 15,v5.1
DEV07256,Android,Windows 11,v4.1
DEV07257,iOS,Android 14,v5.0
DEV07258,iOS,iOS 17,v5.0
DEV07259,Android,Windows 11,v5.0
DEV07260,Android,macOS,v5.1
DEV07261,Android,Android 13,v5.1
DEV07262,Android,Android 13,v5.0
DEV07263,iOS,iOS 17,v4.2
DEV07264,iOS,Android 13,v4.1
DEV07265,Android,Android 13,v4.3
DEV07266,Web,macOS,v5.0
DEV07267,Android,Android 14,v5.0
DEV07268,POS,Android 13,v5.1
DEV07269,Android,Android 15,v5.1
DEV07270,Android,Android 15,v4.3
DEV07271,Web,iOS 18,v5.1
DEV07272,iOS,Android 14,v5.1
DEV07273,Android,Android 14,v4.2
DEV07274,Android,Android 15,v4.1
DEV07275,Android,Android 14,v4.2
DEV07276,Android,macOS,v5.0
DEV07277,Android,Android 14,v4.2
DEV07278,iOS,iOS 18,v4.3
DEV07279,Web,iOS 17,v4.2
DEV07280,Web,Windows 11,v5.1
DEV07281,Android,Android 13,v4.3
DEV07282,Web,iOS 18,v4.3
DEV07283,iOS,macOS,v5.0
DEV07284,Android,iOS 17,v5.0
DEV07285,Web,Android 13,v5.1
DEV07286,Android,Android 15,v4.1
DEV07287,Android,iOS 17,v4.3
DEV07288,Android,Android 13,v5.1
DEV07289,iOS,iOS 18,v5.0
DEV07290,Android,Android 13,v5.0
DEV07291,Web,Android 14,v4.1
DEV07292,iOS,Windows 11,v4.3
DEV07293,iOS,Android 13,v4.3
DEV07294,Android,Android 15,v5.1
DEV07295,Web,iOS 18,v4.1
DEV07296,iOS,macOS,v4.2
DEV07297,iOS,iOS 17,v5.1
DEV07298,Web,Android 13,v4.3
DEV07299,Android,iOS 18,v5.1
DEV07300,Android,Android 15,v5.1
DEV07301,iOS,macOS,v5.1
DEV07302,iOS,Windows 11,v5.1
DEV07303,Android,iOS 17,v4.3
DEV07304,Android,macOS,v4.1
DEV07305,Android,Android 13,v4.1
DEV07306,POS,Android 15,v5.0
DEV07307,Android,Android 14,v5.0
DEV07308,Android,iOS 18,v4.2
DEV07309,Web,iOS 18,v4.1
DEV07310,Android,Android 13,v5.1
DEV07311,iOS,Android 15,v5.0
DEV07312,iOS,iOS 17,v5.1
DEV07313,iOS,iOS 17,v4.2
DEV07314,iOS,iOS 17,v4.1
DEV07315,Android,iOS 17,v4.3
DEV07316,Web,Android 13,v4.2
DEV07317,Android,Android 13,v4.3
DEV07318,Android,macOS,v4.1
DEV07319,Android,iOS 18,v4.3
DEV07320,Web,macOS,v4.1
DEV07321,iOS,Android 15,v5.1
DEV07322,Web,Android 14,v4.2
DEV07323,iOS,Android 13,v5.1
DEV07324,Android,macOS,v4.1
DEV07325,Android,iOS 17,v4.1
DEV07326,iOS,Android 14,v5.1
DEV07327,Android,macOS,v5.1
DEV07328,Android,iOS 18,v5.1
DEV07329,Web,iOS 17,v4.2
DEV07330,Web,Windows 11,v4.2
DEV07331,Android,Android 15,v4.1
DEV07332,Web,Android 14,v5.0
DEV07333,iOS,iOS 18,v5.1
DEV07334,Android,macOS,v4.3
DEV07335,Android,Android 13,v4.3
DEV07336,Android,Android 15,v4.3
DEV07337,Android,iOS 17,v5.1
DEV07338,Android,Android 14,v5.0
DEV07339,POS,iOS 18,v5.0
DEV07340,iOS,Android 14,v4.2
DEV07341,Web,Android 15,v5.0
DEV07342,Android,macOS,v4.3
DEV07343,Android,Android 13,v4.3
DEV07344,Web,Android 13,v5.1
DEV07345,iOS,macOS,v4.2
DEV07346,Web,Windows 11,v4.1
DEV07347,Android,Android 15,v4.2
DEV07348,POS,iOS 17,v4.1
DEV07349,Android,Android 14,v4.2
DEV07350,Android,iOS 17,v5.0
DEV07351,Web,iOS 18,v4.2
DEV07352,Web,iOS 17,v5.1
DEV07353,Android,Windows 11,v4.1
DEV07354,POS,Android 15,v5.0
DEV07355,Web,Windows 11,v5.0
DEV07356,Android,Android 13,v4.2
DEV07357,Android,Windows 11,v5.0
DEV07358,Android,Android 15,v4.3
DEV07359,Android,Android 15,v4.3
DEV07360,iOS,Android 14,v4.3
DEV07361,Web,Android 15,v4.2
DEV07362,iOS,iOS 18,v4.1
DEV07363,iOS,Android 14,v4.2
DEV07364,Android,Android 14,v5.1
DEV07365,POS,iOS 17,v5.0
DEV07366,Android,Windows 11,v4.3
DEV07367,Android,Android 15,v4.2
DEV07368,iOS,iOS 17,v4.2
DEV07369,Web,iOS 17,v5.0
DEV07370,POS,Windows 11,v4.2
DEV07371,POS,Android 14,v4.3
DEV07372,POS,iOS 17,v5.0
DEV07373,iOS,iOS 17,v4.1
DEV07374,Android,Android 14,v4.3
DEV07375,iOS,Android 14,v5.1
DEV07376,Android,Android 13,v5.1
DEV07377,Android,Android 15,v5.0
DEV07378,Android,Android 13,v4.3
DEV07379,Android,Windows 11,v4.3
DEV07380,iOS,macOS,v4.3
DEV07381,Android,Android 14,v5.1
DEV07382,Android,iOS 18,v5.0
DEV07383,Web,iOS 17,v5.1
DEV07384,iOS,iOS 17,v4.2
DEV07385,POS,Android 14,v4.1
DEV07386,iOS,iOS 17,v5.1
DEV07387,Android,Android 13,v5.0
DEV07388,Android,iOS 17,v5.1
DEV07389,iOS,iOS 18,v4.2
DEV07390,Web,Android 15,v4.2
DEV07391,Android,Windows 11,v4.2
DEV07392,Web,Windows 11,v4.2
DEV07393,iOS,Windows 11,v4.1
DEV07394,Android,macOS,v4.3
DEV07395,iOS,Android 13,v4.2
DEV07396,iOS,Android 15,v4.1
DEV07397,Android,Android 15,v5.1
DEV07398,Android,iOS 18,v4.2
DEV07399,Web,Windows 11,v5.1
DEV07400,iOS,iOS 18,v5.1
DEV07401,Android,iOS 18,v5.0
DEV07402,POS,iOS 18,v4.1
DEV07403,Android,Windows 11,v4.1
DEV07404,Android,Android 13,v4.2
DEV07405,Android,macOS,v4.2
DEV07406,Web,iOS 18,v4.2
DEV07407,iOS,Android 13,v4.1
DEV07408,Web,iOS 17,v5.1
DEV07409,POS,Android 15,v5.1
DEV07410,Web,Windows 11,v4.2
DEV07411,Android,iOS 17,v5.1
DEV07412,Web,macOS,v4.2
DEV07413,Web,iOS 17,v4.3
DEV07414,Android,Android 14,v5.1
DEV07415,Android,Windows 11,v4.1
DEV07416,Web,iOS 17,v5.0
DEV07417,Android,iOS 17,v4.1
DEV07418,Android,Android 14,v4.1
DEV07419,Web,Windows 11,v5.0
DEV07420,Web,macOS,v4.2
DEV07421,Android,iOS 17,v5.1
DEV07422,iOS,Android 14,v4.1
DEV07423,iOS,macOS,v5.1
DEV07424,iOS,Android 13,v5.0
DEV07425,POS,Android 15,v5.0
DEV07426,Web,iOS 18,v5.1
DEV07427,iOS,iOS 17,v5.1
DEV07428,POS,macOS,v5.0
DEV07429,Android,Android 13,v4.2
DEV07430,Android,Android 15,v5.1
DEV07431,iOS,macOS,v4.3
DEV07432,Android,macOS,v4.3
DEV07433,Android,macOS,v5.1
DEV07434,Android,Android 13,v4.1
DEV07435,iOS,Android 14,v5.0
DEV07436,Web,macOS,v4.2
DEV07437,Android,Android 13,v4.3
DEV07438,iOS,macOS,v4.3
DEV07439,Android,iOS 17,v4.1
DEV07440,iOS,iOS 17,v5.1
DEV07441,iOS,Windows 11,v4.1
DEV07442,POS,iOS 18,v4.2
DEV07443,Android,iOS 18,v5.1
DEV07444,iOS,iOS 17,v4.3
DEV07445,Android,Android 13,v4.3
DEV07446,iOS,macOS,v5.0
DEV07447,Web,macOS,v4.2
DEV07448,POS,Windows 11,v4.3
DEV07449,Android,Windows 11,v4.1
DEV07450,Web,macOS,v4.3
DEV07451,Android,macOS,v4.1
DEV07452,Android,iOS 17,v4.1
DEV07453,Web,Android 13,v5.1
DEV07454,Android,iOS 17,v5.1
DEV07455,Android,Android 15,v4.3
DEV07456,Android,Android 13,v4.3
DEV07457,Android,Android 14,v4.1
DEV07458,Android,macOS,v5.1
DEV07459,Web,Android 14,v4.3
DEV07460,Android,macOS,v5.1
DEV07461,iOS,macOS,v4.2
DEV07462,Android,iOS 18,v4.1
DEV07463,iOS,Android 15,v5.1
DEV07464,Web,Android 14,v4.3
DEV07465,POS,macOS,v4.1
DEV07466,POS,iOS 17,v5.0
DEV07467,Android,Android 14,v4.1
DEV07468,POS,iOS 17,v4.2
DEV07469,Android,Android 15,v4.1
DEV07470,Android,Windows 11,v5.1
DEV07471,Web,Windows 11,v5.1
DEV07472,Android,Windows 11,v4.3
DEV07473,Android,macOS,v4.3
DEV07474,POS,iOS 18,v4.1
DEV07475,Web,Windows 11,v4.1
DEV07476,Android,Android 14,v4.1
DEV07477,Web,iOS 18,v5.1
DEV07478,Web,Windows 11,v5.1
DEV07479,POS,Windows 11,v5.0
DEV07480,iOS,Android 15,v5.0
DEV07481,Web,Android 13,v5.0
DEV07482,Web,Windows 11,v4.3
DEV07483,Web,Android 15,v5.1
DEV07484,iOS,Android 15,v4.1
DEV07485,iOS,macOS,v4.1
DEV07486,iOS,Android 15,v5.0
DEV07487,POS,Android 13,v4.3
DEV07488,Android,Android 13,v4.3
DEV07489,Android,Android 15,v5.0
DEV07490,Web,Android 13,v4.1
DEV07491,Android,iOS 17,v4.3
DEV07492,iOS,Android 15,v4.2
DEV07493,Android,Windows 11,v5.0
DEV07494,iOS,Android 14,v4.1
DEV07495,POS,iOS 17,v4.2
DEV07496,Web,Android 15,v5.1
DEV07497,Android,Android 14,v4.1
DEV07498,POS,macOS,v4.2
DEV07499,Android,Windows 11,v5.1
DEV07500,iOS,Android 14,v4.3
DEV07501,iOS,iOS 18,v4.1
DEV07502,POS,macOS,v4.1
DEV07503,Android,iOS 18,v4.3
DEV07504,Web,macOS,v4.1
DEV07505,Android,Android 14,v5.0
DEV07506,Android,Android 15,v4.2
DEV07507,POS,Android 15,v5.1
DEV07508,iOS,Android 15,v5.1
DEV07509,Web,Android 15,v4.2
DEV07510,Android,Android 14,v5.0
DEV07511,Web,Windows 11,v4.1
DEV07512,Web,Android 13,v4.3
DEV07513,iOS,macOS,v4.3
DEV07514,iOS,Android 13,v4.1
DEV07515,POS,Windows 11,v5.1
DEV07516,Web,Windows 11,v4.2
DEV07517,iOS,macOS,v4.2
DEV07518,iOS,Android 15,v5.1
DEV07519,Web,iOS 18,v4.2
DEV07520,Android,Android 14,v5.1
DEV07521,iOS,Android 13,v5.0
DEV07522,POS,Windows 11,v4.1
DEV07523,POS,Android 14,v5.1
DEV07524,Web,iOS 18,v5.0
DEV07525,Android,Windows 11,v5.1
DEV07526,POS,Android 14,v5.0
DEV07527,iOS,iOS 18,v5.0
DEV07528,Android,Windows 11,v5.0
DEV07529,iOS,iOS 18,v4.1
DEV07530,Web,macOS,v5.1
DEV07531,Android,iOS 17,v5.1
DEV07532,POS,Windows 11,v5.1
DEV07533,POS,iOS 18,v5.0
DEV07534,Android,iOS 17,v4.2
DEV07535,POS,Windows 11,v4.2
DEV07536,POS,Windows 11,v5.1
DEV07537,Android,iOS 18,v4.2
DEV07538,Android,macOS,v4.2
DEV07539,Android,iOS 18,v4.2
DEV07540,Android,Android 14,v5.0
DEV07541,Web,macOS,v5.1
DEV07542,Android,macOS,v5.1
DEV07543,POS,iOS 17,v4.3
DEV07544,POS,Windows 11,v4.3
DEV07545,Android,Android 13,v4.2
DEV07546,iOS,Android 13,v5.1
DEV07547,iOS,Android 14,v4.2
DEV07548,iOS,Android 13,v5.0
DEV07549,Android,Android 13,v5.1
DEV07550,Android,iOS 18,v5.0
DEV07551,Android,Android 15,v5.0
DEV07552,Android,Android 15,v5.1
DEV07553,POS,Android 13,v4.2
DEV07554,Android,Android 14,v4.3
DEV07555,Android,Android 14,v4.2
DEV07556,iOS,iOS 17,v4.3
DEV07557,Android,Android 14,v4.1
DEV07558,Android,Android 14,v4.3
DEV07559,iOS,iOS 18,v5.1
DEV07560,iOS,iOS 18,v4.3
DEV07561,Android,Windows 11,v4.1
DEV07562,iOS,Android 13,v4.3
DEV07563,iOS,Windows 11,v4.2
DEV07564,iOS,Android 14,v4.3
DEV07565,Web,Android 15,v5.1
DEV07566,Android,Android 14,v5.1
DEV07567,iOS,macOS,v5.0
DEV07568,Web,Android 14,v4.2
DEV07569,POS,Android 13,v4.2
DEV07570,Web,Android 15,v4.3
DEV07571,iOS,Android 13,v4.3
DEV07572,iOS,Android 14,v5.1
DEV07573,iOS,Android 15,v5.0
DEV07574,Web,Android 14,v4.1
DEV07575,Web,Windows 11,v4.3
DEV07576,Android,Android 13,v4.2
DEV07577,Android,macOS,v4.3
DEV07578,Android,Android 13,v5.0
DEV07579,Android,iOS 18,v4.2
DEV07580,POS,Android 15,v5.0
DEV07581,Android,iOS 18,v4.2
DEV07582,Android,Windows 11,v4.3
DEV07583,Web,macOS,v5.0
DEV07584,Android,Android 15,v5.1
DEV07585,Android,iOS 17,v4.2
DEV07586,iOS,macOS,v5.0
DEV07587,iOS,Android 15,v5.0
DEV07588,Android,macOS,v4.1
DEV07589,iOS,macOS,v4.1
DEV07590,Android,Android 14,v4.3
DEV07591,iOS,Android 15,v5.1
DEV07592,Android,iOS 18,v5.1
DEV07593,Web,Android 13,v5.0
DEV07594,Android,Android 13,v5.0
DEV07595,iOS,Android 15,v5.0
DEV07596,iOS,iOS 17,v4.2
DEV07597,Android,Android 13,v4.3
DEV07598,Android,Windows 11,v4.3
DEV07599,Web,Android 13,v4.1
DEV07600,Android,macOS,v5.0
DEV07601,Web,Windows 11,v5.0
DEV07602,Android,Windows 11,v4.2
DEV07603,Web,Windows 11,v5.0
DEV07604,POS,Android 13,v5.0
DEV07605,Android,iOS 17,v4.3
DEV07606,iOS,iOS 18,v5.0
DEV07607,iOS,Android 15,v4.2
DEV07608,Web,Windows 11,v4.2
DEV07609,Android,iOS 17,v5.1
DEV07610,iOS,macOS,v5.1
DEV07611,iOS,macOS,v4.1
DEV07612,Android,Android 15,v4.2
DEV07613,Android,Android 14,v4.2
DEV07614,Android,Windows 11,v4.3
DEV07615,Web,Android 15,v5.1
DEV07616,Android,Windows 11,v4.1
DEV07617,iOS,Android 13,v4.3
DEV07618,Android,iOS 17,v4.3
DEV07619,Android,Windows 11,v5.1
DEV07620,iOS,iOS 17,v4.3
DEV07621,Web,iOS 18,v5.1
DEV07622,iOS,Android 14,v4.2
DEV07623,Web,macOS,v4.2
DEV07624,iOS,macOS,v5.1
DEV07625,Web,iOS 18,v5.0
DEV07626,iOS,iOS 18,v5.0
DEV07627,POS,Android 14,v4.1
DEV07628,iOS,Android 13,v5.0
DEV07629,iOS,iOS 17,v4.1
DEV07630,iOS,Android 15,v5.1
DEV07631,Android,Android 14,v5.1
DEV07632,Android,iOS 18,v5.1
DEV07633,Android,macOS,v4.1
DEV07634,Web,Android 15,v4.3
DEV07635,Android,Windows 11,v4.1
DEV07636,Android,Android 14,v4.3
DEV07637,POS,Windows 11,v4.2
DEV07638,iOS,Android 14,v4.2
DEV07639,Android,Android 13,v4.3
DEV07640,Web,Windows 11,v4.3
DEV07641,Android,Android 13,v5.0
DEV07642,iOS,iOS 17,v4.3
DEV07643,iOS,iOS 17,v4.3
DEV07644,Android,Android 15,v5.1
DEV07645,Android,iOS 17,v4.1
DEV07646,Android,Windows 11,v4.3
DEV07647,Android,Windows 11,v5.1
DEV07648,Android,Android 14,v4.3
DEV07649,POS,Android 14,v5.0
DEV07650,Android,Android 14,v4.3
DEV07651,Web,Windows 11,v4.3
DEV07652,iOS,Android 14,v5.1
DEV07653,iOS,Android 13,v4.3
DEV07654,Android,Android 14,v5.1
DEV07655,Android,Android 14,v4.1
DEV07656,iOS,Android 14,v5.1
DEV07657,Web,iOS 18,v4.1
DEV07658,Android,Windows 11,v4.3
DEV07659,iOS,Windows 11,v4.1
DEV07660,Android,Android 15,v4.2
DEV07661,iOS,Windows 11,v4.2
DEV07662,iOS,macOS,v5.1
DEV07663,Web,Android 15,v5.0
DEV07664,Android,Android 14,v4.3
DEV07665,Android,Windows 11,v4.2
DEV07666,iOS,Android 14,v5.0
DEV07667,POS,Android 15,v5.1
DEV07668,Android,iOS 17,v4.1
DEV07669,Android,iOS 18,v4.3
DEV07670,iOS,iOS 18,v4.1
DEV07671,Android,Windows 11,v4.3
DEV07672,Web,iOS 17,v4.2
DEV07673,Android,Android 14,v5.0
DEV07674,Web,Android 15,v5.1
DEV07675,iOS,macOS,v4.3
DEV07676,iOS,iOS 18,v4.2
DEV07677,Android,iOS 17,v5.1
DEV07678,Web,macOS,v4.3
DEV07679,Android,iOS 17,v4.2
DEV07680,iOS,Android 13,v5.1
DEV07681,Web,Windows 11,v4.1
DEV07682,iOS,iOS 17,v5.0
DEV07683,Android,Android 13,v5.0
DEV07684,POS,Android 13,v4.1
DEV07685,Android,Windows 11,v5.0
DEV07686,POS,iOS 18,v5.0
DEV07687,Android,macOS,v4.3
DEV07688,Android,macOS,v4.2
DEV07689,Android,Android 14,v4.1
DEV07690,Android,Android 14,v4.2
DEV07691,Android,iOS 17,v5.0
DEV07692,Android,Android 15,v4.2
DEV07693,POS,macOS,v5.1
DEV07694,Web,macOS,v4.1
DEV07695,Android,Android 15,v4.1
DEV07696,Android,Android 13,v4.1
DEV07697,iOS,macOS,v4.3
DEV07698,Android,Windows 11,v4.2
DEV07699,Web,iOS 17,v4.2
DEV07700,iOS,iOS 17,v4.3
DEV07701,iOS,Android 14,v4.1
DEV07702,iOS,Android 15,v4.3
DEV07703,iOS,iOS 18,v4.3
DEV07704,Android,macOS,v5.0
DEV07705,Android,macOS,v4.1
DEV07706,Android,Windows 11,v5.1
DEV07707,iOS,iOS 17,v5.0
DEV07708,iOS,iOS 17,v4.1
DEV07709,Web,Android 14,v4.1
DEV07710,Android,iOS 18,v4.1
DEV07711,iOS,iOS 18,v4.2
DEV07712,Android,iOS 18,v4.1
DEV07713,iOS,Windows 11,v4.1
DEV07714,Web,iOS 18,v5.1
DEV07715,Web,macOS,v4.1
DEV07716,POS,Android 15,v4.3
DEV07717,POS,Windows 11,v4.1
DEV07718,Web,macOS,v4.1
DEV07719,Android,Android 13,v4.1
DEV07720,Android,macOS,v4.2
DEV07721,iOS,iOS 18,v5.0
DEV07722,POS,Android 13,v4.2
DEV07723,Android,Android 13,v5.1
DEV07724,Android,macOS,v5.1
DEV07725,POS,Android 14,v4.3
DEV07726,Android,iOS 18,v4.3
DEV07727,Web,Android 15,v5.1
DEV07728,Web,Android 14,v5.0
DEV07729,Web,macOS,v5.0
DEV07730,Web,Android 14,v5.1
DEV07731,Web,macOS,v4.1
DEV07732,iOS,Android 13,v4.2
DEV07733,Android,iOS 17,v4.2
DEV07734,iOS,Android 15,v4.1
DEV07735,Web,Windows 11,v5.0
DEV07736,Android,iOS 18,v4.2
DEV07737,Android,iOS 18,v4.2
DEV07738,Android,Android 15,v4.3
DEV07739,iOS,iOS 18,v5.0
DEV07740,Android,iOS 17,v5.1
DEV07741,Web,Windows 11,v5.1
DEV07742,Android,iOS 17,v4.1
DEV07743,Android,iOS 18,v4.2
DEV07744,Android,Android 14,v5.1
DEV07745,iOS,Windows 11,v4.1
DEV07746,Android,Windows 11,v4.3
DEV07747,Android,iOS 18,v5.0
DEV07748,POS,iOS 18,v4.2
DEV07749,Web,Android 15,v4.2
DEV07750,Web,iOS 17,v4.1
DEV07751,iOS,Windows 11,v4.2
DEV07752,Web,Android 14,v5.0
DEV07753,Web,Android 15,v5.1
DEV07754,POS,Android 15,v4.1
DEV07755,Android,Android 14,v5.0
DEV07756,Android,Android 14,v4.2
DEV07757,Android,Android 15,v5.1
DEV07758,POS,iOS 18,v5.0
DEV07759,iOS,macOS,v5.1
DEV07760,Android,Android 14,v5.1
DEV07761,iOS,Windows 11,v4.1
DEV07762,Web,Android 13,v4.2
DEV07763,POS,Android 14,v4.3
DEV07764,Web,Windows 11,v4.3
DEV07765,Web,Android 15,v4.3
DEV07766,Android,Android 13,v5.0
DEV07767,iOS,Android 15,v4.3
DEV07768,Web,iOS 17,v4.2
DEV07769,Web,iOS 17,v4.3
DEV07770,Web,iOS 18,v5.1
DEV07771,Android,Android 14,v5.1
DEV07772,Android,macOS,v5.1
DEV07773,Android,macOS,v4.3
DEV07774,iOS,Android 15,v4.2
DEV07775,iOS,Android 13,v4.2
DEV07776,POS,Windows 11,v4.3
DEV07777,Web,Android 14,v4.2
DEV07778,Android,iOS 18,v4.3
DEV07779,Android,Android 15,v4.2
DEV07780,Web,Windows 11,v4.1
DEV07781,iOS,Windows 11,v4.1
DEV07782,iOS,Android 15,v4.2
DEV07783,iOS,iOS 17,v5.1
DEV07784,Android,iOS 18,v4.1
DEV07785,Android,Windows 11,v5.0
DEV07786,Android,Android 15,v4.3
DEV07787,Android,iOS 17,v5.0
DEV07788,iOS,macOS,v4.2
DEV07789,iOS,macOS,v4.2
DEV07790,POS,iOS 17,v5.1
DEV07791,Web,Android 13,v4.1
DEV07792,iOS,Windows 11,v4.1
DEV07793,iOS,iOS 18,v5.0
DEV07794,iOS,iOS 18,v4.1
DEV07795,Android,macOS,v4.2
DEV07796,POS,Android 15,v5.1
DEV07797,iOS,macOS,v4.3
DEV07798,POS,Android 13,v5.0
DEV07799,POS,Android 14,v5.0
DEV07800,iOS,Android 15,v4.3
DEV07801,Android,iOS 17,v4.2
DEV07802,iOS,Android 14,v5.0
DEV07803,iOS,Android 14,v4.1
DEV07804,Web,Windows 11,v4.1
DEV07805,Android,Android 15,v4.1
DEV07806,iOS,Windows 11,v5.1
DEV07807,POS,Android 13,v4.3
DEV07808,POS,iOS 18,v4.2
DEV07809,Android,Android 13,v4.1
DEV07810,Web,Android 15,v4.1
DEV07811,Android,iOS 18,v5.1
DEV07812,Web,Android 14,v4.1
DEV07813,Android,macOS,v5.1
DEV07814,POS,macOS,v4.3
DEV07815,Web,iOS 17,v5.0
DEV07816,Android,Windows 11,v4.1
DEV07817,Android,Android 13,v4.1
DEV07818,Android,Windows 11,v4.3
DEV07819,Web,Windows 11,v5.0
DEV07820,Web,macOS,v5.1
DEV07821,Web,iOS 18,v5.0
DEV07822,Web,Android 13,v4.1
DEV07823,Web,iOS 18,v4.3
DEV07824,POS,iOS 17,v4.2
DEV07825,Web,Windows 11,v4.3
DEV07826,Android,Android 15,v5.1
DEV07827,Web,macOS,v5.1
DEV07828,Android,Android 15,v4.1
DEV07829,POS,iOS 18,v4.3
DEV07830,Android,iOS 18,v4.2
DEV07831,Android,Android 15,v4.3
DEV07832,Android,Android 14,v5.1
DEV07833,iOS,macOS,v4.3
DEV07834,Android,Android 14,v4.1
DEV07835,POS,macOS,v5.1
DEV07836,Android,Android 14,v4.3
DEV07837,Android,macOS,v4.3
DEV07838,Android,iOS 17,v4.1
DEV07839,Android,iOS 18,v4.1
DEV07840,Android,Android 13,v4.3
DEV07841,Android,Android 13,v4.2
DEV07842,Android,iOS 18,v5.1
DEV07843,Android,Android 15,v4.3
DEV07844,Android,iOS 18,v4.1
DEV07845,Web,Android 14,v5.1
DEV07846,iOS,Android 14,v4.1
DEV07847,Android,Android 13,v5.1
DEV07848,Android,iOS 18,v4.3
DEV07849,iOS,Android 13,v5.0
DEV07850,Android,Android 15,v5.0
DEV07851,iOS,Windows 11,v5.1
DEV07852,POS,Windows 11,v4.1
DEV07853,Android,Windows 11,v4.1
DEV07854,Android,iOS 17,v4.1
DEV07855,Android,macOS,v4.3
DEV07856,iOS,iOS 17,v5.1
DEV07857,Android,Android 15,v4.3
DEV07858,iOS,Android 14,v5.0
DEV07859,POS,Android 14,v5.0
DEV07860,Android,Android 14,v4.1
DEV07861,Android,Android 13,v4.1
DEV07862,Web,macOS,v5.1
DEV07863,Android,Windows 11,v5.0
DEV07864,Android,Android 13,v5.1
DEV07865,iOS,iOS 17,v5.0
DEV07866,Android,Android 14,v4.2
DEV07867,Web,Android 14,v5.1
DEV07868,Android,macOS,v4.2
DEV07869,iOS,Windows 11,v4.3
DEV07870,Web,macOS,v5.0
DEV07871,Android,Android 15,v4.2
DEV07872,Android,iOS 17,v4.3
DEV07873,Android,Windows 11,v5.1
DEV07874,Web,Android 13,v4.2
DEV07875,Web,iOS 17,v4.2
DEV07876,Android,Windows 11,v4.3
DEV07877,Web,Android 14,v4.2
DEV07878,Web,Android 14,v4.3
DEV07879,POS,Android 13,v5.0
DEV07880,Android,macOS,v5.0
DEV07881,Web,Android 13,v5.0
DEV07882,iOS,iOS 17,v4.2
DEV07883,Web,iOS 18,v4.2
DEV07884,Android,Android 14,v4.1
DEV07885,Android,Android 14,v4.1
DEV07886,Web,iOS 18,v4.3
DEV07887,Web,iOS 17,v4.2
DEV07888,Android,Android 15,v4.3
DEV07889,iOS,Android 15,v5.1
DEV07890,Android,Android 14,v4.2
DEV07891,Android,Android 15,v5.1
DEV07892,Android,macOS,v4.2
DEV07893,Android,iOS 17,v5.0
DEV07894,iOS,Android 15,v4.3
DEV07895,Android,Android 13,v4.1
DEV07896,Android,iOS 17,v5.0
DEV07897,POS,iOS 18,v4.1
DEV07898,Android,Android 14,v4.2
DEV07899,iOS,iOS 17,v5.1
DEV07900,Web,Android 15,v5.1
DEV07901,Android,iOS 17,v5.0
DEV07902,Android,Windows 11,v4.1
DEV07903,iOS,iOS 18,v4.3
DEV07904,iOS,Windows 11,v4.3
DEV07905,iOS,iOS 17,v4.3
DEV07906,iOS,iOS 18,v4.1
DEV07907,POS,iOS 18,v5.1
DEV07908,Android,iOS 17,v5.1
DEV07909,Web,Android 14,v5.0
DEV07910,Android,macOS,v4.1
DEV07911,Android,Android 14,v4.2
DEV07912,Android,Android 15,v4.2
DEV07913,iOS,Windows 11,v4.3
DEV07914,Web,iOS 17,v5.1
DEV07915,Android,Windows 11,v5.1
DEV07916,Android,Windows 11,v4.1
DEV07917,Android,iOS 17,v4.1
DEV07918,Android,Android 13,v5.0
DEV07919,Web,Android 14,v4.1
DEV07920,Web,iOS 18,v5.0
DEV07921,Web,Android 13,v4.3
DEV07922,iOS,iOS 17,v4.3
DEV07923,iOS,Android 13,v5.1
DEV07924,Android,Android 14,v5.1
DEV07925,iOS,iOS 17,v5.1
DEV07926,iOS,Windows 11,v4.2
DEV07927,POS,Windows 11,v5.0
DEV07928,POS,Android 14,v4.3
DEV07929,POS,Android 13,v5.0
DEV07930,Android,Android 15,v4.2
DEV07931,Android,macOS,v4.2
DEV07932,Web,iOS 18,v4.3
DEV07933,Web,iOS 18,v4.3
DEV07934,Web,macOS,v5.1
DEV07935,Android,macOS,v4.2
DEV07936,Web,Android 15,v5.1
DEV07937,iOS,Android 15,v4.3
DEV07938,iOS,Android 15,v4.2
DEV07939,Web,Android 14,v4.2
DEV07940,Android,iOS 17,v4.1
DEV07941,iOS,Android 15,v4.2
DEV07942,iOS,Android 14,v5.1
DEV07943,iOS,Windows 11,v4.1
DEV07944,Android,Android 13,v4.2
DEV07945,iOS,Android 13,v4.1
DEV07946,iOS,Android 15,v4.2
DEV07947,iOS,Android 13,v5.0
DEV07948,Web,Android 15,v5.1
DEV07949,Android,Android 13,v5.1
DEV07950,Web,Android 13,v4.1
DEV07951,Android,iOS 17,v5.0
DEV07952,Web,macOS,v4.1
DEV07953,Android,iOS 17,v4.1
DEV07954,Android,Android 13,v4.3
DEV07955,Web,iOS 17,v4.1
DEV07956,Android,Android 15,v4.2
DEV07957,POS,iOS 18,v4.3
DEV07958,Android,Android 15,v4.3
DEV07959,POS,iOS 17,v4.1
DEV07960,iOS,Android 14,v4.3
DEV07961,iOS,macOS,v5.1
DEV07962,Android,Android 13,v4.3
DEV07963,Android,iOS 17,v4.3
DEV07964,Android,Windows 11,v4.2
DEV07965,iOS,Windows 11,v5.1
DEV07966,iOS,macOS,v4.3
DEV07967,Web,macOS,v4.2
DEV07968,Web,iOS 17,v5.1
DEV07969,iOS,iOS 17,v4.3
DEV07970,Android,Windows 11,v4.1
DEV07971,Android,macOS,v4.3
DEV07972,Web,Android 15,v5.1
DEV07973,Android,macOS,v4.3
DEV07974,iOS,Android 13,v5.1
DEV07975,Android,iOS 18,v4.1
DEV07976,Android,Windows 11,v4.3
DEV07977,iOS,Windows 11,v5.1
DEV07978,iOS,Windows 11,v4.2
DEV07979,iOS,macOS,v4.3
DEV07980,iOS,macOS,v4.1
DEV07981,Android,iOS 17,v4.2
DEV07982,Android,macOS,v4.3
DEV07983,Web,Android 14,v5.1
DEV07984,iOS,Windows 11,v5.0
DEV07985,Android,Android 13,v4.2
DEV07986,iOS,macOS,v5.1
DEV07987,iOS,macOS,v4.2
DEV07988,Android,iOS 18,v4.3
DEV07989,Web,Windows 11,v4.1
DEV07990,iOS,Android 14,v4.1
DEV07991,Android,Windows 11,v4.2
DEV07992,iOS,macOS,v5.0
DEV07993,iOS,iOS 18,v4.3
DEV07994,POS,iOS 18,v5.1
DEV07995,Web,Windows 11,v4.3
DEV07996,Android,macOS,v5.0
DEV07997,Android,Android 13,v5.1
DEV07998,Web,Android 15,v5.0
DEV07999,Web,Android 14,v4.3
DEV08000,Android,Windows 11,v4.3
DEV08001,Android,iOS 17,v4.2
DEV08002,Web,iOS 18,v5.0
DEV08003,Web,Android 14,v4.1
DEV08004,Android,Android 13,v5.0
DEV08005,iOS,Android 14,v5.0
DEV08006,Android,iOS 17,v5.1
DEV08007,Android,iOS 17,v5.1
DEV08008,Android,Android 13,v4.2
DEV08009,iOS,Android 14,v4.1
DEV08010,Web,Windows 11,v4.3
DEV08011,iOS,Android 15,v4.1
DEV08012,Android,Android 15,v4.1
DEV08013,Web,Windows 11,v4.1
DEV08014,Android,iOS 18,v4.2
DEV08015,Web,Windows 11,v4.2
DEV08016,Web,macOS,v4.1
DEV08017,Android,iOS 18,v4.3
DEV08018,Android,Android 14,v4.3
DEV08019,Web,Windows 11,v4.3
DEV08020,iOS,macOS,v4.2
DEV08021,Android,iOS 18,v5.1
DEV08022,Web,iOS 17,v4.3
DEV08023,Android,Android 13,v5.1
DEV08024,Android,iOS 18,v4.1
DEV08025,iOS,Windows 11,v4.3
DEV08026,iOS,Android 15,v4.1
DEV08027,Android,Windows 11,v4.1
DEV08028,Android,iOS 17,v5.0
DEV08029,iOS,macOS,v4.1
DEV08030,iOS,Android 15,v4.1
DEV08031,Web,iOS 18,v4.2
DEV08032,iOS,Windows 11,v4.1
DEV08033,iOS,iOS 18,v4.3
DEV08034,Android,macOS,v4.2
DEV08035,Web,iOS 17,v5.0
DEV08036,Android,Android 15,v5.0
DEV08037,iOS,Android 13,v4.1
DEV08038,POS,Android 13,v5.1
DEV08039,Web,macOS,v5.0
DEV08040,iOS,iOS 17,v5.0
DEV08041,Web,Windows 11,v5.0
DEV08042,POS,iOS 18,v4.3
DEV08043,Web,Windows 11,v5.1
DEV08044,iOS,iOS 17,v4.1
DEV08045,iOS,Android 15,v4.1
DEV08046,Android,Android 13,v4.2
DEV08047,iOS,iOS 18,v4.3
DEV08048,Android,Android 15,v5.1
DEV08049,iOS,Android 13,v4.2
DEV08050,iOS,Android 13,v5.1
DEV08051,Android,Android 14,v5.0
DEV08052,Android,iOS 18,v5.1
DEV08053,Android,iOS 17,v4.2
DEV08054,Android,Android 14,v4.3
DEV08055,Android,Android 13,v4.3
DEV08056,POS,iOS 18,v5.0
DEV08057,Web,macOS,v4.1
DEV08058,Android,macOS,v4.2
DEV08059,Android,iOS 18,v4.1
DEV08060,iOS,Android 14,v5.0
DEV08061,iOS,Android 15,v5.1
DEV08062,iOS,Android 15,v5.1
DEV08063,Android,macOS,v5.0
DEV08064,Android,iOS 17,v4.3
DEV08065,Android,iOS 18,v4.2
DEV08066,iOS,Windows 11,v5.0
DEV08067,Web,Android 14,v5.0
DEV08068,Web,Android 13,v4.2
DEV08069,Android,Android 15,v4.3
DEV08070,Web,Android 14,v4.3
DEV08071,POS,iOS 17,v4.2
DEV08072,Web,iOS 17,v4.1
DEV08073,Web,Windows 11,v5.1
DEV08074,POS,iOS 18,v4.2
DEV08075,Android,iOS 17,v4.3
DEV08076,Android,iOS 17,v4.1
DEV08077,POS,Windows 11,v5.0
DEV08078,iOS,Windows 11,v5.0
DEV08079,Web,Android 15,v5.0
DEV08080,Web,Android 15,v5.1
DEV08081,Android,iOS 17,v4.3
DEV08082,iOS,macOS,v4.1
DEV08083,iOS,Windows 11,v4.3
DEV08084,Android,macOS,v5.1
DEV08085,Android,iOS 18,v5.1
DEV08086,iOS,Android 15,v4.2
DEV08087,Android,Android 15,v4.3
DEV08088,Android,Windows 11,v5.0
DEV08089,Android,macOS,v4.2
DEV08090,Web,iOS 17,v4.3
DEV08091,Web,iOS 18,v4.2
DEV08092,iOS,macOS,v4.2
DEV08093,Android,macOS,v4.1
DEV08094,POS,iOS 17,v4.2
DEV08095,Android,Android 13,v5.1
DEV08096,Android,Android 13,v5.0
DEV08097,Android,macOS,v4.1
DEV08098,Android,Windows 11,v4.2
DEV08099,Android,iOS 18,v4.1
DEV08100,Android,Android 13,v5.0
DEV08101,Android,Windows 11,v5.0
DEV08102,iOS,iOS 18,v4.1
DEV08103,Android,Android 13,v4.3
DEV08104,iOS,Android 14,v5.0
DEV08105,iOS,Android 15,v5.1
DEV08106,Android,Windows 11,v5.1
DEV08107,Web,macOS,v4.2
DEV08108,iOS,iOS 17,v4.3
DEV08109,Android,iOS 18,v4.3
DEV08110,Android,Android 13,v4.2
DEV08111,Web,macOS,v5.0
DEV08112,Web,Android 14,v4.1
DEV08113,iOS,Android 13,v4.3
DEV08114,Android,Android 14,v4.3
DEV08115,iOS,iOS 17,v5.0
DEV08116,iOS,Android 15,v4.1
DEV08117,Web,macOS,v5.1
DEV08118,iOS,Android 15,v4.3
DEV08119,Android,Android 14,v5.0
DEV08120,Android,Windows 11,v4.3
DEV08121,Android,macOS,v5.1
DEV08122,iOS,Android 13,v4.2
DEV08123,Android,Android 15,v5.0
DEV08124,iOS,Android 13,v4.1
DEV08125,Web,iOS 18,v4.2
DEV08126,Android,Android 13,v4.1
DEV08127,iOS,Windows 11,v5.1
DEV08128,iOS,iOS 18,v4.1
DEV08129,iOS,iOS 18,v4.3
DEV08130,Web,Android 15,v5.1
DEV08131,Web,iOS 18,v4.2
DEV08132,Android,Android 13,v4.3
DEV08133,Web,macOS,v4.3
DEV08134,Web,iOS 17,v5.1
DEV08135,Web,Windows 11,v4.1
DEV08136,iOS,Android 13,v4.1
DEV08137,Android,Android 14,v4.2
DEV08138,Android,macOS,v5.1
DEV08139,iOS,Android 14,v4.2
DEV08140,Android,Android 13,v5.0
DEV08141,Web,Android 14,v5.1
DEV08142,Android,iOS 17,v5.0
DEV08143,iOS,Android 14,v4.2
DEV08144,iOS,Android 15,v5.0
DEV08145,iOS,macOS,v5.0
DEV08146,Web,macOS,v4.3
DEV08147,iOS,macOS,v4.3
DEV08148,Android,iOS 17,v4.2
DEV08149,Android,macOS,v4.2
DEV08150,Web,Android 15,v4.1
DEV08151,Web,Android 15,v5.0
DEV08152,Android,macOS,v4.1
DEV08153,Android,iOS 17,v4.1
DEV08154,Android,Windows 11,v5.1
DEV08155,POS,Android 15,v4.1
DEV08156,Android,Android 14,v4.1
DEV08157,Android,Android 13,v5.0
DEV08158,Android,iOS 17,v4.1
DEV08159,Web,macOS,v5.0
DEV08160,Web,Android 13,v5.0
DEV08161,Android,iOS 17,v4.1
DEV08162,Android,iOS 17,v5.0
DEV08163,iOS,Android 15,v4.2
DEV08164,Android,Android 13,v4.2
DEV08165,Android,Windows 11,v5.0
DEV08166,Web,macOS,v4.2
DEV08167,Web,Android 14,v5.1
DEV08168,POS,Android 13,v4.3
DEV08169,iOS,iOS 17,v4.2
DEV08170,Android,Android 14,v4.1
DEV08171,Web,Android 15,v4.2
DEV08172,Android,Android 14,v5.1
DEV08173,Android,Android 14,v5.1
DEV08174,Android,Android 13,v5.1
DEV08175,POS,iOS 17,v4.2
DEV08176,Web,iOS 17,v4.3
DEV08177,Android,iOS 17,v4.1
DEV08178,Android,iOS 18,v4.3
DEV08179,Web,Android 15,v4.2
DEV08180,Web,Android 13,v4.3
DEV08181,iOS,iOS 17,v5.0
DEV08182,Android,Android 14,v4.1
DEV08183,iOS,iOS 18,v5.0
DEV08184,iOS,Android 15,v5.0
DEV08185,POS,iOS 17,v4.3
DEV08186,Android,iOS 18,v5.0
DEV08187,iOS,macOS,v4.1
DEV08188,Android,Android 15,v5.0
DEV08189,iOS,Windows 11,v4.2
DEV08190,Android,Windows 11,v4.1
DEV08191,Web,Android 14,v4.2
DEV08192,Android,macOS,v4.2
DEV08193,Android,iOS 18,v5.1
DEV08194,Android,Android 13,v5.1
DEV08195,Web,macOS,v4.2
DEV08196,Web,Android 15,v5.0
DEV08197,Android,iOS 18,v4.2
DEV08198,Android,iOS 18,v4.2
DEV08199,iOS,Android 15,v5.1
DEV08200,Android,iOS 18,v4.3
DEV08201,Android,iOS 18,v4.3
DEV08202,Web,Android 15,v4.3
DEV08203,Android,macOS,v4.2
DEV08204,POS,Android 14,v4.2
DEV08205,Android,Windows 11,v5.0
DEV08206,Android,Android 13,v5.1
DEV08207,Android,Android 15,v4.2
DEV08208,iOS,iOS 17,v4.1
DEV08209,Android,iOS 18,v4.1
DEV08210,Web,macOS,v5.1
DEV08211,Android,Android 13,v4.1
DEV08212,Android,Android 13,v4.1
DEV08213,Web,Android 15,v5.1
DEV08214,POS,iOS 17,v4.2
DEV08215,iOS,iOS 17,v4.2
DEV08216,Web,Android 14,v5.0
DEV08217,Android,iOS 17,v4.2
DEV08218,Android,Windows 11,v4.1
DEV08219,Android,Android 15,v4.1
DEV08220,POS,Android 13,v5.0
DEV08221,iOS,Android 13,v5.1
DEV08222,Android,iOS 17,v4.1
DEV08223,Android,iOS 18,v4.2
DEV08224,Android,macOS,v4.2
DEV08225,Android,Windows 11,v4.2
DEV08226,iOS,macOS,v4.1
DEV08227,Android,Android 14,v4.3
DEV08228,Android,iOS 17,v4.1
DEV08229,Android,Windows 11,v4.1
DEV08230,iOS,Android 15,v4.3
DEV08231,Web,Android 14,v4.3
DEV08232,Android,Windows 11,v4.2
DEV08233,Web,iOS 17,v4.2
DEV08234,Android,Android 14,v4.2
DEV08235,Android,iOS 18,v4.1
DEV08236,Web,Android 15,v5.1
DEV08237,Android,iOS 17,v5.0
DEV08238,iOS,Android 13,v5.1
DEV08239,POS,Android 15,v4.3
DEV08240,Android,iOS 18,v4.1
DEV08241,Android,Windows 11,v4.1
DEV08242,POS,iOS 18,v5.0
DEV08243,Android,Android 13,v5.1
DEV08244,iOS,macOS,v4.3
DEV08245,Android,Android 15,v5.0
DEV08246,iOS,iOS 17,v4.1
DEV08247,iOS,Android 13,v5.0
DEV08248,Android,macOS,v4.2
DEV08249,Web,iOS 17,v5.1
DEV08250,POS,Android 14,v4.3
DEV08251,Android,iOS 17,v4.2
DEV08252,Web,Android 14,v5.1
DEV08253,Android,iOS 17,v4.2
DEV08254,Android,Android 14,v5.0
DEV08255,POS,Android 15,v4.3
DEV08256,iOS,macOS,v5.0
DEV08257,Android,iOS 18,v5.0
DEV08258,iOS,Android 15,v5.1
DEV08259,Android,Android 13,v4.3
DEV08260,iOS,Android 15,v4.3
DEV08261,iOS,Android 15,v5.0
DEV08262,Web,iOS 18,v4.3
DEV08263,Android,Windows 11,v4.1
DEV08264,Android,Android 15,v4.3
DEV08265,Android,Android 13,v5.0
DEV08266,Android,Android 15,v4.1
DEV08267,POS,Android 15,v4.1
DEV08268,POS,Android 15,v5.1
DEV08269,Web,macOS,v5.0
DEV08270,iOS,Android 15,v4.3
DEV08271,Web,iOS 18,v4.1
DEV08272,Android,macOS,v5.0
DEV08273,Android,iOS 18,v5.1
DEV08274,Android,Android 13,v4.2
DEV08275,Web,Windows 11,v4.2
DEV08276,iOS,Android 13,v4.3
DEV08277,iOS,Android 13,v4.2
DEV08278,Android,Windows 11,v4.1
DEV08279,iOS,Android 15,v4.1
DEV08280,Web,Windows 11,v5.0
DEV08281,Android,iOS 17,v4.3
DEV08282,iOS,macOS,v5.0
DEV08283,Android,Android 15,v5.0
DEV08284,Web,iOS 17,v4.3
DEV08285,iOS,Android 13,v5.0
DEV08286,Android,Android 15,v4.2
DEV08287,Android,Windows 11,v5.1
DEV08288,Android,Windows 11,v5.0
DEV08289,Web,macOS,v4.1
DEV08290,POS,Windows 11,v4.1
DEV08291,iOS,Windows 11,v4.2
DEV08292,Android,Android 13,v5.0
DEV08293,iOS,iOS 18,v5.0
DEV08294,iOS,Android 13,v4.3
DEV08295,Android,Android 15,v5.0
DEV08296,Android,iOS 18,v5.0
DEV08297,Web,Windows 11,v4.1
DEV08298,Web,iOS 18,v4.3
DEV08299,Web,iOS 17,v5.0
DEV08300,iOS,Android 14,v4.2
DEV08301,Web,iOS 18,v5.0
DEV08302,iOS,Android 14,v4.3
DEV08303,Android,Android 13,v4.2
DEV08304,Web,Android 13,v4.2
DEV08305,POS,iOS 18,v4.2
DEV08306,Web,iOS 17,v4.1
DEV08307,Web,Android 13,v4.1
DEV08308,Web,Android 14,v4.2
DEV08309,iOS,iOS 18,v4.1
DEV08310,Web,macOS,v4.2
DEV08311,iOS,iOS 18,v4.2
DEV08312,Android,iOS 17,v5.1
DEV08313,Web,iOS 18,v4.1
DEV08314,POS,Android 15,v5.1
DEV08315,Android,Android 14,v4.2
DEV08316,Web,macOS,v4.2
DEV08317,Android,Windows 11,v5.1
DEV08318,POS,macOS,v4.3
DEV08319,Web,Android 15,v4.2
DEV08320,iOS,Android 15,v4.1
DEV08321,Web,Android 14,v5.0
DEV08322,Web,iOS 18,v5.0
DEV08323,Web,iOS 18,v5.0
DEV08324,POS,Android 15,v5.1
DEV08325,Android,Windows 11,v4.2
DEV08326,Android,Android 14,v4.3
DEV08327,Web,Android 13,v4.1
DEV08328,POS,Android 14,v5.0
DEV08329,Android,Windows 11,v5.0
DEV08330,Android,Android 15,v4.1
DEV08331,Android,Android 14,v5.0
DEV08332,Android,Android 14,v5.1
DEV08333,Web,macOS,v4.2
DEV08334,Android,Android 13,v4.2
DEV08335,Android,iOS 17,v4.3
DEV08336,Web,iOS 17,v5.1
DEV08337,Android,Android 13,v4.3
DEV08338,Web,Android 14,v5.0
DEV08339,Android,Android 15,v4.2
DEV08340,iOS,Android 13,v4.3
DEV08341,Android,iOS 17,v4.3
DEV08342,Android,Windows 11,v5.1
DEV08343,Android,iOS 17,v5.0
DEV08344,Web,Android 13,v4.1
DEV08345,iOS,Android 14,v5.1
DEV08346,Android,iOS 18,v5.1
DEV08347,Web,Android 15,v5.0
DEV08348,Android,macOS,v4.1
DEV08349,POS,iOS 18,v5.1
DEV08350,Android,Android 15,v4.3
DEV08351,iOS,iOS 18,v4.3
DEV08352,Android,iOS 18,v4.3
DEV08353,iOS,Android 15,v4.3
DEV08354,iOS,Windows 11,v4.1
DEV08355,Android,Android 15,v5.0
DEV08356,Android,iOS 17,v5.0
DEV08357,Web,Android 14,v4.1
DEV08358,Web,Android 14,v5.0
DEV08359,iOS,iOS 17,v4.3
DEV08360,iOS,Windows 11,v4.1
DEV08361,Web,iOS 18,v4.3
DEV08362,Android,Windows 11,v5.0
DEV08363,POS,Windows 11,v5.1
DEV08364,Android,Android 15,v4.1
DEV08365,iOS,Android 13,v4.2
DEV08366,iOS,iOS 18,v4.2
DEV08367,iOS,Android 14,v4.3
DEV08368,Web,Android 15,v5.0
DEV08369,Android,iOS 17,v4.3
DEV08370,Web,Windows 11,v4.2
DEV08371,iOS,iOS 18,v4.1
DEV08372,Android,macOS,v4.3
DEV08373,Android,Android 13,v5.0
DEV08374,Web,iOS 18,v4.2
DEV08375,Android,iOS 17,v4.1
DEV08376,iOS,Android 13,v4.3
DEV08377,iOS,iOS 18,v4.1
DEV08378,iOS,iOS 17,v5.1
DEV08379,Web,iOS 18,v4.2
DEV08380,Android,macOS,v4.3
DEV08381,iOS,Android 15,v4.1
DEV08382,Android,iOS 18,v4.3
DEV08383,Android,Windows 11,v5.0
DEV08384,POS,iOS 17,v5.0
DEV08385,Android,Android 14,v4.3
DEV08386,Android,iOS 17,v4.2
DEV08387,Web,iOS 18,v4.3
DEV08388,Android,Android 15,v4.3
DEV08389,Web,Android 14,v4.3
DEV08390,Web,macOS,v4.3
DEV08391,Android,macOS,v4.2
DEV08392,Android,Windows 11,v5.1
DEV08393,Android,iOS 17,v5.1
DEV08394,Android,Android 14,v4.1
DEV08395,Android,Android 15,v4.2
DEV08396,Web,Windows 11,v4.2
DEV08397,Web,Android 13,v4.2
DEV08398,Android,Android 14,v5.0
DEV08399,Web,iOS 17,v4.2
DEV08400,Android,Android 15,v5.0
DEV08401,iOS,macOS,v5.1
DEV08402,Android,iOS 17,v5.1
DEV08403,Android,Android 15,v5.0
DEV08404,Web,iOS 17,v4.3
DEV08405,iOS,macOS,v5.1
DEV08406,iOS,Android 15,v4.3
DEV08407,Android,macOS,v4.1
DEV08408,Android,iOS 18,v5.0
DEV08409,Web,macOS,v4.1
DEV08410,Web,iOS 17,v5.0
DEV08411,Android,Android 15,v4.1
DEV08412,Android,Android 13,v4.1
DEV08413,iOS,macOS,v4.2
DEV08414,iOS,Android 15,v5.1
DEV08415,iOS,Android 13,v5.0
DEV08416,Web,Windows 11,v5.1
DEV08417,POS,Android 14,v4.2
DEV08418,Android,Android 15,v5.1
DEV08419,iOS,Android 14,v5.0
DEV08420,Web,Android 14,v4.2
DEV08421,iOS,iOS 18,v4.3
DEV08422,Android,Windows 11,v4.2
DEV08423,iOS,Android 15,v5.0
DEV08424,iOS,iOS 18,v4.1
DEV08425,iOS,Windows 11,v5.1
DEV08426,Android,macOS,v4.1
DEV08427,iOS,iOS 18,v4.3
DEV08428,Web,macOS,v4.1
DEV08429,Web,Android 14,v5.1
DEV08430,Web,macOS,v4.1
DEV08431,Web,iOS 17,v4.2
DEV08432,Android,Android 14,v5.0
DEV08433,iOS,Windows 11,v4.1
DEV08434,Android,Windows 11,v5.0
DEV08435,Web,Android 14,v5.0
DEV08436,Android,Windows 11,v5.0
DEV08437,Web,Android 13,v4.2
DEV08438,Web,iOS 17,v5.0
DEV08439,Web,Android 14,v4.1
DEV08440,Web,iOS 17,v5.0
DEV08441,iOS,Android 13,v4.2
DEV08442,iOS,macOS,v5.0
DEV08443,Android,iOS 17,v4.1
DEV08444,Android,Android 15,v4.2
DEV08445,Android,Android 13,v4.3
DEV08446,Android,iOS 17,v4.3
DEV08447,POS,iOS 18,v4.1
DEV08448,Android,iOS 17,v5.1
DEV08449,Web,macOS,v5.0
DEV08450,Android,Android 13,v5.1
DEV08451,POS,iOS 18,v4.2
DEV08452,Android,Windows 11,v5.0
DEV08453,Android,iOS 17,v5.1
DEV08454,Android,macOS,v4.1
DEV08455,Web,iOS 17,v4.2
DEV08456,Android,Android 13,v5.0
DEV08457,Web,iOS 18,v4.3
DEV08458,iOS,iOS 18,v5.0
DEV08459,Android,iOS 17,v4.2
DEV08460,Android,Windows 11,v4.3
DEV08461,Web,macOS,v4.1
DEV08462,Android,Android 15,v5.0
DEV08463,Web,Android 13,v5.1
DEV08464,Android,Android 13,v5.1
DEV08465,iOS,Android 14,v4.1
DEV08466,Web,iOS 18,v4.2
DEV08467,iOS,iOS 18,v4.1
DEV08468,Android,Android 14,v4.2
DEV08469,Web,iOS 17,v4.3
DEV08470,Web,iOS 17,v4.2
DEV08471,iOS,Android 13,v4.3
DEV08472,iOS,iOS 17,v5.0
DEV08473,iOS,Android 15,v5.0
DEV08474,POS,Android 15,v4.1
DEV08475,Web,Android 15,v4.1
DEV08476,Android,Android 14,v5.0
DEV08477,Android,Windows 11,v5.1
DEV08478,POS,macOS,v4.3
DEV08479,Android,Android 15,v5.0
DEV08480,POS,Android 14,v5.1
DEV08481,iOS,Android 13,v4.2
DEV08482,Android,Android 13,v5.0
DEV08483,Android,Windows 11,v5.1
DEV08484,iOS,Android 15,v5.0
DEV08485,Web,Android 14,v4.2
DEV08486,Android,Android 15,v4.2
DEV08487,Android,Windows 11,v4.3
DEV08488,POS,Windows 11,v4.2
DEV08489,Android,iOS 17,v4.2
DEV08490,iOS,Android 14,v4.3
DEV08491,iOS,Android 14,v5.0
DEV08492,Android,Android 14,v5.0
DEV08493,Android,Android 14,v4.3
DEV08494,Android,iOS 17,v5.0
DEV08495,Android,macOS,v5.0
DEV08496,iOS,Android 15,v5.1
DEV08497,iOS,Android 13,v4.3
DEV08498,Web,Windows 11,v4.3
DEV08499,iOS,iOS 18,v4.1
DEV08500,Android,iOS 18,v5.1
DEV08501,Android,Android 14,v5.0
DEV08502,Android,Android 14,v4.1
DEV08503,Android,Android 13,v5.1
DEV08504,POS,iOS 18,v5.0
DEV08505,Android,Android 14,v5.1
DEV08506,Android,Windows 11,v4.2
DEV08507,Web,Windows 11,v5.0
DEV08508,Web,macOS,v5.1
DEV08509,POS,iOS 17,v5.1
DEV08510,Android,iOS 18,v4.1
DEV08511,Android,iOS 17,v5.1
DEV08512,Android,Android 13,v4.2
DEV08513,Android,Android 13,v4.2
DEV08514,iOS,macOS,v5.1
DEV08515,Web,iOS 18,v5.0
DEV08516,Web,Windows 11,v4.1
DEV08517,Android,Android 15,v5.0
DEV08518,Android,iOS 18,v5.1
DEV08519,POS,iOS 17,v4.2
DEV08520,iOS,Android 15,v4.3
DEV08521,POS,macOS,v4.1
DEV08522,Web,iOS 17,v5.0
DEV08523,POS,iOS 17,v4.2
DEV08524,Web,iOS 17,v5.0
DEV08525,Android,Android 14,v5.1
DEV08526,Web,Android 15,v5.0
DEV08527,iOS,Android 14,v4.1
DEV08528,Android,Android 14,v4.3
DEV08529,Android,iOS 17,v4.3
DEV08530,Android,Android 13,v5.1
DEV08531,Android,Windows 11,v4.1
DEV08532,Android,iOS 18,v4.3
DEV08533,iOS,Android 13,v4.2
DEV08534,POS,iOS 17,v5.0
DEV08535,iOS,iOS 18,v5.1
DEV08536,Android,Windows 11,v4.2
DEV08537,Android,iOS 18,v5.1
DEV08538,Android,Windows 11,v4.1
DEV08539,iOS,iOS 17,v5.1
DEV08540,Web,Android 14,v4.3
DEV08541,Android,iOS 18,v4.1
DEV08542,iOS,Windows 11,v5.1
DEV08543,Web,iOS 18,v4.2
DEV08544,Android,iOS 18,v4.1
DEV08545,Android,iOS 18,v4.1
DEV08546,Web,Android 15,v5.1
DEV08547,Web,Android 14,v5.1
DEV08548,Android,Android 15,v4.1
DEV08549,Android,Android 15,v5.0
DEV08550,iOS,Windows 11,v5.0
DEV08551,Android,iOS 17,v4.3
DEV08552,Web,Android 14,v4.1
DEV08553,Android,Android 13,v5.0
DEV08554,Android,macOS,v4.2
DEV08555,Android,Android 14,v4.1
DEV08556,POS,Android 13,v5.0
DEV08557,Web,Windows 11,v5.1
DEV08558,Web,Windows 11,v4.2
DEV08559,iOS,iOS 18,v4.3
DEV08560,Web,Windows 11,v5.0
DEV08561,Web,Android 13,v5.1
DEV08562,Android,macOS,v4.2
DEV08563,POS,Android 13,v4.2
DEV08564,Web,Windows 11,v4.3
DEV08565,POS,macOS,v5.1
DEV08566,Web,macOS,v5.0
DEV08567,Web,Android 13,v4.1
DEV08568,POS,iOS 18,v4.2
DEV08569,Android,iOS 18,v5.0
DEV08570,Web,Android 15,v4.1
DEV08571,Android,Android 13,v5.0
DEV08572,Web,Android 14,v5.0
DEV08573,Web,iOS 17,v4.2
DEV08574,Web,Android 15,v4.2
DEV08575,Web,Android 13,v5.0
DEV08576,Android,Android 15,v5.0
DEV08577,iOS,Windows 11,v4.3
DEV08578,Android,Windows 11,v4.1
DEV08579,Android,Windows 11,v5.1
DEV08580,iOS,Android 13,v5.1
DEV08581,iOS,Android 13,v4.3
DEV08582,Android,Android 15,v5.0
DEV08583,Android,Android 13,v5.0
DEV08584,Android,macOS,v4.3
DEV08585,Web,Android 13,v5.1
DEV08586,iOS,iOS 17,v4.2
DEV08587,Android,Android 14,v4.2
DEV08588,Web,iOS 18,v5.0
DEV08589,Android,iOS 17,v4.1
DEV08590,iOS,iOS 18,v5.1
DEV08591,Android,iOS 18,v4.1
DEV08592,POS,Android 14,v5.0
DEV08593,Android,macOS,v5.1
DEV08594,Web,iOS 17,v4.2
DEV08595,iOS,Android 13,v4.2
DEV08596,Android,Android 14,v4.1
DEV08597,Android,Android 13,v5.1
DEV08598,Android,Android 13,v5.0
DEV08599,Web,Windows 11,v4.3
DEV08600,Android,Android 13,v4.3
DEV08601,Web,Android 13,v4.3
DEV08602,iOS,iOS 17,v5.0
DEV08603,Android,iOS 18,v4.3
DEV08604,Android,iOS 18,v4.1
DEV08605,POS,iOS 17,v4.2
DEV08606,Android,iOS 18,v4.3
DEV08607,Android,Windows 11,v4.2
DEV08608,Web,Android 14,v4.1
DEV08609,Android,Android 13,v5.1
DEV08610,iOS,Android 13,v5.1
DEV08611,Android,macOS,v5.0
DEV08612,POS,Windows 11,v4.2
DEV08613,iOS,Android 13,v5.0
DEV08614,POS,Android 15,v4.3
DEV08615,Android,Android 14,v5.0
DEV08616,Android,Android 15,v4.1
DEV08617,POS,iOS 17,v5.0
DEV08618,Android,Android 15,v4.3
DEV08619,iOS,iOS 18,v4.3
DEV08620,Android,iOS 18,v4.1
DEV08621,POS,Android 14,v4.2
DEV08622,Android,Android 15,v5.1
DEV08623,Web,Android 15,v4.1
DEV08624,iOS,Android 13,v5.1
DEV08625,Android,Android 14,v4.1
DEV08626,Android,Android 13,v4.1
DEV08627,POS,Android 14,v5.0
DEV08628,Web,macOS,v5.0
DEV08629,Web,Android 14,v5.0
DEV08630,iOS,Android 15,v4.1
DEV08631,Android,Windows 11,v5.0
DEV08632,iOS,Android 13,v4.1
DEV08633,iOS,iOS 17,v5.0
DEV08634,Web,Android 13,v5.1
DEV08635,Android,iOS 17,v4.2
DEV08636,POS,iOS 18,v5.0
DEV08637,Android,Android 14,v4.3
DEV08638,Android,macOS,v4.2
DEV08639,POS,Android 13,v4.3
DEV08640,iOS,Android 14,v4.2
DEV08641,Android,Windows 11,v5.0
DEV08642,Web,Android 13,v5.1
DEV08643,iOS,iOS 18,v5.0
DEV08644,Android,Android 13,v4.1
DEV08645,iOS,iOS 18,v4.3
DEV08646,Android,Android 14,v4.2
DEV08647,Android,macOS,v5.1
DEV08648,Android,Android 15,v4.3
DEV08649,iOS,Windows 11,v5.1
DEV08650,Android,macOS,v4.3
DEV08651,Web,iOS 17,v5.0
DEV08652,iOS,Android 14,v4.1
DEV08653,Android,Windows 11,v4.3
DEV08654,Web,Windows 11,v5.1
DEV08655,Web,Android 15,v5.0
DEV08656,iOS,Android 14,v4.2
DEV08657,Android,Android 14,v4.2
DEV08658,Android,Android 13,v5.0
DEV08659,Web,iOS 18,v4.2
DEV08660,Android,macOS,v5.1
DEV08661,Android,iOS 18,v4.1
DEV08662,iOS,Android 13,v5.0
DEV08663,Android,Android 13,v4.1
DEV08664,POS,Android 14,v4.1
DEV08665,Web,iOS 18,v5.0
DEV08666,iOS,macOS,v4.3
DEV08667,Web,Android 14,v5.1
DEV08668,iOS,macOS,v5.0
DEV08669,Web,macOS,v5.1
DEV08670,iOS,Android 15,v4.1
DEV08671,Android,Android 15,v4.1
DEV08672,POS,macOS,v4.3
DEV08673,Web,Android 13,v4.1
DEV08674,POS,iOS 18,v5.0
DEV08675,Web,Android 15,v5.1
DEV08676,Android,macOS,v4.3
DEV08677,Android,iOS 18,v5.0
DEV08678,Android,macOS,v5.1
DEV08679,Android,iOS 18,v5.1
DEV08680,Android,iOS 17,v4.2
DEV08681,iOS,Android 15,v4.2
DEV08682,Web,Android 15,v5.0
DEV08683,Android,Android 14,v4.3
DEV08684,iOS,macOS,v5.1
DEV08685,Android,Android 14,v5.1
DEV08686,Web,macOS,v5.0
DEV08687,POS,Windows 11,v4.3
DEV08688,Web,iOS 18,v4.1
DEV08689,Android,macOS,v4.3
DEV08690,iOS,Android 13,v4.1
DEV08691,Web,Android 14,v5.1
DEV08692,iOS,Android 14,v4.2
DEV08693,POS,Windows 11,v4.2
DEV08694,Android,Windows 11,v5.0
DEV08695,Android,iOS 18,v4.3
DEV08696,Android,Windows 11,v4.3
DEV08697,Web,Android 15,v4.1
DEV08698,iOS,Android 14,v5.0
DEV08699,Android,Android 13,v4.3
DEV08700,Android,iOS 18,v5.0
DEV08701,iOS,Android 15,v4.1
DEV08702,POS,iOS 17,v5.1
DEV08703,Android,Android 13,v5.0
DEV08704,Android,Windows 11,v4.2
DEV08705,iOS,macOS,v5.1
DEV08706,Android,Android 15,v4.3
DEV08707,iOS,iOS 18,v4.1
DEV08708,iOS,macOS,v4.1
DEV08709,Web,iOS 17,v4.2
DEV08710,POS,Windows 11,v5.0
DEV08711,Android,Windows 11,v4.2
DEV08712,Web,Android 13,v5.0
DEV08713,POS,Android 14,v4.2
DEV08714,Android,Android 14,v4.2
DEV08715,Android,Android 13,v4.1
DEV08716,Web,Android 14,v5.0
DEV08717,Web,iOS 18,v4.2
DEV08718,Android,Android 13,v4.3
DEV08719,iOS,Android 13,v4.1
DEV08720,iOS,macOS,v4.1
DEV08721,Android,Windows 11,v4.1
DEV08722,Web,Android 14,v4.1
DEV08723,Web,Windows 11,v4.2
DEV08724,Web,Android 13,v4.2
DEV08725,iOS,iOS 17,v4.1
DEV08726,iOS,Android 13,v4.2
DEV08727,iOS,Android 14,v4.2
DEV08728,Android,Android 14,v5.0
DEV08729,Web,Android 14,v4.3
DEV08730,iOS,Android 14,v5.0
DEV08731,Web,macOS,v5.1
DEV08732,Web,iOS 18,v5.0
DEV08733,iOS,macOS,v4.3
DEV08734,Android,Android 14,v4.3
DEV08735,POS,iOS 17,v5.0
DEV08736,Android,Android 13,v5.0
DEV08737,POS,Android 15,v5.1
DEV08738,Android,Android 15,v4.1
DEV08739,Android,iOS 18,v4.3
DEV08740,Web,Android 15,v4.1
DEV08741,Web,Android 14,v5.1
DEV08742,Web,Android 15,v4.2
DEV08743,Android,macOS,v4.2
DEV08744,Web,iOS 17,v4.1
DEV08745,iOS,Windows 11,v5.0
DEV08746,iOS,Android 14,v4.3
DEV08747,POS,Android 15,v4.1
DEV08748,iOS,Android 14,v5.0
DEV08749,Android,iOS 18,v5.1
DEV08750,iOS,iOS 17,v5.0
DEV08751,iOS,Android 13,v5.1
DEV08752,Web,Windows 11,v4.1
DEV08753,Android,Android 14,v4.2
DEV08754,Web,iOS 17,v4.3
DEV08755,Web,iOS 18,v4.1
DEV08756,Android,iOS 18,v4.2
DEV08757,Android,iOS 17,v5.1
DEV08758,iOS,Android 15,v4.3
DEV08759,Web,iOS 17,v5.0
DEV08760,iOS,macOS,v4.1
DEV08761,Web,Android 15,v5.0
DEV08762,iOS,Android 15,v4.3
DEV08763,iOS,iOS 17,v4.1
DEV08764,Android,iOS 18,v4.1
DEV08765,Android,Android 13,v5.0
DEV08766,Web,Android 13,v5.0
DEV08767,Web,iOS 17,v4.2
DEV08768,iOS,Android 14,v5.0
DEV08769,iOS,iOS 17,v5.1
DEV08770,iOS,Android 13,v4.2
DEV08771,Android,Windows 11,v5.0
DEV08772,iOS,iOS 17,v4.1
DEV08773,iOS,Windows 11,v5.0
DEV08774,iOS,Windows 11,v4.3
DEV08775,iOS,macOS,v4.2
DEV08776,Web,Windows 11,v4.1
DEV08777,Android,iOS 18,v5.0
DEV08778,Android,Android 13,v4.3
DEV08779,Android,Android 13,v4.2
DEV08780,Web,Android 13,v4.2
DEV08781,iOS,iOS 18,v4.2
DEV08782,Android,Android 13,v4.1
DEV08783,POS,Android 14,v5.0
DEV08784,iOS,Android 13,v4.1
DEV08785,Android,iOS 17,v5.1
DEV08786,iOS,Android 14,v5.0
DEV08787,Web,Android 15,v5.1
DEV08788,iOS,Android 13,v5.0
DEV08789,iOS,macOS,v4.2
DEV08790,Android,Android 15,v4.1
DEV08791,Android,Android 15,v5.1
DEV08792,Android,iOS 18,v4.2
DEV08793,Android,iOS 17,v4.2
DEV08794,iOS,Windows 11,v5.1
DEV08795,iOS,iOS 17,v5.0
DEV08796,iOS,Android 15,v5.1
DEV08797,iOS,iOS 18,v4.1
DEV08798,Android,Android 14,v4.3
DEV08799,Android,macOS,v5.0
DEV08800,Android,Android 13,v4.2
DEV08801,Android,Windows 11,v5.1
DEV08802,Web,Android 14,v4.3
DEV08803,Web,Android 13,v5.1
DEV08804,Web,Android 15,v4.3
DEV08805,iOS,iOS 18,v5.0
DEV08806,Android,macOS,v5.1
DEV08807,Web,iOS 18,v5.1
DEV08808,iOS,Windows 11,v4.3
DEV08809,Android,Windows 11,v4.1
DEV08810,POS,iOS 17,v4.2
DEV08811,Android,Windows 11,v4.3
DEV08812,iOS,iOS 17,v5.1
DEV08813,iOS,Android 14,v4.3
DEV08814,Web,Windows 11,v4.3
DEV08815,POS,iOS 17,v5.1
DEV08816,POS,Android 13,v5.1
DEV08817,iOS,iOS 18,v4.1
DEV08818,iOS,iOS 18,v4.1
DEV08819,Android,Android 15,v4.1
DEV08820,iOS,Android 15,v5.1
DEV08821,Web,Windows 11,v5.0
DEV08822,iOS,Windows 11,v4.1
DEV08823,Android,Android 14,v4.2
DEV08824,Android,macOS,v5.0
DEV08825,Android,Android 15,v4.1
DEV08826,Android,Android 13,v4.2
DEV08827,Android,macOS,v5.1
DEV08828,Android,iOS 17,v4.2
DEV08829,Android,iOS 17,v4.1
DEV08830,Android,Android 14,v4.3
DEV08831,Web,iOS 17,v4.3
DEV08832,Web,iOS 18,v4.2
DEV08833,iOS,iOS 17,v5.1
DEV08834,iOS,Android 15,v5.0
DEV08835,Android,iOS 18,v4.3
DEV08836,Web,Android 15,v5.0
DEV08837,POS,macOS,v5.1
DEV08838,Android,Android 15,v4.3
DEV08839,Android,Android 14,v5.1
DEV08840,iOS,macOS,v4.1
DEV08841,Android,Android 14,v5.0
DEV08842,POS,iOS 18,v4.1
DEV08843,iOS,macOS,v5.1
DEV08844,Android,iOS 17,v5.1
DEV08845,Android,Windows 11,v4.2
DEV08846,Web,Windows 11,v4.2
DEV08847,Android,Android 13,v4.3
DEV08848,Web,iOS 17,v4.1
DEV08849,Android,iOS 18,v4.1
DEV08850,POS,Android 13,v5.1
DEV08851,Android,Android 15,v4.2
DEV08852,Web,Android 15,v5.0
DEV08853,Android,Android 13,v5.1
DEV08854,iOS,Android 15,v4.1
DEV08855,iOS,iOS 17,v4.1
DEV08856,Android,Android 14,v5.1
DEV08857,iOS,Windows 11,v5.1
DEV08858,Android,macOS,v5.1
DEV08859,iOS,iOS 17,v4.1
DEV08860,iOS,Android 15,v5.0
DEV08861,Web,Android 14,v4.1
DEV08862,Android,iOS 17,v5.1
DEV08863,Android,Windows 11,v4.2
DEV08864,Android,Android 15,v5.0
DEV08865,Web,iOS 17,v4.3
DEV08866,Web,Android 15,v4.1
DEV08867,iOS,iOS 18,v5.0
DEV08868,Web,Android 13,v5.0
DEV08869,Web,Android 15,v5.1
DEV08870,Android,Windows 11,v5.0
DEV08871,Android,iOS 17,v4.1
DEV08872,Android,macOS,v4.2
DEV08873,Android,Windows 11,v5.0
DEV08874,iOS,Android 15,v4.1
DEV08875,iOS,Android 15,v5.1
DEV08876,iOS,Windows 11,v5.0
DEV08877,Android,iOS 17,v4.3
DEV08878,Web,iOS 17,v4.3
DEV08879,iOS,Android 14,v4.2
DEV08880,iOS,macOS,v5.1
DEV08881,POS,Windows 11,v4.1
DEV08882,Android,Windows 11,v5.0
DEV08883,Android,Android 15,v4.1
DEV08884,iOS,iOS 18,v4.3
DEV08885,Web,Android 13,v5.1
DEV08886,Android,Windows 11,v4.1
DEV08887,Web,Android 15,v5.0
DEV08888,POS,iOS 17,v5.1
DEV08889,Android,Android 14,v5.0
DEV08890,Android,Android 15,v5.0
DEV08891,iOS,iOS 18,v5.1
DEV08892,Android,iOS 17,v5.1
DEV08893,Android,iOS 18,v5.0
DEV08894,Web,iOS 18,v4.3
DEV08895,iOS,Windows 11,v5.0
DEV08896,Android,Android 13,v5.1
DEV08897,Android,Android 13,v4.2
DEV08898,iOS,Windows 11,v4.1
DEV08899,iOS,Android 15,v5.0
DEV08900,iOS,Android 13,v4.1
DEV08901,Web,Android 15,v5.0
DEV08902,iOS,Android 15,v5.0
DEV08903,POS,Windows 11,v4.2
DEV08904,POS,macOS,v5.1
DEV08905,Android,iOS 17,v4.3
DEV08906,Android,macOS,v5.1
DEV08907,Android,iOS 17,v4.1
DEV08908,Android,Android 14,v4.1
DEV08909,Android,macOS,v5.0
DEV08910,Android,Android 13,v5.1
DEV08911,Android,Windows 11,v4.2
DEV08912,Android,Android 14,v4.3
DEV08913,Android,Windows 11,v5.1
DEV08914,Android,iOS 18,v5.0
DEV08915,iOS,Android 15,v4.1
DEV08916,Android,macOS,v5.1
DEV08917,POS,Android 15,v4.1
DEV08918,Android,iOS 17,v5.0
DEV08919,POS,iOS 18,v4.1
DEV08920,Android,Android 15,v5.0
DEV08921,iOS,Android 15,v4.3
DEV08922,Android,iOS 18,v4.2
DEV08923,Web,iOS 18,v4.1
DEV08924,Android,Android 15,v5.1
DEV08925,POS,iOS 18,v4.3
DEV08926,Android,Android 13,v4.2
DEV08927,Android,iOS 18,v5.1
DEV08928,iOS,Android 14,v5.1
DEV08929,Web,Android 14,v5.0
DEV08930,POS,Android 15,v4.2
DEV08931,Android,Android 15,v5.1
DEV08932,Web,iOS 17,v5.1
DEV08933,Web,iOS 18,v5.1
DEV08934,iOS,macOS,v4.3
DEV08935,Web,Android 14,v4.2
DEV08936,Android,iOS 17,v5.0
DEV08937,iOS,Android 15,v4.3
DEV08938,Web,macOS,v4.3
DEV08939,iOS,Windows 11,v4.3
DEV08940,Web,Windows 11,v5.0
DEV08941,Web,Android 13,v5.0
DEV08942,Web,iOS 18,v4.3
DEV08943,Android,iOS 17,v4.3
DEV08944,Android,Android 13,v4.1
DEV08945,Android,macOS,v5.0
DEV08946,POS,macOS,v5.1
DEV08947,Android,macOS,v4.2
DEV08948,Android,Windows 11,v4.2
DEV08949,Android,Android 15,v4.2
DEV08950,Android,Android 14,v4.3
DEV08951,Android,iOS 17,v5.0
DEV08952,Android,iOS 17,v4.1
DEV08953,Android,Android 15,v4.1
DEV08954,POS,Android 15,v4.2
DEV08955,Web,Android 14,v5.1
DEV08956,Web,Android 14,v5.1
DEV08957,iOS,Android 14,v5.1
DEV08958,Web,Android 13,v5.1
DEV08959,POS,Android 13,v4.1
DEV08960,POS,Android 15,v4.1
DEV08961,Android,macOS,v5.0
DEV08962,Web,macOS,v4.1
DEV08963,Android,iOS 17,v5.0
DEV08964,Android,Android 13,v5.0
DEV08965,Android,Android 15,v4.3
DEV08966,iOS,Windows 11,v4.1
DEV08967,iOS,Windows 11,v5.1
DEV08968,Android,Android 13,v4.2
DEV08969,Web,Android 14,v5.0
DEV08970,iOS,Windows 11,v4.2
DEV08971,Android,Android 15,v5.1
DEV08972,Android,Windows 11,v5.0
DEV08973,iOS,Android 14,v5.0
DEV08974,Android,iOS 18,v4.1
DEV08975,Android,Windows 11,v4.3
DEV08976,POS,iOS 17,v4.2
DEV08977,Web,Android 14,v5.1
DEV08978,Android,iOS 17,v4.3
DEV08979,iOS,Android 15,v4.3
DEV08980,Android,macOS,v4.1
DEV08981,iOS,macOS,v5.0
DEV08982,iOS,iOS 18,v5.1
DEV08983,Android,iOS 17,v4.3
DEV08984,Android,macOS,v4.3
DEV08985,Android,Windows 11,v4.2
DEV08986,iOS,Android 13,v5.1
DEV08987,POS,Windows 11,v5.1
DEV08988,POS,Windows 11,v4.3
DEV08989,POS,Android 15,v5.0
DEV08990,POS,iOS 18,v5.1
DEV08991,Android,Android 13,v5.1
DEV08992,Web,macOS,v4.2
DEV08993,Android,Android 13,v4.2
DEV08994,Web,Windows 11,v4.2
DEV08995,Web,iOS 18,v5.0
DEV08996,Android,Android 14,v5.0
DEV08997,iOS,iOS 18,v5.1
DEV08998,Android,iOS 18,v5.0
DEV08999,Android,macOS,v4.2
DEV09000,POS,macOS,v5.0
DEV09001,Web,iOS 18,v5.1
DEV09002,Android,iOS 17,v4.3
DEV09003,Android,Android 14,v4.1
DEV09004,Android,macOS,v5.0
DEV09005,POS,macOS,v4.3
DEV09006,POS,Android 15,v5.1
DEV09007,iOS,Android 13,v4.3
DEV09008,Web,Windows 11,v4.3
DEV09009,Web,iOS 17,v4.3
DEV09010,Android,Android 14,v4.2
DEV09011,POS,iOS 18,v5.0
DEV09012,iOS,Windows 11,v4.3
DEV09013,Android,macOS,v5.1
DEV09014,Android,Windows 11,v4.1
DEV09015,iOS,iOS 17,v4.1
DEV09016,Android,iOS 17,v4.1
DEV09017,Web,macOS,v4.2
DEV09018,Web,macOS,v5.0
DEV09019,Web,Android 13,v4.1
DEV09020,iOS,Android 15,v4.2
DEV09021,iOS,Android 14,v5.1
DEV09022,Android,Windows 11,v5.1
DEV09023,iOS,Windows 11,v4.2
DEV09024,Android,Android 14,v5.0
DEV09025,POS,Android 14,v5.1
DEV09026,POS,macOS,v5.0
DEV09027,Android,iOS 18,v4.2
DEV09028,Web,iOS 18,v5.1
DEV09029,Web,iOS 17,v5.1
DEV09030,POS,Windows 11,v4.3
DEV09031,iOS,Android 15,v5.1
DEV09032,Web,Android 13,v4.1
DEV09033,iOS,Windows 11,v4.3
DEV09034,Android,macOS,v4.2
DEV09035,Android,Android 13,v4.1
DEV09036,Android,Android 15,v4.1
DEV09037,Android,Android 14,v5.0
DEV09038,Android,Android 15,v4.3
DEV09039,Web,Android 13,v5.0
DEV09040,Web,iOS 18,v4.3
DEV09041,POS,Android 15,v4.3
DEV09042,Android,iOS 17,v4.1
DEV09043,POS,iOS 18,v5.1
DEV09044,iOS,iOS 17,v5.0
DEV09045,iOS,iOS 17,v5.0
DEV09046,iOS,macOS,v4.1
DEV09047,Web,Android 15,v5.1
DEV09048,Android,iOS 17,v4.3
DEV09049,Web,Windows 11,v4.3
DEV09050,Web,Android 14,v5.1
DEV09051,POS,Android 15,v4.3
DEV09052,POS,Android 13,v5.0
DEV09053,Web,Android 14,v5.0
DEV09054,Web,iOS 18,v5.0
DEV09055,POS,Android 15,v4.1
DEV09056,POS,Android 13,v4.3
DEV09057,Web,Android 13,v4.1
DEV09058,Web,Android 15,v4.3
DEV09059,Android,Android 14,v5.0
DEV09060,Web,Windows 11,v5.0
DEV09061,Android,Android 13,v5.1
DEV09062,iOS,Android 15,v4.3
DEV09063,Android,Android 15,v4.2
DEV09064,Android,Windows 11,v4.1
DEV09065,Android,iOS 17,v5.0
DEV09066,Web,Android 15,v5.1
DEV09067,Web,macOS,v5.1
DEV09068,iOS,Android 13,v5.0
DEV09069,iOS,iOS 17,v4.3
DEV09070,POS,Android 13,v5.1
DEV09071,Android,Android 14,v4.3
DEV09072,iOS,Android 14,v5.1
DEV09073,iOS,Android 13,v4.1
DEV09074,POS,macOS,v4.3
DEV09075,Android,macOS,v5.1
DEV09076,POS,iOS 18,v5.0
DEV09077,Android,iOS 18,v4.2
DEV09078,Android,iOS 18,v5.0
DEV09079,Android,Android 13,v4.3
DEV09080,Android,Android 15,v5.0
DEV09081,iOS,iOS 17,v5.0
DEV09082,iOS,Android 15,v4.2
DEV09083,Android,Windows 11,v5.0
DEV09084,iOS,Android 13,v5.1
DEV09085,Web,Windows 11,v4.1
DEV09086,Web,macOS,v4.2
DEV09087,Web,Windows 11,v4.3
DEV09088,POS,Android 15,v5.1
DEV09089,iOS,macOS,v4.3
DEV09090,Android,Windows 11,v4.2
DEV09091,Android,Android 14,v4.2
DEV09092,Android,iOS 17,v5.0
DEV09093,iOS,Android 13,v4.2
DEV09094,POS,iOS 17,v4.3
DEV09095,Web,macOS,v4.2
DEV09096,Android,iOS 18,v4.1
DEV09097,iOS,iOS 18,v5.0
DEV09098,iOS,macOS,v4.2
DEV09099,POS,Android 14,v4.1
DEV09100,Android,Android 13,v4.3
DEV09101,iOS,iOS 18,v4.3
DEV09102,POS,iOS 17,v4.1
DEV09103,POS,macOS,v4.1
DEV09104,Android,iOS 17,v4.2
DEV09105,Android,Android 14,v5.0
DEV09106,iOS,Windows 11,v5.0
DEV09107,Web,iOS 18,v5.1
DEV09108,Android,Android 15,v4.1
DEV09109,POS,iOS 18,v4.3
DEV09110,Android,Android 14,v5.1
DEV09111,iOS,iOS 18,v4.1
DEV09112,Web,macOS,v4.1
DEV09113,Android,Android 13,v5.1
DEV09114,Android,Android 14,v5.0
DEV09115,iOS,macOS,v4.1
DEV09116,Web,macOS,v5.1
DEV09117,Android,macOS,v4.2
DEV09118,iOS,Android 15,v4.2
DEV09119,iOS,iOS 17,v4.3
DEV09120,iOS,macOS,v5.0
DEV09121,POS,iOS 18,v5.1
DEV09122,iOS,macOS,v5.0
DEV09123,iOS,Windows 11,v5.0
DEV09124,iOS,iOS 17,v5.1
DEV09125,Web,macOS,v4.1
DEV09126,Android,Android 14,v4.2
DEV09127,Web,iOS 17,v4.3
DEV09128,Android,Windows 11,v4.1
DEV09129,iOS,Windows 11,v5.0
DEV09130,iOS,Windows 11,v5.0
DEV09131,Android,Windows 11,v5.1
DEV09132,Android,Android 13,v4.2
DEV09133,Android,Windows 11,v4.2
DEV09134,Android,Android 14,v4.3
DEV09135,Web,Android 14,v4.1
DEV09136,Web,iOS 18,v4.3
DEV09137,Android,macOS,v5.0
DEV09138,Android,Android 14,v5.0
DEV09139,Web,Android 13,v4.2
DEV09140,Android,iOS 18,v5.0
DEV09141,POS,Android 13,v4.1
DEV09142,Android,Android 15,v4.1
DEV09143,Web,iOS 18,v4.3
DEV09144,Android,Android 14,v4.1
DEV09145,Android,Android 14,v5.0
DEV09146,Android,Android 14,v5.1
DEV09147,iOS,Android 15,v4.2
DEV09148,Android,Android 13,v4.2
DEV09149,iOS,Android 14,v4.2
DEV09150,Android,Windows 11,v5.1
DEV09151,iOS,iOS 17,v5.0
DEV09152,iOS,Windows 11,v4.1
DEV09153,Android,macOS,v5.0
DEV09154,Android,Android 14,v4.3
DEV09155,iOS,iOS 18,v5.0
DEV09156,Web,iOS 18,v5.0
DEV09157,POS,iOS 17,v4.2
DEV09158,Web,macOS,v5.0
DEV09159,Android,macOS,v5.1
DEV09160,Android,Android 15,v4.2
DEV09161,Android,iOS 18,v4.3
DEV09162,Android,Android 15,v5.1
DEV09163,Android,Android 15,v5.1
DEV09164,Android,iOS 17,v4.3
DEV09165,Android,iOS 18,v4.1
DEV09166,Android,Windows 11,v5.0
DEV09167,Android,macOS,v5.0
DEV09168,Android,Android 14,v4.1
DEV09169,Android,Windows 11,v4.3
DEV09170,Web,Windows 11,v4.1
DEV09171,Android,Windows 11,v4.2
DEV09172,Android,macOS,v4.2
DEV09173,Android,Android 15,v4.2
DEV09174,iOS,Android 15,v4.1
DEV09175,Web,iOS 18,v5.1
DEV09176,Android,iOS 18,v4.2
DEV09177,iOS,Windows 11,v4.1
DEV09178,iOS,iOS 17,v4.2
DEV09179,iOS,Android 13,v4.2
DEV09180,Web,Windows 11,v5.0
DEV09181,Web,Windows 11,v4.1
DEV09182,Android,macOS,v5.0
DEV09183,Android,macOS,v4.3
DEV09184,iOS,Android 13,v4.2
DEV09185,POS,macOS,v4.2
DEV09186,Web,Android 13,v5.0
DEV09187,Android,Android 15,v4.1
DEV09188,Android,iOS 17,v5.1
DEV09189,Web,macOS,v5.1
DEV09190,iOS,Android 13,v4.3
DEV09191,iOS,Windows 11,v4.1
DEV09192,iOS,iOS 18,v4.1
DEV09193,Android,macOS,v5.0
DEV09194,Web,Windows 11,v4.2
DEV09195,Web,macOS,v4.2
DEV09196,iOS,Android 15,v4.1
DEV09197,iOS,Android 15,v5.1
DEV09198,iOS,Windows 11,v4.3
DEV09199,Android,macOS,v5.0
DEV09200,Android,iOS 18,v4.1
DEV09201,Android,iOS 17,v4.3
DEV09202,POS,iOS 17,v4.1
DEV09203,Android,Android 13,v4.3
DEV09204,Android,iOS 18,v4.3
DEV09205,iOS,Android 14,v4.2
DEV09206,Android,iOS 17,v5.0
DEV09207,Android,Android 13,v5.0
DEV09208,iOS,Android 15,v4.2
DEV09209,iOS,iOS 17,v5.1
DEV09210,iOS,Android 14,v5.0
DEV09211,iOS,Android 15,v4.2
DEV09212,iOS,Android 15,v4.3
DEV09213,iOS,macOS,v4.3
DEV09214,iOS,iOS 18,v5.0
DEV09215,Android,iOS 18,v4.3
DEV09216,iOS,Windows 11,v5.0
DEV09217,Android,iOS 17,v4.1
DEV09218,Android,Android 14,v4.2
DEV09219,Android,iOS 18,v5.1
DEV09220,Android,Android 13,v5.0
DEV09221,iOS,Android 15,v5.1
DEV09222,iOS,Android 13,v4.2
DEV09223,Android,Android 15,v4.2
DEV09224,POS,Android 13,v4.1
DEV09225,iOS,Android 15,v4.2
DEV09226,Web,iOS 18,v4.3
DEV09227,iOS,Android 13,v5.1
DEV09228,Android,iOS 17,v4.2
DEV09229,POS,iOS 17,v4.2
DEV09230,Web,Android 14,v5.1
DEV09231,iOS,Android 14,v5.1
DEV09232,Android,macOS,v4.1
DEV09233,Android,Windows 11,v4.2
DEV09234,Web,Android 14,v4.3
DEV09235,Android,Android 13,v4.3
DEV09236,iOS,Android 15,v4.1
DEV09237,iOS,Windows 11,v4.2
DEV09238,Android,Android 14,v5.1
DEV09239,Web,iOS 18,v4.3
DEV09240,Web,iOS 17,v4.2
DEV09241,Android,iOS 17,v4.1
DEV09242,iOS,iOS 18,v4.1
DEV09243,Web,iOS 17,v5.1
DEV09244,iOS,Android 13,v4.1
DEV09245,iOS,macOS,v4.1
DEV09246,Android,iOS 18,v4.1
DEV09247,Android,macOS,v4.3
DEV09248,POS,Android 13,v5.1
DEV09249,iOS,Windows 11,v5.1
DEV09250,Android,macOS,v5.1
DEV09251,Web,iOS 17,v4.1
DEV09252,iOS,iOS 18,v4.1
DEV09253,Android,iOS 18,v4.3
DEV09254,Web,Windows 11,v4.1
DEV09255,Android,Windows 11,v4.3
DEV09256,iOS,Windows 11,v5.1
DEV09257,iOS,iOS 18,v4.3
DEV09258,Android,iOS 17,v4.2
DEV09259,Web,iOS 17,v5.0
DEV09260,iOS,iOS 17,v4.1
DEV09261,Web,Android 14,v5.1
DEV09262,Android,Android 14,v5.0
DEV09263,POS,macOS,v5.0
DEV09264,Android,Android 15,v5.1
DEV09265,iOS,macOS,v5.0
DEV09266,POS,iOS 18,v4.3
DEV09267,Android,macOS,v5.1
DEV09268,Android,iOS 17,v5.1
DEV09269,POS,iOS 18,v4.3
DEV09270,POS,Windows 11,v4.2
DEV09271,Web,Android 13,v4.2
DEV09272,iOS,Android 13,v5.0
DEV09273,iOS,iOS 17,v5.1
DEV09274,Android,Android 14,v4.3
DEV09275,iOS,macOS,v5.1
DEV09276,iOS,Android 15,v4.3
DEV09277,Android,macOS,v4.2
DEV09278,iOS,Android 14,v4.2
DEV09279,iOS,iOS 18,v5.0
DEV09280,iOS,Android 14,v4.3
DEV09281,iOS,iOS 17,v4.2
DEV09282,Web,Windows 11,v4.1
DEV09283,Android,Windows 11,v4.2
DEV09284,Android,Android 14,v5.1
DEV09285,iOS,Android 13,v4.3
DEV09286,Android,iOS 17,v4.1
DEV09287,Android,macOS,v4.2
DEV09288,Web,iOS 17,v4.2
DEV09289,Android,macOS,v4.3
DEV09290,POS,iOS 17,v4.1
DEV09291,iOS,Android 14,v4.3
DEV09292,Android,Android 13,v4.2
DEV09293,iOS,Android 14,v5.0
DEV09294,Web,iOS 18,v4.3
DEV09295,iOS,Windows 11,v4.2
DEV09296,Web,Android 15,v4.3
DEV09297,Web,Android 15,v4.2
DEV09298,Android,Windows 11,v4.3
DEV09299,Android,Android 15,v4.2
DEV09300,iOS,Windows 11,v4.1
DEV09301,Android,iOS 18,v5.1
DEV09302,iOS,iOS 18,v5.1
DEV09303,Web,iOS 18,v4.3
DEV09304,iOS,Android 13,v4.2
DEV09305,Android,iOS 17,v5.1
DEV09306,iOS,Windows 11,v5.1
DEV09307,Android,macOS,v4.3
DEV09308,Web,iOS 18,v4.3
DEV09309,Web,Android 15,v4.3
DEV09310,iOS,Windows 11,v5.0
DEV09311,Android,macOS,v4.1
DEV09312,Web,macOS,v4.1
DEV09313,iOS,Android 15,v4.1
DEV09314,Android,Windows 11,v4.2
DEV09315,POS,Windows 11,v4.2
DEV09316,Web,Android 14,v4.1
DEV09317,iOS,macOS,v4.3
DEV09318,iOS,iOS 17,v5.0
DEV09319,POS,iOS 18,v4.1
DEV09320,Web,iOS 17,v4.3
DEV09321,iOS,iOS 18,v5.1
DEV09322,iOS,Android 15,v5.0
DEV09323,Android,iOS 17,v4.2
DEV09324,Android,iOS 17,v5.1
DEV09325,Android,iOS 18,v5.1
DEV09326,Android,iOS 18,v5.1
DEV09327,Web,macOS,v4.3
DEV09328,Android,iOS 17,v4.1
DEV09329,Web,Windows 11,v5.1
DEV09330,iOS,iOS 18,v4.1
DEV09331,Android,iOS 17,v5.1
DEV09332,Android,Android 14,v4.3
DEV09333,iOS,iOS 17,v4.1
DEV09334,Android,Android 13,v4.2
DEV09335,Android,iOS 17,v5.0
DEV09336,Web,macOS,v5.1
DEV09337,iOS,macOS,v5.1
DEV09338,Web,Windows 11,v4.3
DEV09339,Web,Android 14,v5.0
DEV09340,Web,Android 14,v4.1
DEV09341,Android,Windows 11,v5.1
DEV09342,POS,macOS,v4.2
DEV09343,iOS,macOS,v4.2
DEV09344,Web,Android 15,v4.3
DEV09345,iOS,Windows 11,v5.1
DEV09346,iOS,Android 15,v4.3
DEV09347,POS,macOS,v5.0
DEV09348,Android,Android 13,v4.2
DEV09349,Android,iOS 18,v4.2
DEV09350,Android,iOS 18,v4.3
DEV09351,Android,Android 14,v5.0
DEV09352,Web,Android 14,v4.1
DEV09353,Android,Android 15,v5.0
DEV09354,Web,macOS,v4.3
DEV09355,iOS,Android 14,v4.3
DEV09356,iOS,iOS 17,v5.0
DEV09357,Android,iOS 17,v4.3
DEV09358,Android,Android 13,v4.2
DEV09359,POS,macOS,v4.3
DEV09360,Web,iOS 17,v4.1
DEV09361,Android,Android 13,v4.2
DEV09362,Android,Android 15,v5.1
DEV09363,Android,iOS 17,v4.2
DEV09364,Android,Android 13,v4.2
DEV09365,Web,macOS,v4.2
DEV09366,Web,iOS 18,v5.0
DEV09367,iOS,Android 13,v5.1
DEV09368,Web,Windows 11,v4.1
DEV09369,Android,macOS,v4.2
DEV09370,iOS,iOS 17,v5.0
DEV09371,Web,Android 13,v4.3
DEV09372,Android,Windows 11,v5.1
DEV09373,Android,Android 15,v4.1
DEV09374,iOS,Android 14,v5.1
DEV09375,Android,iOS 18,v4.1
DEV09376,iOS,Android 15,v4.1
DEV09377,iOS,iOS 18,v4.3
DEV09378,Android,iOS 18,v4.1
DEV09379,Android,Windows 11,v4.3
DEV09380,Android,Android 13,v4.2
DEV09381,iOS,macOS,v5.1
DEV09382,Android,Android 14,v4.1
DEV09383,Web,Android 13,v4.3
DEV09384,Web,Android 13,v4.2
DEV09385,Android,iOS 17,v5.1
DEV09386,Web,Android 13,v4.2
DEV09387,iOS,Android 14,v5.0
DEV09388,Android,Android 15,v5.1
DEV09389,iOS,Windows 11,v4.3
DEV09390,iOS,Android 13,v4.1
DEV09391,Android,Android 14,v4.3
DEV09392,Android,Android 13,v4.3
DEV09393,Android,Windows 11,v4.3
DEV09394,Android,iOS 18,v5.1
DEV09395,Android,Windows 11,v5.1
DEV09396,iOS,Android 13,v5.0
DEV09397,Android,iOS 17,v4.2
DEV09398,Android,iOS 18,v4.3
DEV09399,Android,Android 14,v5.0
DEV09400,Web,Windows 11,v5.0
DEV09401,Android,Android 13,v5.1
DEV09402,Android,macOS,v4.2
DEV09403,iOS,iOS 18,v5.0
DEV09404,Web,iOS 18,v4.1
DEV09405,iOS,Android 15,v5.0
DEV09406,Android,iOS 18,v5.1
DEV09407,Android,Windows 11,v4.3
DEV09408,Android,Android 14,v5.1
DEV09409,iOS,macOS,v5.1
DEV09410,Android,Android 13,v4.2
DEV09411,Android,Windows 11,v4.1
DEV09412,iOS,iOS 18,v4.1
DEV09413,Android,macOS,v4.2
DEV09414,Web,Android 14,v4.2
DEV09415,Android,Android 15,v5.0
DEV09416,POS,Android 13,v4.1
DEV09417,POS,iOS 17,v5.1
DEV09418,Web,iOS 18,v5.0
DEV09419,POS,iOS 18,v4.1
DEV09420,Android,Android 15,v4.3
DEV09421,Web,Android 14,v5.1
DEV09422,Android,Android 15,v5.1
DEV09423,Web,Android 14,v5.0
DEV09424,Android,Android 13,v4.1
DEV09425,Android,iOS 18,v4.2
DEV09426,POS,iOS 17,v4.3
DEV09427,Android,Android 15,v5.1
DEV09428,Web,Windows 11,v4.2
DEV09429,iOS,iOS 17,v4.2
DEV09430,Android,iOS 17,v4.2
DEV09431,iOS,iOS 18,v4.2
DEV09432,Android,iOS 18,v5.0
DEV09433,POS,macOS,v5.1
DEV09434,POS,macOS,v4.2
DEV09435,Web,Windows 11,v4.2
DEV09436,Web,iOS 17,v4.1
DEV09437,Android,Android 13,v5.1
DEV09438,Android,Windows 11,v4.3
DEV09439,Android,iOS 17,v4.2
DEV09440,iOS,Android 14,v5.0
DEV09441,Android,Windows 11,v4.2
DEV09442,iOS,macOS,v4.2
DEV09443,iOS,Android 14,v4.2
DEV09444,Android,Android 14,v5.1
DEV09445,Android,Android 14,v5.1
DEV09446,Android,Android 15,v4.2
DEV09447,Web,macOS,v5.0
DEV09448,Android,Android 13,v4.3
DEV09449,Android,Android 15,v4.1
DEV09450,Web,Android 15,v4.3
DEV09451,Android,Android 14,v5.0
DEV09452,Android,Android 13,v5.0
DEV09453,Web,macOS,v4.3
DEV09454,iOS,Android 13,v4.3
DEV09455,iOS,iOS 17,v4.2
DEV09456,Android,Windows 11,v4.3
DEV09457,Android,Android 15,v4.3
DEV09458,iOS,Windows 11,v4.2
DEV09459,Android,Windows 11,v5.0
DEV09460,Web,Android 13,v5.1
DEV09461,Android,macOS,v4.2
DEV09462,Android,iOS 18,v4.3
DEV09463,Android,Windows 11,v4.1
DEV09464,Web,Android 15,v4.3
DEV09465,iOS,Windows 11,v4.1
DEV09466,iOS,Android 13,v4.2
DEV09467,iOS,iOS 18,v5.1
DEV09468,Android,Windows 11,v5.1
DEV09469,iOS,iOS 18,v4.1
DEV09470,Android,iOS 18,v5.0
DEV09471,Android,Android 14,v4.1
DEV09472,Android,macOS,v4.1
DEV09473,Android,macOS,v4.2
DEV09474,Android,macOS,v4.3
DEV09475,Android,iOS 17,v5.0
DEV09476,Android,Windows 11,v4.1
DEV09477,Web,Windows 11,v4.2
DEV09478,iOS,iOS 17,v5.0
DEV09479,POS,Android 13,v5.1
DEV09480,Android,macOS,v5.1
DEV09481,Android,Android 13,v4.2
DEV09482,Web,Windows 11,v5.0
DEV09483,iOS,macOS,v4.3
DEV09484,iOS,Windows 11,v4.2
DEV09485,iOS,iOS 17,v4.3
DEV09486,iOS,iOS 18,v4.1
DEV09487,Web,Android 13,v4.3
DEV09488,iOS,Windows 11,v4.2
DEV09489,POS,Android 14,v5.0
DEV09490,POS,macOS,v4.3
DEV09491,Android,Android 14,v4.1
DEV09492,Android,iOS 17,v5.0
DEV09493,Android,Android 13,v5.1
DEV09494,Android,Android 13,v5.1
DEV09495,Android,Windows 11,v5.0
DEV09496,Android,Windows 11,v4.2
DEV09497,Android,macOS,v4.3
DEV09498,iOS,iOS 18,v4.3
DEV09499,Android,Android 13,v5.0
DEV09500,iOS,iOS 17,v4.3
DEV09501,Android,Android 13,v5.1
DEV09502,Web,Windows 11,v5.0
DEV09503,Web,Android 13,v4.3
DEV09504,Android,Android 14,v4.1
DEV09505,POS,iOS 17,v4.2
DEV09506,Android,Android 15,v4.1
DEV09507,Web,iOS 17,v4.1
DEV09508,iOS,iOS 17,v4.3
DEV09509,Android,Windows 11,v5.0
DEV09510,Android,Android 15,v5.1
DEV09511,Android,macOS,v5.0
DEV09512,Web,Windows 11,v4.3
DEV09513,iOS,Android 15,v4.3
DEV09514,Android,Android 14,v5.1
DEV09515,iOS,iOS 18,v4.1
DEV09516,Android,iOS 17,v4.1
DEV09517,Android,iOS 17,v5.0
DEV09518,POS,iOS 17,v4.2
DEV09519,iOS,iOS 17,v4.3
DEV09520,Android,Android 14,v5.1
DEV09521,POS,iOS 17,v5.0
DEV09522,Android,Android 15,v5.1
DEV09523,Android,Android 15,v4.1
DEV09524,Android,Android 13,v4.1
DEV09525,iOS,Android 14,v5.0
DEV09526,iOS,Android 13,v4.2
DEV09527,Android,iOS 17,v4.1
DEV09528,iOS,macOS,v5.1
DEV09529,Web,Android 14,v4.3
DEV09530,iOS,macOS,v4.3
DEV09531,Web,Android 14,v4.2
DEV09532,Android,iOS 18,v5.0
DEV09533,Android,iOS 18,v4.2
DEV09534,Web,macOS,v5.1
DEV09535,Android,Android 13,v4.2
DEV09536,Android,Android 13,v4.3
DEV09537,Android,Android 15,v4.1
DEV09538,Web,macOS,v4.1
DEV09539,Android,Android 15,v5.0
DEV09540,Android,Windows 11,v5.1
DEV09541,Android,macOS,v5.0
DEV09542,Web,Windows 11,v4.2
DEV09543,iOS,macOS,v4.2
DEV09544,Android,Windows 11,v4.2
DEV09545,Web,Android 15,v5.1
DEV09546,Web,Android 14,v4.1
DEV09547,iOS,iOS 17,v4.3
DEV09548,Android,Android 13,v4.3
DEV09549,iOS,Android 15,v4.2
DEV09550,POS,macOS,v4.2
DEV09551,Android,Android 14,v4.2
DEV09552,Android,iOS 18,v5.1
DEV09553,Android,iOS 17,v4.3
DEV09554,iOS,iOS 18,v5.0
DEV09555,iOS,Windows 11,v4.1
DEV09556,Android,macOS,v5.0
DEV09557,Android,iOS 18,v4.1
DEV09558,POS,macOS,v5.1
DEV09559,Web,iOS 17,v4.1
DEV09560,POS,Android 14,v5.1
DEV09561,Web,macOS,v4.3
DEV09562,Android,iOS 18,v4.1
DEV09563,Android,Android 14,v4.2
DEV09564,iOS,iOS 18,v4.2
DEV09565,Android,Android 15,v5.1
DEV09566,Android,macOS,v4.3
DEV09567,Android,Windows 11,v5.1
DEV09568,POS,iOS 17,v5.0
DEV09569,Android,Android 13,v5.0
DEV09570,Android,iOS 17,v5.0
DEV09571,iOS,iOS 18,v4.2
DEV09572,Web,iOS 18,v5.0
DEV09573,POS,Windows 11,v4.1
DEV09574,iOS,macOS,v5.0
DEV09575,Android,Android 15,v4.2
DEV09576,Android,Android 15,v4.1
DEV09577,POS,iOS 17,v4.3
DEV09578,iOS,Android 13,v5.1
DEV09579,Web,Windows 11,v5.1
DEV09580,Android,iOS 17,v4.1
DEV09581,Android,Android 13,v4.1
DEV09582,iOS,Android 14,v5.1
DEV09583,Web,iOS 18,v5.1
DEV09584,POS,Android 14,v4.1
DEV09585,Web,iOS 17,v5.1
DEV09586,iOS,Android 13,v4.3
DEV09587,iOS,Android 13,v5.0
DEV09588,Web,Android 14,v5.0
DEV09589,Android,Android 15,v4.3
DEV09590,POS,Android 15,v5.0
DEV09591,iOS,Windows 11,v5.0
DEV09592,POS,Android 14,v5.0
DEV09593,Web,Android 15,v4.2
DEV09594,Android,Android 13,v4.3
DEV09595,Android,iOS 17,v5.1
DEV09596,Android,Android 15,v4.1
DEV09597,Android,Windows 11,v4.3
DEV09598,iOS,Android 13,v4.3
DEV09599,iOS,Windows 11,v4.2
DEV09600,iOS,macOS,v4.2
DEV09601,Android,iOS 17,v5.0
DEV09602,POS,Android 13,v4.2
DEV09603,Android,macOS,v5.1
DEV09604,Web,macOS,v5.1
DEV09605,Android,macOS,v5.0
DEV09606,Web,iOS 18,v4.2
DEV09607,Android,macOS,v5.0
DEV09608,iOS,iOS 17,v4.1
DEV09609,iOS,iOS 18,v4.2
DEV09610,POS,macOS,v4.2
DEV09611,Android,Android 15,v4.2
DEV09612,Android,Windows 11,v4.2
DEV09613,Web,Android 15,v5.1
DEV09614,Android,Android 13,v5.0
DEV09615,Android,Android 14,v5.1
DEV09616,iOS,Android 13,v5.0
DEV09617,Android,macOS,v4.1
DEV09618,Android,Windows 11,v4.2
DEV09619,Android,Windows 11,v4.3
DEV09620,Android,Windows 11,v5.1
DEV09621,iOS,iOS 18,v4.3
DEV09622,Android,Windows 11,v4.1
DEV09623,Web,iOS 17,v4.3
DEV09624,POS,Android 14,v4.1
DEV09625,Android,Android 13,v5.1
DEV09626,Web,iOS 18,v4.1
DEV09627,POS,iOS 18,v5.1
DEV09628,Web,Android 15,v5.1
DEV09629,POS,Android 13,v4.3
DEV09630,Android,Android 13,v5.0
DEV09631,Web,Windows 11,v5.0
DEV09632,iOS,macOS,v5.0
DEV09633,Android,Windows 11,v4.2
DEV09634,Web,iOS 18,v4.3
DEV09635,iOS,Android 13,v4.1
DEV09636,Android,Windows 11,v5.0
DEV09637,Android,macOS,v4.3
DEV09638,Web,Android 15,v4.2
DEV09639,Web,Android 14,v4.3
DEV09640,iOS,iOS 18,v4.1
DEV09641,iOS,Android 15,v5.0
DEV09642,Android,Android 15,v4.1
DEV09643,Android,iOS 17,v4.2
DEV09644,Web,Android 14,v4.1
DEV09645,Web,Android 15,v4.2
DEV09646,iOS,iOS 17,v4.1
DEV09647,POS,iOS 17,v4.2
DEV09648,Web,Android 13,v4.3
DEV09649,Android,Windows 11,v4.3
DEV09650,Android,Android 15,v4.3
DEV09651,Android,iOS 18,v4.3
DEV09652,iOS,Android 13,v4.1
DEV09653,Web,Android 14,v5.1
DEV09654,Android,Windows 11,v4.2
DEV09655,Web,iOS 18,v4.2
DEV09656,iOS,iOS 18,v5.1
DEV09657,Web,iOS 17,v4.2
DEV09658,Android,Android 15,v4.2
DEV09659,Android,iOS 17,v4.3
DEV09660,iOS,iOS 17,v4.2
DEV09661,Web,Android 15,v4.2
DEV09662,Web,Android 15,v5.0
DEV09663,Web,macOS,v4.2
DEV09664,Android,Android 15,v5.1
DEV09665,Android,iOS 17,v4.2
DEV09666,Web,Windows 11,v5.1
DEV09667,Android,macOS,v4.2
DEV09668,Web,Android 15,v5.1
DEV09669,iOS,Android 15,v4.2
DEV09670,Android,iOS 18,v4.2
DEV09671,iOS,iOS 17,v5.0
DEV09672,POS,Android 15,v5.0
DEV09673,Web,iOS 17,v4.2
DEV09674,Web,Android 14,v5.0
DEV09675,Android,Android 13,v4.1
DEV09676,Android,iOS 18,v4.1
DEV09677,POS,macOS,v4.3
DEV09678,Android,iOS 18,v4.3
DEV09679,iOS,macOS,v4.1
DEV09680,Android,iOS 17,v4.3
DEV09681,iOS,Android 15,v4.2
DEV09682,Android,macOS,v4.2
DEV09683,Web,iOS 17,v4.3
DEV09684,POS,Windows 11,v4.1
DEV09685,Android,Android 13,v5.1
DEV09686,Android,iOS 18,v4.2
DEV09687,iOS,iOS 18,v5.0
DEV09688,Android,Android 13,v5.1
DEV09689,POS,iOS 17,v5.0
DEV09690,Android,iOS 18,v4.2
DEV09691,Android,Android 15,v4.3
DEV09692,Web,iOS 17,v5.0
DEV09693,Web,Android 15,v4.1
DEV09694,iOS,macOS,v5.0
DEV09695,Android,Windows 11,v4.1
DEV09696,Android,Windows 11,v5.1
DEV09697,Android,Windows 11,v5.1
DEV09698,Android,Android 14,v4.3
DEV09699,Web,Android 13,v4.1
DEV09700,Android,Windows 11,v4.3
DEV09701,Android,iOS 18,v5.0
DEV09702,Web,Android 13,v4.3
DEV09703,Android,Android 13,v5.0
DEV09704,Web,Android 15,v5.1
DEV09705,Web,macOS,v4.3
DEV09706,Android,iOS 18,v5.1
DEV09707,Web,Android 14,v5.0
DEV09708,iOS,Android 13,v4.1
DEV09709,iOS,Android 15,v4.2
DEV09710,Web,Windows 11,v5.0
DEV09711,Web,Android 15,v5.0
DEV09712,Android,Windows 11,v4.2
DEV09713,Android,macOS,v4.2
DEV09714,Android,iOS 18,v5.1
DEV09715,Web,iOS 17,v5.0
DEV09716,POS,iOS 17,v5.0
DEV09717,Android,macOS,v4.3
DEV09718,Android,Android 14,v4.2
DEV09719,Web,macOS,v4.1
DEV09720,Android,Windows 11,v5.0
DEV09721,Android,Android 15,v4.3
DEV09722,Android,iOS 17,v4.1
DEV09723,Android,macOS,v5.1
DEV09724,POS,Android 13,v4.3
DEV09725,POS,Android 14,v4.1
DEV09726,Android,Windows 11,v5.0
DEV09727,POS,Android 13,v4.3
DEV09728,Android,iOS 17,v4.2
DEV09729,Web,Android 15,v4.1
DEV09730,Android,iOS 17,v5.0
DEV09731,Web,Android 14,v4.3
DEV09732,Android,Windows 11,v4.1
DEV09733,Android,Android 14,v5.1
DEV09734,POS,Android 13,v5.1
DEV09735,Android,Android 13,v4.2
DEV09736,POS,Android 14,v4.3
DEV09737,Android,macOS,v4.3
DEV09738,Android,macOS,v4.2
DEV09739,Web,Android 13,v4.3
DEV09740,iOS,macOS,v5.1
DEV09741,Android,iOS 18,v5.1
DEV09742,Android,Windows 11,v4.2
DEV09743,iOS,Android 14,v5.0
DEV09744,Android,Windows 11,v4.2
DEV09745,iOS,Android 13,v5.1
DEV09746,iOS,macOS,v4.2
DEV09747,iOS,Windows 11,v5.1
DEV09748,POS,iOS 17,v5.0
DEV09749,iOS,Android 15,v5.1
DEV09750,Android,macOS,v4.3
DEV09751,Android,iOS 18,v4.1
DEV09752,iOS,iOS 18,v5.0
DEV09753,Android,Android 15,v4.1
DEV09754,Android,Android 15,v5.0
DEV09755,Web,Windows 11,v5.0
DEV09756,Web,Windows 11,v5.0
DEV09757,iOS,iOS 17,v5.0
DEV09758,iOS,Windows 11,v5.1
DEV09759,Android,Android 15,v4.3
DEV09760,iOS,iOS 18,v5.1
DEV09761,Web,iOS 17,v5.1
DEV09762,Web,Android 15,v4.3
DEV09763,Android,iOS 17,v5.0
DEV09764,Web,iOS 17,v4.3
DEV09765,Web,Windows 11,v4.1
DEV09766,Android,Windows 11,v4.3
DEV09767,Android,Android 13,v5.1
DEV09768,Web,Android 15,v5.0
DEV09769,iOS,Windows 11,v5.1
DEV09770,Web,Android 13,v4.1
DEV09771,Android,Windows 11,v5.0
DEV09772,Android,iOS 18,v4.2
DEV09773,Android,macOS,v5.1
DEV09774,iOS,iOS 17,v5.1
DEV09775,iOS,iOS 18,v4.3
DEV09776,Web,iOS 17,v5.0
DEV09777,Web,Android 15,v5.1
DEV09778,POS,macOS,v4.1
DEV09779,Android,Android 14,v5.0
DEV09780,Android,Android 15,v5.0
DEV09781,Android,iOS 17,v4.3
DEV09782,iOS,Android 14,v5.1
DEV09783,Android,Android 14,v5.1
DEV09784,Web,Android 15,v4.2
DEV09785,Android,iOS 18,v4.2
DEV09786,Android,Android 15,v5.0
DEV09787,iOS,iOS 17,v5.1
DEV09788,Android,macOS,v4.3
DEV09789,Web,iOS 18,v5.1
DEV09790,Web,iOS 17,v4.3
DEV09791,Android,Windows 11,v4.2
DEV09792,Web,Windows 11,v4.1
DEV09793,iOS,macOS,v5.1
DEV09794,iOS,iOS 18,v4.2
DEV09795,Android,Android 13,v4.1
DEV09796,Web,iOS 18,v4.1
DEV09797,Android,Android 13,v4.2
DEV09798,Android,iOS 17,v4.2
DEV09799,Android,Android 15,v4.2
DEV09800,iOS,iOS 17,v4.3
DEV09801,iOS,Android 15,v5.0
DEV09802,Web,Windows 11,v5.0
DEV09803,Web,Android 13,v5.0
DEV09804,POS,Android 15,v4.3
DEV09805,Web,iOS 17,v4.2
DEV09806,Android,iOS 17,v5.0
DEV09807,iOS,iOS 17,v4.3
DEV09808,iOS,macOS,v4.3
DEV09809,iOS,iOS 18,v4.2
DEV09810,iOS,iOS 17,v4.1
DEV09811,Web,iOS 18,v4.3
DEV09812,Android,Android 14,v5.1
DEV09813,Web,Android 13,v4.3
DEV09814,Android,Android 14,v4.1
DEV09815,Android,Android 14,v4.1
DEV09816,iOS,iOS 18,v5.1
DEV09817,iOS,iOS 18,v5.0
DEV09818,Android,macOS,v4.3
DEV09819,iOS,Android 13,v4.2
DEV09820,iOS,Android 13,v4.2
DEV09821,Android,Windows 11,v5.1
DEV09822,Web,Android 13,v4.1
DEV09823,Android,macOS,v5.0
DEV09824,Web,iOS 17,v4.3
DEV09825,Android,iOS 17,v4.3
DEV09826,iOS,macOS,v4.3
DEV09827,Web,Android 13,v4.2
DEV09828,Web,iOS 18,v5.0
DEV09829,Web,Android 14,v5.1
DEV09830,Android,Android 13,v4.2
DEV09831,Android,Windows 11,v4.1
DEV09832,iOS,Android 13,v5.0
DEV09833,Android,Android 14,v4.1
DEV09834,POS,Android 15,v4.3
DEV09835,Android,Android 13,v4.2
DEV09836,Android,Android 13,v5.0
DEV09837,iOS,iOS 17,v4.2
DEV09838,Web,Android 14,v5.0
DEV09839,Android,Windows 11,v4.3
DEV09840,POS,Android 13,v5.0
DEV09841,iOS,Windows 11,v4.3
DEV09842,Web,Android 13,v4.2
DEV09843,iOS,Android 15,v4.2
DEV09844,Web,Android 14,v4.2
DEV09845,Android,Android 13,v4.3
DEV09846,Web,Android 15,v4.1
DEV09847,iOS,Android 13,v4.1
DEV09848,iOS,iOS 18,v5.0
DEV09849,Android,Android 15,v4.2
DEV09850,Web,Windows 11,v4.1
DEV09851,Android,macOS,v5.1
DEV09852,Android,iOS 18,v4.2
DEV09853,Android,macOS,v5.1
DEV09854,Android,Android 13,v4.1
DEV09855,iOS,Android 15,v4.3
DEV09856,Android,Android 14,v5.1
DEV09857,Android,macOS,v5.1
DEV09858,Android,macOS,v4.2
DEV09859,iOS,Windows 11,v5.0
DEV09860,iOS,iOS 17,v4.3
DEV09861,Android,Android 13,v4.2
DEV09862,iOS,Android 15,v4.2
DEV09863,Android,iOS 18,v4.1
DEV09864,Web,Android 15,v5.0
DEV09865,Android,Android 14,v5.0
DEV09866,Web,Android 15,v4.3
DEV09867,Android,iOS 18,v4.3
DEV09868,Web,Android 13,v5.0
DEV09869,Android,Windows 11,v5.1
DEV09870,Android,iOS 18,v5.1
DEV09871,iOS,Windows 11,v4.2
DEV09872,Web,Windows 11,v5.0
DEV09873,iOS,iOS 18,v4.2
DEV09874,iOS,iOS 18,v5.1
DEV09875,Android,iOS 17,v4.3
DEV09876,POS,Windows 11,v5.0
DEV09877,Web,Android 13,v4.1
DEV09878,Android,iOS 17,v4.2
DEV09879,Web,Windows 11,v5.0
DEV09880,Android,Android 15,v4.1
DEV09881,Web,Android 13,v4.2
DEV09882,iOS,Android 13,v5.1
DEV09883,iOS,Windows 11,v4.2
DEV09884,Android,Android 15,v4.3
DEV09885,POS,Android 15,v4.2
DEV09886,Web,iOS 18,v4.2
DEV09887,Web,Windows 11,v5.0
DEV09888,Android,Windows 11,v5.0
DEV09889,Android,Android 13,v5.1
DEV09890,iOS,macOS,v4.3
DEV09891,Web,Android 14,v4.3
DEV09892,POS,Windows 11,v5.1
DEV09893,Android,iOS 18,v4.1
DEV09894,iOS,Android 13,v4.2
DEV09895,Web,Android 15,v5.0
DEV09896,Android,Android 15,v5.1
DEV09897,Android,Android 14,v5.1
DEV09898,Android,Android 13,v5.0
DEV09899,Web,iOS 17,v5.0
DEV09900,Web,iOS 18,v4.1
DEV09901,Web,Android 13,v4.3
DEV09902,iOS,iOS 17,v5.0
DEV09903,Android,Android 15,v5.1
DEV09904,iOS,Android 15,v4.2
DEV09905,Web,iOS 17,v4.1
DEV09906,iOS,iOS 17,v4.2
DEV09907,Android,Android 14,v4.2
DEV09908,POS,Android 13,v4.3
DEV09909,Web,Android 15,v4.2
DEV09910,Web,iOS 18,v5.1
DEV09911,POS,Android 15,v5.1
DEV09912,Android,Android 13,v5.0
DEV09913,Web,iOS 17,v4.3
DEV09914,iOS,Android 14,v5.0
DEV09915,Android,macOS,v4.2
DEV09916,iOS,Android 15,v5.1
DEV09917,iOS,Android 14,v5.0
DEV09918,Android,iOS 17,v5.1
DEV09919,POS,Windows 11,v5.0
DEV09920,Android,Android 13,v4.1
DEV09921,POS,Android 15,v4.3
DEV09922,Android,Android 13,v5.0
DEV09923,Android,iOS 18,v4.2
DEV09924,Android,Android 13,v5.1
DEV09925,Web,macOS,v5.1
DEV09926,Android,Windows 11,v4.3
DEV09927,POS,iOS 17,v4.3
DEV09928,Web,iOS 17,v4.1
DEV09929,Web,iOS 18,v5.0
DEV09930,Android,macOS,v4.1
DEV09931,iOS,Android 13,v5.0
DEV09932,POS,Windows 11,v5.0
DEV09933,Android,iOS 17,v4.3
DEV09934,Android,iOS 17,v4.3
DEV09935,iOS,iOS 17,v5.0
DEV09936,POS,iOS 17,v4.3
DEV09937,iOS,Android 14,v5.0
DEV09938,Android,macOS,v4.3
DEV09939,iOS,Android 15,v4.2
DEV09940,POS,Android 14,v5.0
DEV09941,Android,iOS 17,v5.1
DEV09942,Android,macOS,v4.2
DEV09943,Android,Windows 11,v4.1
DEV09944,Android,Android 13,v4.3
DEV09945,Android,Android 14,v4.1
DEV09946,Android,iOS 18,v5.1
DEV09947,iOS,Android 15,v4.3
DEV09948,Android,Android 13,v4.1
DEV09949,Android,Android 14,v4.2
DEV09950,POS,Android 15,v4.1
DEV09951,Android,macOS,v4.3
DEV09952,Android,Windows 11,v4.2
DEV09953,Android,macOS,v5.1
DEV09954,iOS,Android 14,v4.1
DEV09955,Web,iOS 18,v5.0
DEV09956,Web,iOS 17,v4.3
DEV09957,iOS,iOS 18,v5.0
DEV09958,Web,iOS 17,v5.0
DEV09959,Web,Android 15,v4.1
DEV09960,Android,Android 14,v5.0
DEV09961,Android,Android 14,v4.2
DEV09962,iOS,iOS 18,v5.1
DEV09963,POS,Android 13,v5.1
DEV09964,Android,Android 15,v5.0
DEV09965,Android,Windows 11,v4.3
DEV09966,Web,iOS 17,v5.0
DEV09967,Android,macOS,v4.3
DEV09968,Web,Android 15,v5.1
DEV09969,Android,macOS,v4.2
DEV09970,Android,Windows 11,v4.3
DEV09971,iOS,iOS 18,v5.1
DEV09972,iOS,Windows 11,v4.1
DEV09973,Android,Android 14,v5.0
DEV09974,Web,iOS 17,v4.3
DEV09975,Android,iOS 17,v4.2
DEV09976,iOS,Windows 11,v5.0
DEV09977,Android,iOS 17,v5.1
DEV09978,Web,iOS 17,v5.1
DEV09979,Web,Android 15,v5.1
DEV09980,Android,Android 15,v4.3
DEV09981,Android,Windows 11,v4.1
DEV09982,Web,macOS,v4.1
DEV09983,Android,macOS,v5.1
DEV09984,iOS,iOS 18,v5.0
DEV09985,Android,Windows 11,v4.2
DEV09986,POS,Windows 11,v5.0
DEV09987,POS,macOS,v4.3
DEV09988,Android,Android 14,v4.1
DEV09989,iOS,Windows 11,v4.2
DEV09990,Web,Windows 11,v5.1
DEV09991,iOS,Android 14,v5.1
DEV09992,iOS,Android 15,v4.3
DEV09993,Android,iOS 18,v4.3
DEV09994,Android,macOS,v4.3
DEV09995,Web,Android 13,v4.3
DEV09996,iOS,Windows 11,v5.1
DEV09997,iOS,Windows 11,v5.1
DEV09998,Android,Windows 11,v4.3
DEV09999,Web,iOS 17,v5.1
DEV10000,Web,Windows 11,v4.3
DEV10001,iOS,Android 14,v4.2
DEV10002,POS,iOS 17,v4.3
DEV10003,Android,Android 14,v4.3
DEV10004,Web,Windows 11,v4.2
DEV10005,iOS,Android 13,v4.1
DEV10006,Android,macOS,v5.0
DEV10007,Android,Windows 11,v4.3
DEV10008,Android,Android 14,v4.2
DEV10009,Web,Windows 11,v4.2
DEV10010,Web,Android 13,v5.1
DEV10011,iOS,Android 14,v4.3
DEV10012,Android,Android 15,v4.2
DEV10013,POS,iOS 17,v4.1
DEV10014,Android,iOS 18,v4.1
DEV10015,iOS,iOS 18,v5.0
DEV10016,Web,Android 14,v5.1
DEV10017,Android,iOS 18,v5.1
DEV10018,iOS,Windows 11,v5.1
DEV10019,Android,iOS 17,v4.3
DEV10020,Android,Android 15,v4.1
DEV10021,Web,Android 15,v4.3
DEV10022,Android,Android 13,v4.2
DEV10023,iOS,iOS 18,v5.0
DEV10024,Android,Windows 11,v5.0
DEV10025,Android,iOS 17,v4.3
DEV10026,Android,iOS 18,v5.0
DEV10027,Web,iOS 17,v4.3
DEV10028,Android,macOS,v5.1
DEV10029,Web,Android 13,v4.2
DEV10030,iOS,macOS,v5.1
DEV10031,Android,Windows 11,v5.0
DEV10032,Web,macOS,v4.2
DEV10033,Android,iOS 18,v4.1
DEV10034,Android,macOS,v4.3
DEV10035,Android,Android 15,v4.2
DEV10036,Android,Android 13,v4.3
DEV10037,POS,Windows 11,v4.2
DEV10038,Android,macOS,v5.0
DEV10039,Web,iOS 18,v5.1
DEV10040,iOS,Android 15,v5.0
DEV10041,Android,Android 15,v4.1
DEV10042,POS,iOS 17,v5.0
DEV10043,POS,Android 15,v4.2
DEV10044,POS,Android 14,v4.1
DEV10045,iOS,macOS,v4.2
DEV10046,Android,iOS 18,v5.1
DEV10047,Android,iOS 18,v4.3
DEV10048,iOS,iOS 17,v5.1
DEV10049,Android,Android 15,v5.1
DEV10050,Web,iOS 17,v5.1
DEV10051,Web,Android 14,v4.2
DEV10052,Android,iOS 17,v4.3
DEV10053,Android,iOS 18,v4.2
DEV10054,POS,Windows 11,v4.1
DEV10055,Android,Windows 11,v4.2
DEV10056,Android,iOS 17,v5.1
DEV10057,Android,iOS 18,v5.0
DEV10058,Android,Android 13,v5.0
DEV10059,Android,Android 14,v4.2
DEV10060,Android,macOS,v5.1
DEV10061,Android,Android 14,v5.1
DEV10062,iOS,iOS 18,v5.0
DEV10063,Android,Windows 11,v4.3
DEV10064,Android,Android 13,v4.3
DEV10065,Web,Android 15,v5.1
DEV10066,iOS,iOS 17,v4.1
DEV10067,Android,macOS,v4.1
DEV10068,Web,macOS,v4.1
DEV10069,Android,Android 15,v4.1
DEV10070,Android,macOS,v4.1
DEV10071,Web,Android 13,v5.0
DEV10072,Android,Android 14,v5.1
DEV10073,Web,Android 15,v4.2
DEV10074,Web,Android 13,v5.0
DEV10075,Android,Android 14,v5.0
DEV10076,Android,Windows 11,v5.1
DEV10077,Android,Android 15,v4.3
DEV10078,Android,macOS,v5.0
DEV10079,Web,Windows 11,v5.0
DEV10080,Android,Android 14,v4.2
DEV10081,Android,iOS 18,v4.1
DEV10082,iOS,macOS,v5.0
DEV10083,Android,Android 14,v4.1
DEV10084,Android,Android 14,v5.1
DEV10085,Android,macOS,v5.0
DEV10086,Web,Android 13,v4.2
DEV10087,Android,Android 13,v4.2
DEV10088,iOS,iOS 17,v5.1
DEV10089,Android,macOS,v4.1
DEV10090,iOS,Android 13,v4.3
DEV10091,Android,iOS 18,v5.1
DEV10092,Android,iOS 18,v4.3
DEV10093,iOS,Windows 11,v4.2
DEV10094,iOS,Android 14,v4.2
DEV10095,Android,Android 13,v5.0
DEV10096,Web,macOS,v4.2
DEV10097,Android,macOS,v4.1
DEV10098,Web,macOS,v4.2
DEV10099,iOS,iOS 17,v5.0
DEV10100,Web,Android 13,v5.1
DEV10101,iOS,macOS,v5.0
DEV10102,Android,iOS 17,v5.1
DEV10103,Web,Android 14,v5.0
DEV10104,Web,macOS,v4.2
DEV10105,POS,macOS,v4.3
DEV10106,Android,Windows 11,v4.1
DEV10107,iOS,Windows 11,v4.3
DEV10108,iOS,iOS 18,v4.1
DEV10109,iOS,Android 13,v4.2
DEV10110,POS,Android 13,v5.0
DEV10111,iOS,iOS 18,v5.0
DEV10112,Web,iOS 18,v5.1
DEV10113,Android,Windows 11,v4.3
DEV10114,Android,Windows 11,v4.1
DEV10115,Android,Windows 11,v5.0
DEV10116,Android,Android 15,v4.2
DEV10117,Android,Android 15,v5.0
DEV10118,Android,Android 15,v5.1
DEV10119,iOS,iOS 18,v5.0
DEV10120,iOS,Android 15,v4.2
DEV10121,Web,Android 13,v5.0
DEV10122,iOS,iOS 18,v4.1
DEV10123,iOS,Android 13,v4.1
DEV10124,Android,iOS 18,v5.0
DEV10125,Web,macOS,v4.2
DEV10126,Android,Android 14,v4.2
DEV10127,POS,Android 13,v5.0
DEV10128,iOS,macOS,v4.2
DEV10129,Android,iOS 18,v4.1
DEV10130,Android,iOS 17,v4.1
DEV10131,Android,iOS 18,v4.1
DEV10132,Android,Android 14,v5.1
DEV10133,Android,iOS 18,v4.3
DEV10134,iOS,Android 14,v4.1
DEV10135,Android,Android 15,v5.0
DEV10136,iOS,Android 13,v5.1
DEV10137,Web,Android 14,v5.0
DEV10138,iOS,iOS 17,v4.2
DEV10139,Android,Android 13,v4.3
DEV10140,Android,iOS 18,v5.1
DEV10141,Android,iOS 18,v4.2
DEV10142,Web,Android 14,v4.2
DEV10143,iOS,macOS,v4.1
DEV10144,iOS,iOS 17,v5.0
DEV10145,Android,Android 14,v4.2
DEV10146,Android,macOS,v4.2
DEV10147,Web,iOS 17,v4.2
DEV10148,iOS,Windows 11,v4.3
DEV10149,POS,Android 14,v5.1
DEV10150,POS,Android 15,v4.1
DEV10151,Web,Android 15,v5.1
DEV10152,Android,Android 15,v4.2
DEV10153,Android,Android 14,v4.3
DEV10154,Android,macOS,v4.2
DEV10155,POS,Android 13,v5.0
DEV10156,Android,iOS 18,v5.1
DEV10157,Web,Android 13,v4.1
DEV10158,POS,iOS 18,v4.3
DEV10159,Web,iOS 17,v5.1
DEV10160,iOS,Android 15,v4.2
DEV10161,Android,Android 15,v4.1
DEV10162,Android,iOS 18,v4.3
DEV10163,iOS,Android 15,v4.2
DEV10164,POS,Android 13,v4.2
DEV10165,POS,Android 14,v5.1
DEV10166,Android,Android 15,v4.2
DEV10167,Android,Windows 11,v4.2
DEV10168,iOS,macOS,v4.3
DEV10169,iOS,macOS,v4.2
DEV10170,Android,Android 15,v5.0
DEV10171,Android,Windows 11,v5.0
DEV10172,POS,iOS 17,v4.1
DEV10173,POS,Android 14,v5.0
DEV10174,iOS,iOS 18,v5.0
DEV10175,iOS,Android 14,v5.1
DEV10176,Android,Android 14,v5.0
DEV10177,Web,iOS 18,v4.2
DEV10178,Android,Android 14,v5.1
DEV10179,Android,iOS 17,v5.0
DEV10180,Android,Windows 11,v4.2
DEV10181,Android,Android 13,v4.1
DEV10182,Web,Android 14,v5.1
DEV10183,POS,Android 13,v4.2
DEV10184,iOS,iOS 17,v5.1
DEV10185,Web,iOS 17,v4.1
DEV10186,Android,macOS,v4.1
DEV10187,iOS,macOS,v5.1
DEV10188,Web,Android 14,v4.2
DEV10189,iOS,Android 15,v4.3
DEV10190,Android,Android 14,v5.1
DEV10191,Web,Android 13,v4.3
DEV10192,Android,iOS 17,v4.2
DEV10193,Android,Android 13,v5.0
DEV10194,iOS,Android 13,v5.1
DEV10195,Android,macOS,v4.1
DEV10196,iOS,iOS 18,v5.0
DEV10197,iOS,iOS 17,v4.2
DEV10198,Android,iOS 17,v4.1
DEV10199,POS,Android 13,v5.1
DEV10200,Web,Windows 11,v4.2
DEV10201,Android,iOS 17,v5.1
DEV10202,Web,Windows 11,v5.0
DEV10203,Android,Windows 11,v5.1
DEV10204,Web,Android 14,v4.1
DEV10205,Web,iOS 18,v5.1
DEV10206,Android,Android 14,v5.0
DEV10207,iOS,macOS,v5.0
DEV10208,Web,Android 15,v4.1
DEV10209,Android,Android 15,v4.3
DEV10210,Android,Windows 11,v4.3
DEV10211,Android,Android 13,v5.1
DEV10212,Android,Windows 11,v5.0
DEV10213,Android,Android 15,v4.2
DEV10214,Android,Android 14,v4.2
DEV10215,Android,Android 15,v5.0
DEV10216,Android,Android 13,v4.2
DEV10217,iOS,iOS 17,v4.1
DEV10218,POS,iOS 18,v5.1
DEV10219,POS,Android 13,v5.0
DEV10220,Android,Android 13,v5.1
DEV10221,Web,Android 13,v4.1
DEV10222,POS,Android 14,v4.2
DEV10223,POS,iOS 17,v5.0
DEV10224,Web,Android 13,v4.1
DEV10225,Web,iOS 17,v4.1
DEV10226,Android,Windows 11,v5.1
DEV10227,Android,macOS,v5.0
DEV10228,iOS,macOS,v5.1
DEV10229,Android,Android 13,v5.1
DEV10230,POS,Android 14,v4.1
DEV10231,Android,Android 13,v5.1
DEV10232,POS,macOS,v4.2
DEV10233,Web,Windows 11,v4.2
DEV10234,Android,Android 15,v4.1
DEV10235,Android,Android 14,v5.1
DEV10236,Android,macOS,v4.2
DEV10237,iOS,Android 13,v4.3
DEV10238,Web,Android 13,v4.3
DEV10239,POS,Android 13,v5.1
DEV10240,Android,Android 15,v4.1
DEV10241,Android,Android 15,v4.2
DEV10242,Android,macOS,v5.0
DEV10243,Android,Android 13,v5.0
DEV10244,Web,macOS,v4.2
DEV10245,Android,Android 15,v5.1
DEV10246,iOS,Android 13,v4.3
DEV10247,iOS,Android 15,v4.3
DEV10248,Android,iOS 17,v4.2
DEV10249,iOS,Windows 11,v4.3
DEV10250,iOS,macOS,v4.2
DEV10251,Android,Android 13,v4.1
DEV10252,Web,Windows 11,v4.3
DEV10253,Android,Android 13,v5.1
DEV10254,iOS,iOS 18,v4.3
DEV10255,POS,iOS 18,v4.2
DEV10256,Web,Android 14,v5.0
DEV10257,Android,iOS 17,v4.3
DEV10258,Web,iOS 17,v4.2
DEV10259,Web,Android 14,v4.3
DEV10260,Android,iOS 18,v4.3
DEV10261,Web,macOS,v4.3
DEV10262,iOS,Android 14,v5.0
DEV10263,Web,iOS 18,v4.2
DEV10264,Android,macOS,v4.1
DEV10265,POS,Android 13,v5.1
DEV10266,iOS,Windows 11,v5.0
DEV10267,Android,Android 14,v5.1
DEV10268,Android,Android 15,v5.1
DEV10269,Android,Windows 11,v4.1
DEV10270,Android,iOS 18,v4.3
DEV10271,Android,Android 13,v4.1
DEV10272,Android,macOS,v5.1
DEV10273,iOS,Android 15,v5.0
DEV10274,Android,Android 15,v5.1
DEV10275,Android,macOS,v5.1
DEV10276,iOS,iOS 17,v4.1
DEV10277,Android,iOS 18,v4.2
DEV10278,Android,Android 13,v5.1
DEV10279,Android,iOS 18,v4.2
DEV10280,iOS,Android 13,v4.3
DEV10281,Android,macOS,v5.1
DEV10282,Android,Windows 11,v4.1
DEV10283,iOS,iOS 18,v4.3
DEV10284,Android,Windows 11,v5.0
DEV10285,iOS,Android 15,v5.1
DEV10286,Android,iOS 17,v4.1
DEV10287,Web,macOS,v5.1
DEV10288,Web,Windows 11,v4.1
DEV10289,POS,macOS,v4.1
DEV10290,iOS,Android 14,v4.2
DEV10291,iOS,iOS 18,v5.1
DEV10292,POS,Android 15,v4.1
DEV10293,Android,macOS,v4.1
DEV10294,iOS,Android 14,v4.3
DEV10295,Android,Windows 11,v5.1
DEV10296,iOS,Android 14,v4.3
DEV10297,Android,Android 14,v4.2
DEV10298,Web,Windows 11,v4.2
DEV10299,POS,Android 15,v4.1
DEV10300,Android,Windows 11,v4.1
DEV10301,Web,Android 13,v4.1
DEV10302,Android,Android 14,v5.1
DEV10303,Android,iOS 17,v5.1
DEV10304,Web,macOS,v5.0
DEV10305,Android,Android 13,v4.1
DEV10306,iOS,Android 15,v4.3
DEV10307,Android,Android 14,v5.0
DEV10308,iOS,Android 15,v5.1
DEV10309,iOS,Android 15,v5.1
DEV10310,POS,Android 14,v4.1
DEV10311,Web,Android 15,v4.3
DEV10312,Android,macOS,v4.3
DEV10313,Android,macOS,v4.2
DEV10314,POS,iOS 17,v4.1
DEV10315,Web,iOS 17,v5.1
DEV10316,iOS,iOS 18,v4.1
DEV10317,iOS,macOS,v4.1
DEV10318,Android,Android 14,v4.2
DEV10319,iOS,Android 14,v4.2
DEV10320,Web,macOS,v5.0
DEV10321,Android,Android 14,v4.1
DEV10322,POS,iOS 18,v5.1
DEV10323,Android,Windows 11,v4.2
DEV10324,iOS,iOS 17,v5.0
DEV10325,Android,iOS 17,v5.0
DEV10326,iOS,Android 14,v5.0
DEV10327,Android,Android 15,v5.1
DEV10328,Android,Android 13,v4.2
DEV10329,POS,Android 13,v4.3
DEV10330,Android,Android 14,v5.1
DEV10331,Android,Android 14,v4.1
DEV10332,iOS,iOS 17,v4.3
DEV10333,Android,macOS,v5.1
DEV10334,Android,iOS 17,v4.2
DEV10335,Android,Android 15,v5.0
DEV10336,iOS,iOS 17,v5.1
DEV10337,Web,Android 13,v4.1
DEV10338,Android,macOS,v4.1
DEV10339,iOS,Android 13,v4.1
DEV10340,Android,iOS 17,v4.3
DEV10341,Android,Android 13,v5.0
DEV10342,iOS,Windows 11,v5.1
DEV10343,Android,Android 13,v4.3
DEV10344,iOS,Android 13,v5.1
DEV10345,Android,Android 13,v4.2
DEV10346,POS,iOS 18,v4.2
DEV10347,iOS,Android 14,v5.1
DEV10348,Android,macOS,v4.3
DEV10349,Android,Android 15,v4.1
DEV10350,Android,iOS 18,v4.3
DEV10351,Android,macOS,v4.3
DEV10352,Web,Android 15,v5.1
DEV10353,Web,iOS 18,v4.3
DEV10354,Android,iOS 18,v4.2
DEV10355,Android,Android 15,v5.1
DEV10356,Android,Android 14,v5.1
DEV10357,iOS,macOS,v5.1
DEV10358,Android,iOS 17,v4.3
DEV10359,POS,iOS 18,v5.0
DEV10360,Web,macOS,v4.1
DEV10361,POS,macOS,v4.1
DEV10362,Android,Android 14,v4.2
DEV10363,iOS,iOS 17,v5.1
DEV10364,Web,macOS,v4.1
DEV10365,Web,Android 15,v4.3
DEV10366,Android,iOS 18,v4.3
DEV10367,POS,iOS 17,v4.3
DEV10368,POS,Android 14,v4.2
DEV10369,Android,macOS,v5.1
DEV10370,iOS,iOS 17,v4.1
DEV10371,Android,Android 15,v5.1
DEV10372,Web,iOS 17,v5.1
DEV10373,Web,Android 13,v4.3
DEV10374,Android,iOS 18,v4.1
DEV10375,Android,Android 14,v4.2
DEV10376,Android,Windows 11,v5.1
DEV10377,Android,Android 14,v5.0
DEV10378,Android,iOS 18,v4.3
DEV10379,iOS,iOS 18,v5.0
DEV10380,Web,Android 13,v4.2
DEV10381,iOS,Android 13,v4.2
DEV10382,iOS,Android 14,v4.2
DEV10383,Android,Windows 11,v4.2
DEV10384,Android,iOS 17,v4.1
DEV10385,Web,Windows 11,v5.0
DEV10386,Android,iOS 18,v4.3
DEV10387,Android,Android 13,v5.0
DEV10388,Android,Android 13,v4.1
DEV10389,iOS,Android 13,v5.1
DEV10390,Web,iOS 17,v4.2
DEV10391,iOS,macOS,v5.1
DEV10392,Android,Android 14,v4.2
DEV10393,Web,Windows 11,v4.3
DEV10394,Android,macOS,v4.2
DEV10395,iOS,Android 14,v4.2
DEV10396,Android,Android 13,v5.1
DEV10397,POS,iOS 17,v5.1
DEV10398,Web,iOS 17,v5.1
DEV10399,iOS,Android 14,v4.1
DEV10400,iOS,iOS 18,v4.2
DEV10401,iOS,Android 13,v5.1
DEV10402,Android,iOS 17,v4.1
DEV10403,Web,iOS 18,v4.3
DEV10404,iOS,Android 15,v4.3
DEV10405,iOS,Windows 11,v4.2
DEV10406,Android,Android 13,v5.1
DEV10407,Android,Windows 11,v4.2
DEV10408,iOS,Android 15,v4.2
DEV10409,iOS,Android 14,v4.2
DEV10410,Android,Android 14,v4.1
DEV10411,Android,Windows 11,v4.2
DEV10412,iOS,Android 14,v4.3
DEV10413,Android,macOS,v5.1
DEV10414,iOS,Windows 11,v5.0
DEV10415,iOS,iOS 17,v5.0
DEV10416,Android,iOS 17,v5.0
DEV10417,Web,iOS 18,v5.1
DEV10418,Android,Android 15,v4.2
DEV10419,Web,Android 14,v5.1
DEV10420,Web,Android 14,v5.1
DEV10421,iOS,iOS 17,v4.1
DEV10422,POS,iOS 17,v5.1
DEV10423,Web,iOS 17,v4.1
DEV10424,POS,Android 13,v4.3
DEV10425,iOS,Android 15,v4.1
DEV10426,iOS,Android 15,v5.0
DEV10427,iOS,Android 13,v4.1
DEV10428,Android,Android 14,v4.3
DEV10429,POS,Windows 11,v5.1
DEV10430,iOS,macOS,v5.0
DEV10431,iOS,macOS,v4.1
DEV10432,POS,Windows 11,v4.2
DEV10433,POS,iOS 18,v5.1
DEV10434,Android,iOS 18,v5.0
DEV10435,Web,Android 14,v5.0
DEV10436,iOS,iOS 18,v4.1
DEV10437,iOS,iOS 17,v5.1
DEV10438,POS,Android 15,v5.1
DEV10439,Web,Windows 11,v4.2
DEV10440,Web,iOS 17,v4.2
DEV10441,Android,iOS 18,v5.0
DEV10442,iOS,iOS 18,v5.0
DEV10443,iOS,Android 15,v4.3
DEV10444,Android,macOS,v5.0
DEV10445,iOS,Windows 11,v4.2
DEV10446,Android,macOS,v4.1
DEV10447,iOS,iOS 17,v4.3
DEV10448,Web,Android 15,v5.0
DEV10449,Android,Windows 11,v4.2
DEV10450,Web,iOS 18,v4.3
DEV10451,Android,macOS,v4.1
DEV10452,iOS,Windows 11,v4.1
DEV10453,iOS,Android 15,v4.2
DEV10454,Web,Android 15,v5.1
DEV10455,Web,iOS 18,v4.2
DEV10456,Android,macOS,v4.2
DEV10457,Android,Android 15,v4.2
DEV10458,Web,iOS 17,v5.1
DEV10459,iOS,macOS,v5.0
DEV10460,Android,iOS 18,v5.0
DEV10461,Android,Android 15,v4.1
DEV10462,Android,Android 14,v5.0
DEV10463,Android,iOS 17,v4.2
DEV10464,iOS,iOS 17,v5.0
DEV10465,iOS,iOS 17,v5.1
DEV10466,iOS,Windows 11,v5.0
DEV10467,Android,Android 13,v4.2
DEV10468,POS,iOS 18,v5.0
DEV10469,iOS,Android 13,v4.1
DEV10470,Android,Android 15,v5.0
DEV10471,Android,iOS 18,v4.1
DEV10472,iOS,Windows 11,v4.3
DEV10473,iOS,iOS 17,v5.1
DEV10474,iOS,iOS 17,v4.1
DEV10475,Web,Windows 11,v4.3
DEV10476,Web,macOS,v4.3
DEV10477,Web,iOS 17,v4.2
DEV10478,Android,iOS 17,v4.3
DEV10479,Android,Android 15,v5.1
DEV10480,Android,macOS,v5.1
DEV10481,iOS,macOS,v5.1
DEV10482,iOS,Android 14,v5.1
DEV10483,Web,Windows 11,v4.2
DEV10484,Android,iOS 18,v5.0
DEV10485,Android,macOS,v4.1
DEV10486,Android,Android 14,v4.2
DEV10487,Android,Windows 11,v4.2
DEV10488,Android,iOS 18,v4.1
DEV10489,Android,Windows 11,v4.1
DEV10490,Android,iOS 17,v5.0
DEV10491,Web,Windows 11,v5.0
DEV10492,Android,macOS,v5.1
DEV10493,Android,Android 13,v5.0
DEV10494,Android,macOS,v5.0
DEV10495,POS,Android 15,v4.1
DEV10496,iOS,iOS 18,v4.3
DEV10497,POS,iOS 17,v5.1
DEV10498,iOS,Android 13,v5.1
DEV10499,POS,iOS 17,v4.2
DEV10500,Android,macOS,v5.0
DEV10501,Android,Android 15,v5.0
DEV10502,Web,macOS,v4.1
DEV10503,POS,macOS,v5.0
DEV10504,Web,Android 13,v4.2
DEV10505,iOS,Windows 11,v4.1
DEV10506,Android,iOS 18,v5.1
DEV10507,Android,Windows 11,v5.0
DEV10508,Android,iOS 18,v5.0
DEV10509,Android,macOS,v4.2
DEV10510,Android,Windows 11,v4.2
DEV10511,Android,iOS 18,v4.1
DEV10512,Web,iOS 18,v5.1
DEV10513,Android,Android 13,v4.2
DEV10514,Android,Android 15,v4.2
DEV10515,Android,Android 13,v5.1
DEV10516,Android,iOS 18,v4.3
DEV10517,Android,Android 15,v4.1
DEV10518,Android,Android 14,v4.3
DEV10519,POS,Android 14,v5.1
DEV10520,Android,macOS,v5.0
DEV10521,Android,Windows 11,v4.1
DEV10522,iOS,Android 13,v5.1
DEV10523,Android,iOS 18,v5.1
DEV10524,Android,Windows 11,v4.1
DEV10525,Android,Android 14,v4.3
DEV10526,Android,Android 14,v5.0
DEV10527,Web,macOS,v4.3
DEV10528,Web,iOS 17,v4.2
DEV10529,Android,iOS 17,v4.3
DEV10530,Web,Windows 11,v4.2
DEV10531,Android,macOS,v4.1
DEV10532,Android,Windows 11,v4.2
DEV10533,Android,Android 15,v5.1
DEV10534,iOS,Android 15,v4.2
DEV10535,Android,iOS 18,v5.1
DEV10536,iOS,Android 14,v5.1
DEV10537,Web,Android 13,v4.3
DEV10538,Web,Android 13,v5.0
DEV10539,Android,iOS 17,v4.3
DEV10540,Android,macOS,v4.3
DEV10541,Android,macOS,v5.1
DEV10542,POS,macOS,v5.0
DEV10543,Web,Android 15,v5.1
DEV10544,Web,iOS 18,v5.0
DEV10545,iOS,macOS,v4.2
DEV10546,iOS,iOS 17,v5.1
DEV10547,Android,iOS 17,v4.3
DEV10548,Web,iOS 18,v5.1
DEV10549,Web,iOS 18,v4.1
DEV10550,Android,Windows 11,v4.1
DEV10551,Android,Android 14,v4.1
DEV10552,Web,macOS,v4.3
DEV10553,Android,iOS 18,v4.3
DEV10554,Web,iOS 18,v4.1
DEV10555,iOS,iOS 17,v4.3
DEV10556,iOS,iOS 17,v4.3
DEV10557,iOS,Android 13,v4.3
DEV10558,iOS,Windows 11,v4.1
DEV10559,Android,Android 13,v4.2
DEV10560,POS,Android 13,v4.2
DEV10561,POS,iOS 18,v5.0
DEV10562,iOS,Android 14,v5.1
DEV10563,iOS,iOS 17,v4.2
DEV10564,iOS,Android 15,v5.0
DEV10565,iOS,macOS,v4.2
DEV10566,POS,macOS,v4.1
DEV10567,Android,Android 14,v5.0
DEV10568,Android,Windows 11,v4.1
DEV10569,POS,macOS,v4.1
DEV10570,Android,Android 15,v5.0
DEV10571,Web,Windows 11,v5.0
DEV10572,Android,macOS,v4.2
DEV10573,POS,iOS 18,v4.2
DEV10574,Web,Windows 11,v5.1
DEV10575,POS,macOS,v4.2
DEV10576,POS,Android 15,v5.0
DEV10577,Android,Windows 11,v4.2
DEV10578,iOS,Windows 11,v5.0
DEV10579,iOS,Android 13,v5.1
DEV10580,Web,Windows 11,v5.0
DEV10581,Android,iOS 17,v5.1
DEV10582,POS,Android 14,v5.1
DEV10583,Android,Android 13,v5.1
DEV10584,Web,iOS 17,v4.1
DEV10585,iOS,macOS,v4.3
DEV10586,iOS,Windows 11,v5.0
DEV10587,Android,macOS,v4.2
DEV10588,Android,Android 13,v4.3
DEV10589,Android,Android 14,v4.3
DEV10590,Android,iOS 18,v4.1
DEV10591,iOS,Android 15,v5.0
DEV10592,Web,iOS 18,v5.0
DEV10593,Android,Windows 11,v4.2
DEV10594,Android,Windows 11,v4.1
DEV10595,POS,macOS,v4.3
DEV10596,Web,Android 15,v5.0
DEV10597,Android,Android 15,v4.1
DEV10598,Web,macOS,v5.1
DEV10599,POS,Windows 11,v5.0
DEV10600,POS,Android 14,v4.3
DEV10601,Web,Android 14,v5.1
DEV10602,iOS,iOS 18,v5.1
DEV10603,Android,iOS 17,v5.1
DEV10604,iOS,iOS 17,v4.3
DEV10605,Web,iOS 18,v4.1
DEV10606,Android,macOS,v5.0
DEV10607,Android,Android 15,v4.1
DEV10608,Android,macOS,v4.3
DEV10609,iOS,Android 14,v4.2
DEV10610,Android,iOS 18,v5.0
DEV10611,iOS,iOS 17,v5.0
DEV10612,Web,Android 15,v4.2
DEV10613,Android,iOS 17,v5.1
DEV10614,POS,Android 15,v5.0
DEV10615,iOS,iOS 17,v5.0
DEV10616,Android,Windows 11,v5.0
DEV10617,Android,Android 13,v4.3
DEV10618,Android,Android 15,v4.2
DEV10619,Android,Android 15,v5.0
DEV10620,Web,macOS,v4.2
DEV10621,Web,Android 15,v5.1
DEV10622,Web,Android 13,v5.0
DEV10623,iOS,Android 13,v4.1
DEV10624,iOS,macOS,v4.1
DEV10625,Android,iOS 17,v4.1
DEV10626,iOS,Android 14,v4.1
DEV10627,iOS,macOS,v4.3
DEV10628,Android,Windows 11,v5.1
DEV10629,POS,iOS 17,v5.0
DEV10630,iOS,Android 15,v5.1
DEV10631,Web,Android 15,v4.1
DEV10632,iOS,Windows 11,v5.1
DEV10633,Android,macOS,v5.1
DEV10634,Web,iOS 17,v4.3
DEV10635,Android,iOS 18,v4.1
DEV10636,iOS,Android 14,v4.2
DEV10637,Android,Android 13,v5.1
DEV10638,Android,Android 14,v5.1
DEV10639,Android,iOS 18,v4.1
DEV10640,Android,iOS 17,v4.3
DEV10641,Android,macOS,v5.0
DEV10642,Web,iOS 17,v4.1
DEV10643,iOS,Android 15,v5.0
DEV10644,Android,Windows 11,v4.2
DEV10645,iOS,iOS 17,v5.0
DEV10646,Web,iOS 18,v5.1
DEV10647,Android,iOS 17,v4.3
DEV10648,iOS,macOS,v4.2
DEV10649,iOS,iOS 17,v4.3
DEV10650,Web,iOS 18,v4.3
DEV10651,iOS,Android 13,v5.0
DEV10652,Android,Android 14,v4.3
DEV10653,Android,macOS,v4.2
DEV10654,iOS,iOS 17,v4.3
DEV10655,Android,Android 14,v4.2
DEV10656,Web,Android 14,v5.1
DEV10657,Android,Android 15,v5.1
DEV10658,Android,Android 13,v5.0
DEV10659,Android,Android 14,v4.1
DEV10660,Web,Android 15,v5.1
DEV10661,iOS,iOS 18,v4.1
DEV10662,Android,iOS 18,v4.2
DEV10663,Web,iOS 18,v4.1
DEV10664,Android,Windows 11,v4.3
DEV10665,Android,Windows 11,v4.2
DEV10666,Android,macOS,v4.3
DEV10667,POS,iOS 18,v4.1
DEV10668,Web,iOS 18,v4.3
DEV10669,Web,Android 15,v4.2
DEV10670,Android,Android 13,v4.3
DEV10671,iOS,Android 13,v4.1
DEV10672,iOS,Android 15,v4.3
DEV10673,Android,Android 15,v4.3
DEV10674,Android,Windows 11,v5.0
DEV10675,Web,iOS 17,v4.2
DEV10676,Android,Android 14,v5.0
DEV10677,iOS,Windows 11,v4.1
DEV10678,Android,macOS,v5.1
DEV10679,iOS,Windows 11,v4.1
DEV10680,Android,iOS 18,v4.1
DEV10681,Android,Windows 11,v4.1
DEV10682,iOS,Windows 11,v4.1
DEV10683,POS,Android 14,v5.0
DEV10684,POS,iOS 17,v4.1
DEV10685,Android,macOS,v4.3
DEV10686,Android,Android 13,v4.1
DEV10687,iOS,macOS,v5.1
DEV10688,Android,iOS 18,v4.2
DEV10689,Web,Windows 11,v5.0
DEV10690,iOS,Windows 11,v5.0
DEV10691,iOS,Android 13,v5.0
DEV10692,iOS,Android 15,v5.0
DEV10693,Android,macOS,v4.1
DEV10694,iOS,Android 14,v5.1
DEV10695,iOS,Android 13,v4.1
DEV10696,Web,iOS 17,v4.2
DEV10697,Android,Android 13,v4.2
DEV10698,Android,iOS 18,v4.1
DEV10699,POS,iOS 18,v4.1
DEV10700,iOS,Android 14,v4.1
DEV10701,POS,Android 15,v5.1
DEV10702,Web,Windows 11,v5.0
DEV10703,POS,iOS 18,v4.2
DEV10704,Android,iOS 17,v4.2
DEV10705,Android,macOS,v5.0
DEV10706,Web,Android 14,v5.0
DEV10707,Web,iOS 18,v4.2
DEV10708,iOS,iOS 17,v4.2
DEV10709,iOS,Windows 11,v5.1
DEV10710,POS,Android 13,v4.2
DEV10711,Android,Windows 11,v4.1
DEV10712,iOS,iOS 17,v4.1
DEV10713,Android,Windows 11,v5.0
DEV10714,Android,Android 14,v5.0
DEV10715,iOS,iOS 18,v4.1
DEV10716,Web,Android 15,v5.0
DEV10717,Web,Android 15,v4.1
DEV10718,POS,iOS 17,v5.1
DEV10719,Android,iOS 17,v5.0
DEV10720,Android,iOS 17,v4.3
DEV10721,Android,iOS 18,v4.2
DEV10722,Android,Android 15,v4.1
DEV10723,Android,Android 15,v4.2
DEV10724,Android,Android 14,v4.2
DEV10725,Android,Android 14,v5.0
DEV10726,Android,Android 13,v4.2
DEV10727,iOS,iOS 18,v4.3
DEV10728,POS,iOS 17,v5.0
DEV10729,Web,Android 14,v4.1
DEV10730,Web,Android 13,v4.2
DEV10731,Web,Android 13,v4.2
DEV10732,Android,Android 15,v5.1
DEV10733,Web,iOS 18,v4.1
DEV10734,Web,iOS 18,v5.1
DEV10735,Android,Windows 11,v4.1
DEV10736,Web,iOS 17,v4.2
DEV10737,iOS,iOS 18,v4.2
DEV10738,Android,Windows 11,v4.3
DEV10739,iOS,iOS 17,v5.0
DEV10740,iOS,iOS 18,v4.3
DEV10741,iOS,Android 15,v4.1
DEV10742,Android,Windows 11,v4.1
DEV10743,iOS,Android 13,v4.1
DEV10744,Android,iOS 18,v4.1
DEV10745,POS,macOS,v5.0
DEV10746,Web,iOS 18,v4.2
DEV10747,Web,Android 15,v4.3
DEV10748,Android,Android 14,v4.2
DEV10749,Android,iOS 17,v5.1
DEV10750,Android,Android 14,v4.3
DEV10751,iOS,Android 13,v4.1
DEV10752,Android,Android 14,v4.1
DEV10753,iOS,macOS,v5.1
DEV10754,Android,macOS,v4.3
DEV10755,iOS,Android 13,v5.0
DEV10756,Android,iOS 17,v5.0
DEV10757,Android,Android 15,v4.1
DEV10758,Web,macOS,v4.1
DEV10759,iOS,macOS,v4.1
DEV10760,Web,Android 13,v5.1
DEV10761,Web,iOS 17,v5.1
DEV10762,Web,Windows 11,v4.2
DEV10763,Android,Android 15,v5.1
DEV10764,Android,Android 14,v4.3
DEV10765,iOS,Android 14,v5.1
DEV10766,POS,Android 13,v4.3
DEV10767,iOS,iOS 18,v5.0
DEV10768,iOS,Windows 11,v4.2
DEV10769,Android,iOS 18,v5.1
DEV10770,iOS,Windows 11,v5.0
DEV10771,iOS,Android 15,v4.3
DEV10772,Web,Android 14,v4.2
DEV10773,Android,iOS 17,v5.0
DEV10774,Android,Windows 11,v4.3
DEV10775,Android,Android 15,v4.2
DEV10776,Android,Android 13,v4.1
DEV10777,iOS,Windows 11,v5.1
DEV10778,Android,Android 13,v4.1
DEV10779,iOS,Android 15,v4.1
DEV10780,Web,iOS 17,v4.1
DEV10781,Android,Android 14,v5.0
DEV10782,iOS,Android 14,v4.1
DEV10783,Web,iOS 17,v4.1
DEV10784,iOS,Android 14,v5.0
DEV10785,iOS,Windows 11,v5.1
DEV10786,iOS,iOS 18,v4.2
DEV10787,Android,iOS 18,v4.2
DEV10788,Android,iOS 17,v5.1
DEV10789,Android,macOS,v5.0
DEV10790,Android,iOS 18,v4.1
DEV10791,Web,Windows 11,v4.2
DEV10792,Android,Android 15,v5.1
DEV10793,POS,Android 14,v5.1
DEV10794,Web,Windows 11,v4.1
DEV10795,Web,Android 15,v5.1
DEV10796,Web,iOS 17,v5.0
DEV10797,Android,Windows 11,v5.0
DEV10798,iOS,Windows 11,v4.2
DEV10799,POS,macOS,v4.3
DEV10800,Android,iOS 18,v5.1
DEV10801,Android,Android 15,v5.0
DEV10802,Android,Android 15,v4.1
DEV10803,iOS,macOS,v4.1
DEV10804,Android,Android 13,v4.3
DEV10805,iOS,Android 15,v4.3
DEV10806,Web,iOS 18,v4.3
DEV10807,Android,Android 14,v4.1
DEV10808,Web,macOS,v5.1
DEV10809,Android,Android 14,v5.0
DEV10810,Android,Android 14,v4.1
DEV10811,Android,iOS 18,v5.0
DEV10812,Web,Android 14,v4.3
DEV10813,Web,Windows 11,v4.2
DEV10814,Android,macOS,v5.1
DEV10815,Android,Windows 11,v4.3
DEV10816,Web,macOS,v4.3
DEV10817,iOS,Android 14,v5.0
DEV10818,Android,iOS 17,v4.1
DEV10819,iOS,iOS 17,v4.2
DEV10820,Web,Android 13,v5.1
DEV10821,Android,Windows 11,v4.2
DEV10822,Android,Android 13,v4.3
DEV10823,Android,Android 15,v4.2
DEV10824,iOS,Android 15,v5.1
DEV10825,Android,Windows 11,v4.3
DEV10826,Web,Windows 11,v5.1
DEV10827,Web,macOS,v4.2
DEV10828,iOS,Android 15,v4.3
DEV10829,Android,macOS,v4.3
DEV10830,POS,Android 13,v5.1
DEV10831,iOS,Android 14,v4.1
DEV10832,iOS,macOS,v4.3
DEV10833,POS,Android 15,v5.1
DEV10834,Web,Android 14,v5.1
DEV10835,iOS,Android 14,v5.1
DEV10836,Android,Android 13,v4.1
DEV10837,Android,macOS,v5.0
DEV10838,POS,iOS 17,v4.3
DEV10839,Web,Windows 11,v4.2
DEV10840,Android,iOS 17,v5.1
DEV10841,Web,iOS 18,v4.2
DEV10842,Web,iOS 17,v5.1
DEV10843,Android,Android 15,v5.1
DEV10844,iOS,Android 13,v4.3
DEV10845,Android,Android 14,v4.1
DEV10846,Web,Android 13,v4.1
DEV10847,Android,macOS,v4.2
DEV10848,iOS,Windows 11,v5.0
DEV10849,Android,macOS,v4.1
DEV10850,Android,iOS 18,v4.1
DEV10851,Android,iOS 18,v5.0
DEV10852,iOS,iOS 18,v4.1
DEV10853,Android,Android 14,v4.3
DEV10854,iOS,iOS 18,v4.3
DEV10855,Android,Windows 11,v4.2
DEV10856,Web,iOS 18,v4.2
DEV10857,iOS,iOS 18,v4.2
DEV10858,Android,Windows 11,v4.3
DEV10859,Android,Windows 11,v4.2
DEV10860,Android,Android 14,v4.2
DEV10861,iOS,macOS,v4.3
DEV10862,Web,iOS 18,v5.0
DEV10863,Android,Android 15,v4.2
DEV10864,iOS,Android 13,v4.1
DEV10865,Android,iOS 18,v4.3
DEV10866,Android,iOS 18,v5.0
DEV10867,iOS,Android 13,v4.1
DEV10868,Android,macOS,v4.1
DEV10869,iOS,iOS 18,v5.1
DEV10870,POS,macOS,v5.0
DEV10871,Android,Windows 11,v5.1
DEV10872,iOS,macOS,v4.3
DEV10873,POS,iOS 18,v5.0
DEV10874,Android,Android 15,v5.1
DEV10875,Android,macOS,v4.3
DEV10876,Android,Windows 11,v4.2
DEV10877,iOS,iOS 17,v4.1
DEV10878,iOS,Android 14,v4.3
DEV10879,iOS,Android 14,v5.0
DEV10880,iOS,Android 13,v4.1
DEV10881,Web,Android 15,v4.1
DEV10882,Android,macOS,v4.3
DEV10883,POS,Android 14,v4.2
DEV10884,Android,Android 13,v4.3
DEV10885,Android,Android 13,v5.1
DEV10886,POS,Android 13,v5.1
DEV10887,Web,Android 14,v5.1
DEV10888,Web,iOS 17,v5.0
DEV10889,Android,Android 13,v4.3
DEV10890,Web,iOS 18,v4.1
DEV10891,iOS,iOS 17,v5.0
DEV10892,Web,iOS 17,v5.1
DEV10893,POS,iOS 18,v5.0
DEV10894,Android,Android 14,v4.1
DEV10895,iOS,Android 14,v5.0
DEV10896,Web,macOS,v4.2
DEV10897,iOS,Android 15,v5.1
DEV10898,Android,macOS,v4.3
DEV10899,Android,Android 14,v5.1
DEV10900,iOS,Android 15,v5.1
DEV10901,Android,Android 13,v4.3
DEV10902,Android,Android 14,v4.3
DEV10903,Android,Android 14,v4.1
DEV10904,Android,macOS,v4.1
DEV10905,Android,iOS 18,v4.2
DEV10906,Android,Android 13,v5.0
DEV10907,Web,Windows 11,v5.0
DEV10908,Android,Windows 11,v5.0
DEV10909,Web,Android 15,v5.1
DEV10910,Web,Android 13,v5.1
DEV10911,iOS,Windows 11,v4.3
DEV10912,Android,iOS 17,v4.2
DEV10913,Web,iOS 18,v4.2
DEV10914,iOS,iOS 17,v5.0
DEV10915,Android,Windows 11,v4.3
DEV10916,Android,Android 15,v5.0
DEV10917,Android,Android 14,v5.1
DEV10918,Android,Android 14,v4.3
DEV10919,iOS,Android 14,v5.0
DEV10920,Android,Android 15,v4.2
DEV10921,iOS,iOS 17,v4.1
DEV10922,POS,Android 15,v5.1
DEV10923,Android,Android 15,v5.0
DEV10924,Android,iOS 17,v4.3
DEV10925,Web,Windows 11,v4.3
DEV10926,iOS,Android 14,v5.0
DEV10927,Android,iOS 18,v4.2
DEV10928,Web,Android 15,v5.0
DEV10929,Web,Android 15,v5.1
DEV10930,iOS,iOS 17,v4.3
DEV10931,Android,Windows 11,v5.1
DEV10932,iOS,macOS,v4.1
DEV10933,iOS,iOS 18,v4.2
DEV10934,iOS,macOS,v5.0
DEV10935,Android,Android 15,v5.0
DEV10936,iOS,macOS,v4.2
DEV10937,iOS,Android 13,v4.3
DEV10938,Android,iOS 18,v5.0
DEV10939,POS,Android 15,v4.2
DEV10940,Web,iOS 18,v5.0
DEV10941,Web,Windows 11,v4.3
DEV10942,Android,macOS,v4.2
DEV10943,Android,Android 13,v4.3
DEV10944,Web,Android 13,v5.0
DEV10945,iOS,iOS 18,v4.2
DEV10946,iOS,Android 14,v4.1
DEV10947,Android,iOS 18,v5.0
DEV10948,iOS,iOS 17,v4.2
DEV10949,POS,Android 14,v4.1
DEV10950,Android,Windows 11,v4.2
DEV10951,Android,Android 13,v5.1
DEV10952,iOS,Android 14,v5.1
DEV10953,Web,Android 13,v4.2
DEV10954,Android,Android 13,v4.2
DEV10955,Web,Android 13,v5.1
DEV10956,Android,iOS 17,v5.0
DEV10957,Web,iOS 17,v5.1
DEV10958,Android,Android 15,v5.1
DEV10959,Android,Windows 11,v5.1
DEV10960,Web,iOS 17,v4.3
DEV10961,Web,Windows 11,v5.0
DEV10962,POS,Android 13,v4.3
DEV10963,Android,Windows 11,v5.0
DEV10964,iOS,iOS 18,v4.3
DEV10965,Android,Windows 11,v4.3
DEV10966,Android,Android 14,v4.2
DEV10967,Android,iOS 18,v5.1
DEV10968,Android,Android 13,v4.2
DEV10969,Web,iOS 18,v4.2
DEV10970,Android,Android 14,v4.2
DEV10971,iOS,Android 15,v4.1
DEV10972,iOS,Android 15,v5.0
DEV10973,Android,Windows 11,v4.2
DEV10974,POS,Windows 11,v4.2
DEV10975,Android,iOS 17,v4.1
DEV10976,POS,iOS 18,v4.1
DEV10977,POS,iOS 17,v5.1
DEV10978,POS,iOS 17,v4.2
DEV10979,Web,iOS 18,v5.0
DEV10980,Android,iOS 18,v4.2
DEV10981,Android,Android 14,v5.1
DEV10982,iOS,iOS 18,v4.2
DEV10983,Android,iOS 18,v4.1
DEV10984,Web,Windows 11,v4.1
DEV10985,Web,iOS 17,v5.1
DEV10986,Android,Android 15,v5.1
DEV10987,Android,Android 13,v4.1
DEV10988,Android,Android 15,v4.1
DEV10989,iOS,iOS 18,v4.2
DEV10990,Android,Android 13,v5.1
DEV10991,iOS,iOS 18,v4.2
DEV10992,iOS,Windows 11,v4.1
DEV10993,Android,Android 14,v5.0
DEV10994,iOS,iOS 18,v5.1
DEV10995,iOS,Android 13,v4.2
DEV10996,iOS,Windows 11,v5.1
DEV10997,POS,Android 14,v5.0
DEV10998,Android,macOS,v4.3
DEV10999,Android,Windows 11,v4.1
DEV11000,Web,Android 13,v5.0
DEV11001,Android,Android 14,v4.3
DEV11002,Android,iOS 17,v4.2
DEV11003,iOS,macOS,v5.0
DEV11004,iOS,macOS,v4.3
DEV11005,Android,Android 13,v5.0
DEV11006,iOS,iOS 17,v4.3
DEV11007,Android,Windows 11,v4.2
DEV11008,iOS,macOS,v4.2
DEV11009,iOS,macOS,v4.2
DEV11010,iOS,macOS,v4.2
DEV11011,iOS,iOS 17,v4.2
DEV11012,Android,iOS 18,v4.3
DEV11013,Android,Android 15,v4.2
DEV11014,Android,Android 14,v5.0
DEV11015,Android,Android 13,v5.0
DEV11016,Web,Windows 11,v4.2
DEV11017,iOS,iOS 17,v5.0
DEV11018,Android,Windows 11,v4.2
DEV11019,Web,macOS,v5.0
DEV11020,iOS,iOS 18,v5.1
DEV11021,Android,Android 13,v4.1
DEV11022,Android,Windows 11,v5.0
DEV11023,iOS,iOS 18,v5.0
DEV11024,Android,Android 13,v4.1
DEV11025,Web,iOS 18,v5.1
DEV11026,iOS,iOS 18,v4.1
DEV11027,POS,Android 15,v5.0
DEV11028,Android,iOS 17,v4.2
DEV11029,iOS,Android 14,v5.1
DEV11030,Web,Android 14,v5.0
DEV11031,Android,Android 13,v4.2
DEV11032,Android,Android 13,v4.2
DEV11033,iOS,Windows 11,v5.1
DEV11034,POS,Windows 11,v5.0
DEV11035,iOS,Android 15,v4.3
DEV11036,iOS,Android 13,v4.2
DEV11037,iOS,Android 14,v4.1
DEV11038,Android,iOS 17,v4.3
DEV11039,iOS,Android 15,v4.1
DEV11040,Android,macOS,v5.1
DEV11041,Android,Android 13,v4.2
DEV11042,Web,macOS,v4.2
DEV11043,iOS,macOS,v5.1
DEV11044,POS,Android 15,v4.2
DEV11045,Android,Android 15,v4.3
DEV11046,Android,Android 15,v4.3
DEV11047,Web,Android 13,v5.1
DEV11048,Android,iOS 18,v5.0
DEV11049,Android,Android 13,v4.2
DEV11050,Android,Android 13,v4.3
DEV11051,Android,Windows 11,v4.1
DEV11052,POS,Android 13,v4.2
DEV11053,iOS,Android 13,v4.3
DEV11054,Web,Android 13,v4.3
DEV11055,Web,Android 15,v4.3
DEV11056,Android,macOS,v5.0
DEV11057,Web,Android 15,v5.1
DEV11058,Android,Android 13,v5.0
DEV11059,Android,Windows 11,v4.1
DEV11060,Web,iOS 17,v4.1
DEV11061,Android,Windows 11,v5.1
DEV11062,Android,iOS 17,v5.1
DEV11063,Android,iOS 18,v4.3
DEV11064,Android,iOS 17,v4.1
DEV11065,iOS,Android 14,v4.3
DEV11066,Android,Android 14,v5.1
DEV11067,Android,iOS 17,v4.1
DEV11068,POS,Android 13,v4.3
DEV11069,Android,iOS 17,v4.2
DEV11070,Android,macOS,v4.2
DEV11071,Android,Android 14,v4.3
DEV11072,Web,iOS 17,v5.0
DEV11073,iOS,Android 15,v4.3
DEV11074,POS,iOS 18,v4.1
DEV11075,Web,Android 15,v5.1
DEV11076,Android,Windows 11,v4.3
DEV11077,Android,Android 15,v4.1
DEV11078,iOS,macOS,v4.1
DEV11079,iOS,macOS,v4.2
DEV11080,Android,iOS 18,v4.3
DEV11081,iOS,Android 13,v5.0
DEV11082,Web,iOS 18,v5.0
DEV11083,Web,Android 13,v5.1
DEV11084,iOS,macOS,v5.1
DEV11085,Web,Android 14,v4.2
DEV11086,Android,macOS,v4.3
DEV11087,Android,iOS 17,v5.1
DEV11088,Android,macOS,v4.3
DEV11089,Android,macOS,v5.0
DEV11090,POS,Android 14,v4.1
DEV11091,Android,Android 14,v5.0
DEV11092,iOS,Android 14,v4.2
DEV11093,Web,macOS,v4.3
DEV11094,iOS,iOS 17,v4.1
DEV11095,iOS,Android 13,v4.1
DEV11096,iOS,iOS 18,v4.2
DEV11097,Android,macOS,v4.1
DEV11098,POS,Android 13,v4.3
DEV11099,Android,Android 13,v5.0
DEV11100,Android,macOS,v4.3
DEV11101,iOS,Android 15,v5.1
DEV11102,Android,iOS 17,v4.1
DEV11103,Android,Android 13,v4.1
DEV11104,POS,macOS,v4.3
DEV11105,Web,Android 13,v4.2
DEV11106,Web,Android 14,v4.3
DEV11107,Android,Windows 11,v5.0
DEV11108,Android,Android 15,v4.2
DEV11109,Web,iOS 18,v4.1
DEV11110,Web,Windows 11,v4.1
DEV11111,iOS,Android 15,v4.2
DEV11112,Web,Android 14,v4.2
DEV11113,POS,Android 14,v4.2
DEV11114,iOS,macOS,v4.1
DEV11115,Android,Android 14,v4.1
DEV11116,iOS,macOS,v4.1
DEV11117,POS,iOS 17,v4.1
DEV11118,Android,macOS,v4.1
DEV11119,iOS,Windows 11,v4.3
DEV11120,Web,Android 14,v4.3
DEV11121,Android,Android 13,v4.3
DEV11122,iOS,iOS 17,v4.2
DEV11123,Android,Android 14,v4.1
DEV11124,Web,iOS 17,v4.3
DEV11125,Web,Android 13,v4.2
DEV11126,Web,macOS,v5.0
DEV11127,Android,Android 14,v5.1
DEV11128,Android,Windows 11,v5.0
DEV11129,Web,macOS,v5.0
DEV11130,Android,Android 14,v5.1
DEV11131,Android,Android 13,v4.2
DEV11132,Android,Android 14,v5.1
DEV11133,iOS,Android 13,v4.2
DEV11134,Android,Android 14,v5.0
DEV11135,iOS,Android 14,v5.1
DEV11136,Web,Android 15,v5.0
DEV11137,iOS,iOS 17,v5.1
DEV11138,POS,iOS 18,v5.1
DEV11139,Android,Android 15,v4.1
DEV11140,iOS,Android 15,v4.3
DEV11141,Android,iOS 17,v4.3
DEV11142,Web,Android 15,v5.0
DEV11143,POS,Android 13,v5.0
DEV11144,Android,Android 15,v5.0
DEV11145,Android,iOS 18,v4.1
DEV11146,Android,Android 13,v4.1
DEV11147,Web,Windows 11,v5.0
DEV11148,Web,iOS 17,v4.1
DEV11149,Web,iOS 17,v5.1
DEV11150,Android,iOS 17,v5.1
DEV11151,iOS,Android 13,v5.1
DEV11152,iOS,iOS 17,v4.3
DEV11153,Web,iOS 17,v5.1
DEV11154,Android,iOS 18,v4.3
DEV11155,Android,Android 14,v5.1
DEV11156,POS,macOS,v5.0
DEV11157,Android,Windows 11,v4.3
DEV11158,iOS,Android 14,v4.1
DEV11159,iOS,Android 14,v4.3
DEV11160,Android,iOS 17,v4.2
DEV11161,Android,Android 13,v4.3
DEV11162,Web,iOS 17,v5.1
DEV11163,Android,Android 14,v5.1
DEV11164,Android,iOS 18,v5.1
DEV11165,Web,iOS 17,v4.1
DEV11166,POS,iOS 17,v5.0
DEV11167,Web,iOS 17,v4.3
DEV11168,Web,Android 13,v4.1
DEV11169,POS,iOS 18,v4.2
DEV11170,Web,iOS 18,v4.3
DEV11171,POS,macOS,v5.1
DEV11172,Web,iOS 18,v4.1
DEV11173,iOS,iOS 18,v4.1
DEV11174,Web,Android 14,v4.3
DEV11175,POS,iOS 17,v4.1
DEV11176,Web,Windows 11,v4.1
DEV11177,Web,iOS 18,v4.1
DEV11178,Android,Android 15,v4.3
DEV11179,POS,Android 15,v5.1
DEV11180,iOS,Windows 11,v4.1
DEV11181,Android,macOS,v4.1
DEV11182,Web,Android 14,v5.0
DEV11183,Android,Android 15,v4.2
DEV11184,Android,Android 15,v5.0
DEV11185,Android,Android 15,v5.1
DEV11186,Android,Android 14,v5.0
DEV11187,Android,iOS 17,v4.3
DEV11188,iOS,Android 14,v5.0
DEV11189,Web,Android 13,v4.3
DEV11190,iOS,Android 13,v5.0
DEV11191,iOS,Android 15,v5.0
DEV11192,Web,Android 15,v4.2
DEV11193,Android,iOS 17,v4.3
DEV11194,iOS,macOS,v5.1
DEV11195,Android,Windows 11,v4.1
DEV11196,iOS,Android 15,v5.1
DEV11197,Android,Android 13,v5.0
DEV11198,POS,Android 15,v5.1
DEV11199,Android,iOS 17,v5.0
DEV11200,iOS,Android 13,v5.0
DEV11201,Android,Android 15,v4.1
DEV11202,iOS,iOS 17,v4.2
DEV11203,Android,macOS,v4.2
DEV11204,Android,macOS,v4.1
DEV11205,Android,iOS 17,v5.1
DEV11206,Android,Android 13,v4.3
DEV11207,Web,Android 13,v4.1
DEV11208,Android,Windows 11,v5.0
DEV11209,Web,Android 13,v4.2
DEV11210,iOS,macOS,v4.2
DEV11211,Android,iOS 17,v5.1
DEV11212,Android,Android 13,v4.3
DEV11213,Web,macOS,v4.1
DEV11214,iOS,macOS,v5.0
DEV11215,Android,Android 13,v5.0
DEV11216,Web,iOS 17,v4.3
DEV11217,Web,Windows 11,v5.1
DEV11218,Android,iOS 17,v4.3
DEV11219,iOS,Android 13,v5.1
DEV11220,Android,Android 13,v5.1
DEV11221,Android,macOS,v4.1
DEV11222,Android,Android 13,v4.1
DEV11223,Web,Windows 11,v5.0
DEV11224,iOS,macOS,v4.2
DEV11225,Android,iOS 17,v5.1
DEV11226,Android,iOS 18,v5.0
DEV11227,iOS,Android 14,v4.2
DEV11228,Android,Android 15,v5.0
DEV11229,iOS,Android 14,v5.1
DEV11230,Android,Windows 11,v4.2
DEV11231,Web,iOS 17,v4.3
DEV11232,Android,macOS,v4.1
DEV11233,iOS,iOS 18,v4.1
DEV11234,iOS,Windows 11,v4.2
DEV11235,Web,macOS,v4.2
DEV11236,Web,iOS 17,v5.1
DEV11237,Android,Android 13,v4.2
DEV11238,iOS,Windows 11,v4.1
DEV11239,Android,Android 15,v5.1
DEV11240,Android,Android 14,v5.0
DEV11241,POS,iOS 17,v4.1
DEV11242,Android,iOS 18,v4.3
DEV11243,Android,Android 13,v5.1
DEV11244,Android,iOS 18,v4.3
DEV11245,iOS,Android 15,v4.2
DEV11246,POS,iOS 18,v5.0
DEV11247,Android,iOS 18,v4.2
DEV11248,iOS,macOS,v4.1
DEV11249,Android,Android 13,v5.0
DEV11250,Android,iOS 18,v4.1
DEV11251,iOS,Android 13,v5.0
DEV11252,iOS,Android 15,v4.3
DEV11253,Android,iOS 17,v4.1
DEV11254,Web,Android 13,v4.1
DEV11255,Android,Windows 11,v4.2
DEV11256,Android,macOS,v5.1
DEV11257,POS,Windows 11,v4.1
DEV11258,Web,iOS 17,v5.0
DEV11259,Web,macOS,v4.2
DEV11260,iOS,macOS,v5.1
DEV11261,Android,macOS,v4.1
DEV11262,iOS,Android 14,v4.3
DEV11263,Android,iOS 18,v4.2
DEV11264,Web,iOS 17,v4.3
DEV11265,iOS,iOS 18,v5.0
DEV11266,POS,Android 13,v4.2
DEV11267,iOS,iOS 18,v4.2
DEV11268,Android,macOS,v4.2
DEV11269,iOS,Android 15,v5.1
DEV11270,Android,Windows 11,v5.1
DEV11271,Web,iOS 17,v4.1
DEV11272,iOS,iOS 18,v4.3
DEV11273,Android,iOS 17,v4.1
DEV11274,POS,iOS 17,v4.3
DEV11275,POS,Android 15,v4.1
DEV11276,POS,Android 13,v4.2
DEV11277,Android,iOS 18,v4.2
DEV11278,Web,Android 14,v4.3
DEV11279,POS,macOS,v4.2
DEV11280,iOS,iOS 17,v4.1
DEV11281,Android,Android 13,v5.1
DEV11282,Web,Android 14,v5.0
DEV11283,Web,iOS 17,v4.1
DEV11284,Web,Android 14,v4.3
DEV11285,Android,iOS 18,v4.2
DEV11286,Android,iOS 18,v5.0
DEV11287,iOS,Windows 11,v5.0
DEV11288,iOS,iOS 17,v4.2
DEV11289,iOS,iOS 17,v4.1
DEV11290,Android,Windows 11,v4.2
DEV11291,Android,iOS 18,v5.1
DEV11292,Android,Android 13,v4.3
DEV11293,Android,Android 14,v4.2
DEV11294,iOS,iOS 17,v4.1
DEV11295,Android,iOS 17,v5.1
DEV11296,Web,Android 15,v5.1
DEV11297,Web,Android 14,v4.1
DEV11298,Android,Windows 11,v4.3
DEV11299,POS,macOS,v5.0
DEV11300,Web,iOS 18,v5.1
DEV11301,iOS,Windows 11,v4.1
DEV11302,POS,iOS 17,v5.1
DEV11303,Android,iOS 17,v5.0
DEV11304,Android,iOS 18,v4.1
DEV11305,Android,macOS,v5.1
DEV11306,iOS,Android 14,v4.1
DEV11307,iOS,Android 13,v4.1
DEV11308,iOS,iOS 18,v5.0
DEV11309,Android,Android 13,v4.1
DEV11310,Android,iOS 17,v4.3
DEV11311,Android,Android 13,v5.1
DEV11312,Android,Android 13,v4.2
DEV11313,Web,iOS 18,v4.3
DEV11314,iOS,Windows 11,v4.3
DEV11315,Android,iOS 17,v4.1
DEV11316,Android,Android 14,v4.3
DEV11317,Android,Android 15,v4.3
DEV11318,Web,Android 13,v4.3
DEV11319,POS,iOS 17,v4.1
DEV11320,Android,Android 15,v4.3
DEV11321,Web,Android 14,v4.2
DEV11322,Web,Android 15,v4.3
DEV11323,Android,Android 14,v4.1
DEV11324,POS,Windows 11,v4.1
DEV11325,iOS,Android 15,v5.0
DEV11326,POS,Android 14,v5.0
DEV11327,iOS,Windows 11,v4.2
DEV11328,Android,macOS,v5.1
DEV11329,POS,macOS,v5.0
DEV11330,Android,Android 13,v4.3
DEV11331,Web,Android 15,v4.1
DEV11332,Android,Android 14,v5.0
DEV11333,iOS,iOS 17,v4.1
DEV11334,Android,iOS 18,v4.3
DEV11335,POS,Windows 11,v4.1
DEV11336,Android,Android 15,v4.1
DEV11337,Android,Windows 11,v5.0
DEV11338,iOS,Android 15,v4.1
DEV11339,POS,Android 15,v4.3
DEV11340,Android,Android 15,v4.2
DEV11341,Android,iOS 18,v4.1
DEV11342,iOS,Android 15,v4.1
DEV11343,Android,Windows 11,v4.3
DEV11344,Web,Android 13,v5.1
DEV11345,Android,Android 13,v4.3
DEV11346,Web,iOS 17,v5.0
DEV11347,iOS,iOS 18,v5.0
DEV11348,Android,Windows 11,v4.2
DEV11349,iOS,macOS,v4.1
DEV11350,Web,iOS 17,v4.2
DEV11351,iOS,Android 13,v4.2
DEV11352,Android,Android 15,v4.1
DEV11353,Android,Android 15,v4.1
DEV11354,Web,Android 14,v4.3
DEV11355,Android,iOS 18,v4.2
DEV11356,POS,Android 14,v4.2
DEV11357,iOS,iOS 18,v5.0
DEV11358,iOS,iOS 18,v4.2
DEV11359,iOS,Android 15,v4.3
DEV11360,iOS,Android 15,v5.1
DEV11361,POS,iOS 17,v4.2
DEV11362,iOS,Android 13,v4.3
DEV11363,Android,Android 13,v4.3
DEV11364,iOS,Android 15,v5.1
DEV11365,iOS,Android 13,v4.3
DEV11366,Web,iOS 18,v5.0
DEV11367,POS,Android 13,v5.1
DEV11368,iOS,Windows 11,v5.0
DEV11369,Android,iOS 17,v4.2
DEV11370,iOS,Android 13,v4.2
DEV11371,POS,Android 13,v4.3
DEV11372,POS,macOS,v4.3
DEV11373,POS,iOS 17,v5.1
DEV11374,Android,iOS 17,v4.2
DEV11375,iOS,Android 15,v4.1
DEV11376,Android,iOS 17,v4.3
DEV11377,Android,Windows 11,v5.1
DEV11378,Android,Android 15,v4.3
DEV11379,Android,iOS 18,v5.1
DEV11380,Android,Android 14,v4.2
DEV11381,Android,Android 13,v4.3
DEV11382,Android,iOS 17,v4.3
DEV11383,Android,Android 13,v4.1
DEV11384,Web,iOS 18,v4.2
DEV11385,Android,Android 14,v5.1
DEV11386,Web,iOS 17,v4.1
DEV11387,Android,macOS,v5.1
DEV11388,Web,Android 15,v4.3
DEV11389,Android,Android 15,v5.0
DEV11390,Android,iOS 17,v4.3
DEV11391,iOS,iOS 17,v4.2
DEV11392,POS,iOS 18,v5.1
DEV11393,Android,Android 14,v4.1
DEV11394,Android,iOS 17,v4.3
DEV11395,POS,Android 15,v5.1
DEV11396,Android,Android 14,v4.1
DEV11397,Android,iOS 17,v4.3
DEV11398,POS,Android 14,v5.0
DEV11399,Web,iOS 18,v5.0
DEV11400,Android,Windows 11,v4.3
DEV11401,POS,macOS,v4.2
DEV11402,iOS,iOS 17,v5.0
DEV11403,Android,iOS 17,v5.1
DEV11404,Web,macOS,v4.2
DEV11405,iOS,Android 14,v4.2
DEV11406,iOS,iOS 17,v4.3
DEV11407,POS,Android 14,v5.1
DEV11408,Android,Windows 11,v5.1
DEV11409,iOS,Android 14,v4.1
DEV11410,iOS,iOS 17,v5.0
DEV11411,Android,Android 15,v5.0
DEV11412,Web,macOS,v4.2
DEV11413,iOS,iOS 18,v4.2
DEV11414,Web,Android 14,v4.3
DEV11415,Web,Android 15,v5.1
DEV11416,iOS,Android 14,v5.0
DEV11417,Android,Android 15,v4.1
DEV11418,iOS,iOS 17,v5.0
DEV11419,Android,iOS 18,v5.0
DEV11420,Android,macOS,v5.0
DEV11421,iOS,Android 15,v4.2
DEV11422,iOS,Android 13,v5.1
DEV11423,iOS,Android 14,v5.1
DEV11424,POS,Android 15,v5.0
DEV11425,Android,iOS 18,v5.1
DEV11426,Android,iOS 18,v4.3
DEV11427,iOS,iOS 18,v4.2
DEV11428,iOS,macOS,v4.2
DEV11429,Android,Windows 11,v5.1
DEV11430,Android,Android 15,v5.0
DEV11431,Android,Android 15,v5.0
DEV11432,Web,iOS 17,v5.0
DEV11433,Web,macOS,v5.1
DEV11434,Android,Android 13,v5.0
DEV11435,Android,Windows 11,v5.1
DEV11436,Android,Android 15,v4.1
DEV11437,Android,Windows 11,v5.1
DEV11438,Android,iOS 17,v4.3
DEV11439,Android,macOS,v5.0
DEV11440,iOS,Android 14,v5.0
DEV11441,Android,Android 13,v4.2
DEV11442,iOS,Windows 11,v5.1
DEV11443,Android,iOS 18,v4.1
DEV11444,Web,Android 13,v5.0
DEV11445,POS,Android 14,v4.2
DEV11446,Android,macOS,v5.1
DEV11447,Android,macOS,v4.2
DEV11448,Android,Android 15,v4.1
DEV11449,Android,Android 15,v5.1
DEV11450,Android,Windows 11,v5.0
DEV11451,iOS,iOS 17,v5.1
DEV11452,iOS,Android 15,v5.0
DEV11453,Android,Android 15,v4.3
DEV11454,Web,Android 13,v5.0
DEV11455,Android,Android 14,v4.2
DEV11456,Android,iOS 18,v4.1
DEV11457,iOS,iOS 18,v5.1
DEV11458,Android,iOS 17,v4.3
DEV11459,iOS,macOS,v4.3
DEV11460,POS,macOS,v4.3
DEV11461,Web,Android 14,v4.2
DEV11462,Android,Android 13,v5.0
DEV11463,iOS,macOS,v4.3
DEV11464,Android,iOS 18,v4.1
DEV11465,POS,macOS,v4.1
DEV11466,POS,iOS 17,v5.1
DEV11467,Android,Android 15,v4.1
DEV11468,POS,Android 15,v5.0
DEV11469,Android,macOS,v5.0
DEV11470,Android,Windows 11,v4.3
DEV11471,Android,Android 13,v5.0
DEV11472,Android,iOS 18,v5.0
DEV11473,Web,Windows 11,v4.3
DEV11474,Android,Windows 11,v5.1
DEV11475,Web,Windows 11,v5.0
DEV11476,POS,Android 15,v5.0
DEV11477,Web,iOS 17,v4.2
DEV11478,Android,macOS,v5.1
DEV11479,Web,iOS 17,v4.3
DEV11480,iOS,iOS 18,v4.2
DEV11481,Web,Windows 11,v4.2
DEV11482,Android,Android 13,v5.1
DEV11483,iOS,iOS 17,v5.0
DEV11484,Web,Android 14,v4.3
DEV11485,Web,iOS 17,v5.1
DEV11486,POS,Android 13,v4.2
DEV11487,Android,Windows 11,v4.1
DEV11488,Android,iOS 17,v4.3
DEV11489,iOS,Windows 11,v4.1
DEV11490,Android,Android 15,v5.0
DEV11491,Android,Android 13,v5.1
DEV11492,Android,Android 15,v5.0
DEV11493,Web,Android 15,v5.1
DEV11494,POS,iOS 18,v4.2
DEV11495,Android,macOS,v5.0
DEV11496,Android,Windows 11,v4.1
DEV11497,Android,Windows 11,v4.2
DEV11498,iOS,Windows 11,v5.1
DEV11499,Web,Windows 11,v4.2
DEV11500,Android,macOS,v4.1
DEV11501,iOS,Android 13,v4.3
DEV11502,Android,Android 15,v5.1
DEV11503,POS,iOS 18,v4.3
DEV11504,Web,iOS 18,v4.2
DEV11505,POS,Android 15,v5.0
DEV11506,Android,Android 15,v5.1
DEV11507,iOS,Android 14,v4.2
DEV11508,Android,Android 13,v5.1
DEV11509,iOS,iOS 18,v4.1
DEV11510,Android,Android 13,v4.2
DEV11511,Web,Windows 11,v5.0
DEV11512,iOS,iOS 18,v5.1
DEV11513,iOS,iOS 17,v5.0
DEV11514,Web,iOS 17,v5.0
DEV11515,iOS,iOS 18,v4.1
DEV11516,Android,Android 14,v4.3
DEV11517,iOS,iOS 17,v4.2
DEV11518,POS,macOS,v4.3
DEV11519,iOS,Windows 11,v4.3
DEV11520,iOS,Windows 11,v4.1
DEV11521,POS,macOS,v5.0
DEV11522,iOS,Android 13,v5.0
DEV11523,POS,Android 15,v4.2
DEV11524,Android,Android 13,v4.1
DEV11525,iOS,Windows 11,v5.1
DEV11526,Android,Android 13,v5.0
DEV11527,iOS,Windows 11,v4.2
DEV11528,Android,Android 13,v5.1
DEV11529,Android,Windows 11,v4.3
DEV11530,Android,iOS 18,v4.1
DEV11531,Android,iOS 18,v5.1
DEV11532,Android,Android 13,v5.0
DEV11533,Web,Android 15,v4.2
DEV11534,Android,Android 14,v4.2
DEV11535,Android,Windows 11,v4.1
DEV11536,Android,Android 14,v4.3
DEV11537,Android,iOS 17,v5.0
DEV11538,Web,macOS,v4.3
DEV11539,Web,iOS 17,v4.1
DEV11540,Web,Android 15,v4.1
DEV11541,Android,macOS,v4.3
DEV11542,Android,macOS,v5.1
DEV11543,Android,Android 13,v5.1
DEV11544,iOS,Windows 11,v4.1
DEV11545,Web,iOS 18,v5.1
DEV11546,POS,iOS 17,v5.1
DEV11547,Android,macOS,v4.2
DEV11548,Android,macOS,v4.3
DEV11549,Android,Android 13,v4.2
DEV11550,Web,Android 14,v4.2
DEV11551,Android,Android 15,v4.1
DEV11552,iOS,iOS 18,v4.1
DEV11553,POS,iOS 18,v4.1
DEV11554,Web,iOS 17,v4.2
DEV11555,Android,Android 13,v5.0
DEV11556,Android,iOS 18,v4.2
DEV11557,Web,Android 14,v4.2
DEV11558,iOS,Android 14,v4.2
DEV11559,Web,Android 15,v5.1
DEV11560,Android,Android 15,v5.1
DEV11561,Web,Android 14,v4.1
DEV11562,Web,Android 14,v4.2
DEV11563,Web,Android 13,v4.2
DEV11564,Android,iOS 18,v4.1
DEV11565,Android,Android 13,v4.3
DEV11566,Android,Android 15,v5.0
DEV11567,POS,Android 15,v5.0
DEV11568,Android,Android 15,v4.3
DEV11569,Android,macOS,v4.1
DEV11570,Android,iOS 18,v4.3
DEV11571,Web,iOS 17,v5.0
DEV11572,Web,Android 15,v4.3
DEV11573,Web,Android 15,v4.2
DEV11574,iOS,Android 13,v5.1
DEV11575,POS,Android 13,v4.2
DEV11576,Android,iOS 17,v5.0
DEV11577,Web,Windows 11,v5.1
DEV11578,Android,iOS 17,v5.1
DEV11579,iOS,iOS 17,v4.3
DEV11580,Android,iOS 17,v4.2
DEV11581,Android,Android 13,v4.3
DEV11582,Android,Android 15,v5.0
DEV11583,Android,Android 13,v5.1
DEV11584,iOS,macOS,v4.3
DEV11585,Android,Android 14,v5.1
DEV11586,Android,Android 14,v4.2
DEV11587,Web,Windows 11,v5.0
DEV11588,POS,Android 15,v4.2
DEV11589,POS,iOS 17,v4.3
DEV11590,Web,Android 15,v4.3
DEV11591,Web,Android 14,v4.1
DEV11592,Web,Windows 11,v4.2
DEV11593,iOS,Android 15,v5.0
DEV11594,Android,iOS 17,v5.1
DEV11595,Android,macOS,v4.1
DEV11596,Android,macOS,v5.0
DEV11597,Web,macOS,v4.2
DEV11598,Web,Windows 11,v5.1
DEV11599,iOS,Windows 11,v5.0
DEV11600,Android,Android 13,v4.1
DEV11601,Android,iOS 17,v5.1
DEV11602,Web,Android 13,v4.2
DEV11603,iOS,macOS,v5.1
DEV11604,iOS,Android 14,v4.2
DEV11605,Android,macOS,v4.3
DEV11606,iOS,iOS 18,v4.3
DEV11607,POS,Android 15,v4.2
DEV11608,POS,iOS 18,v5.0
DEV11609,Android,iOS 17,v4.1
DEV11610,iOS,Android 13,v4.3
DEV11611,Android,iOS 17,v5.0
DEV11612,iOS,iOS 17,v5.1
DEV11613,iOS,Android 14,v4.3
DEV11614,Android,iOS 17,v5.0
DEV11615,Web,Android 15,v4.1
DEV11616,iOS,Android 14,v5.1
DEV11617,POS,iOS 18,v4.3
DEV11618,Android,iOS 17,v4.3
DEV11619,Android,iOS 18,v4.1
DEV11620,Web,Android 15,v4.2
DEV11621,Web,Android 15,v4.3
DEV11622,iOS,Android 15,v4.2
DEV11623,POS,macOS,v4.1
DEV11624,Android,iOS 18,v4.1
DEV11625,Android,iOS 18,v5.0
DEV11626,POS,Android 13,v4.3
DEV11627,iOS,Android 14,v5.1
DEV11628,Android,Windows 11,v5.1
DEV11629,Web,iOS 17,v4.1
DEV11630,iOS,Android 14,v5.1
DEV11631,Android,Android 15,v5.1
DEV11632,Android,iOS 17,v5.1
DEV11633,Android,Android 13,v5.0
DEV11634,Android,Android 14,v5.0
DEV11635,POS,Android 15,v4.1
DEV11636,Android,iOS 17,v5.1
DEV11637,Android,macOS,v4.1
DEV11638,iOS,iOS 17,v4.1
DEV11639,Web,Android 15,v4.1
DEV11640,Web,iOS 18,v5.0
DEV11641,Android,macOS,v5.0
DEV11642,Web,Android 14,v4.3
DEV11643,iOS,macOS,v5.1
DEV11644,iOS,iOS 17,v4.2
DEV11645,Web,iOS 18,v5.0
DEV11646,Android,Android 13,v4.2
DEV11647,Web,iOS 17,v5.1
DEV11648,iOS,iOS 17,v5.1
DEV11649,POS,macOS,v5.0
DEV11650,Android,Android 13,v4.2
DEV11651,POS,Android 13,v4.1
DEV11652,Web,Windows 11,v4.1
DEV11653,iOS,Windows 11,v5.0
DEV11654,Android,iOS 17,v4.2
DEV11655,POS,Android 15,v5.0
DEV11656,iOS,Android 13,v4.1
DEV11657,iOS,iOS 18,v5.1
DEV11658,Web,Android 13,v5.0
DEV11659,Android,iOS 17,v4.1
DEV11660,Android,iOS 17,v5.1
DEV11661,Web,Android 14,v5.0
DEV11662,Android,iOS 18,v5.0
DEV11663,Web,Android 14,v4.1
DEV11664,iOS,Android 13,v4.1
DEV11665,iOS,Android 14,v5.1
DEV11666,Android,iOS 17,v4.3
DEV11667,Web,macOS,v5.1
DEV11668,Web,Android 15,v5.0
DEV11669,iOS,Android 13,v5.0
DEV11670,Android,iOS 17,v5.0
DEV11671,Android,Android 13,v4.1
DEV11672,Web,Android 14,v5.0
DEV11673,iOS,Android 14,v5.0
DEV11674,Android,Windows 11,v5.1
DEV11675,Web,Android 13,v4.1
DEV11676,Web,Windows 11,v5.1
DEV11677,Android,Android 13,v4.3
DEV11678,Web,Android 14,v5.1
DEV11679,Web,Android 13,v5.1
DEV11680,POS,Windows 11,v4.3
DEV11681,Android,Android 14,v5.1
DEV11682,Android,Windows 11,v5.0
DEV11683,POS,Android 13,v5.0
DEV11684,Android,macOS,v4.2
DEV11685,iOS,Android 15,v4.1
DEV11686,iOS,Android 13,v5.0
DEV11687,iOS,Android 13,v4.1
DEV11688,Android,macOS,v5.1
DEV11689,POS,iOS 17,v4.2
DEV11690,Android,Android 15,v5.0
DEV11691,iOS,Android 14,v5.1
DEV11692,iOS,Android 14,v4.2
DEV11693,Android,iOS 18,v5.1
DEV11694,Android,Android 15,v4.1
DEV11695,POS,Android 15,v5.1
DEV11696,iOS,Android 13,v5.1
DEV11697,iOS,iOS 17,v5.1
DEV11698,Web,macOS,v4.2
DEV11699,Android,Android 14,v5.1
DEV11700,Web,macOS,v4.2
DEV11701,Android,macOS,v4.2
DEV11702,Web,Android 14,v4.3
DEV11703,Android,macOS,v5.1
DEV11704,Web,iOS 17,v5.0
DEV11705,Web,Windows 11,v4.2
DEV11706,Android,iOS 17,v5.1
DEV11707,Android,Windows 11,v5.0
DEV11708,Android,Windows 11,v4.1
DEV11709,POS,Android 15,v5.0
DEV11710,Android,Windows 11,v4.2
DEV11711,iOS,iOS 17,v4.2
DEV11712,Android,iOS 17,v4.2
DEV11713,POS,Android 13,v4.3
DEV11714,iOS,Android 15,v5.0
DEV11715,Android,Windows 11,v5.1
DEV11716,iOS,iOS 18,v5.1
DEV11717,POS,iOS 18,v4.2
DEV11718,iOS,Android 14,v5.0
DEV11719,iOS,iOS 17,v4.1
DEV11720,Android,Android 13,v5.0
DEV11721,Android,iOS 17,v5.1
DEV11722,Android,Android 14,v4.2
DEV11723,iOS,iOS 17,v5.0
DEV11724,Web,iOS 18,v4.3
DEV11725,Web,Android 15,v4.2
DEV11726,Web,iOS 17,v4.3
DEV11727,Android,Windows 11,v4.2
DEV11728,Web,iOS 18,v5.1
DEV11729,iOS,iOS 18,v4.1
DEV11730,iOS,Android 14,v5.0
DEV11731,iOS,Android 15,v5.0
DEV11732,Android,Android 14,v4.2
DEV11733,Android,Android 13,v4.1
DEV11734,iOS,Windows 11,v4.1
DEV11735,Android,Android 15,v5.1
DEV11736,iOS,Android 13,v4.3
DEV11737,Android,macOS,v5.0
DEV11738,POS,Android 15,v4.2
DEV11739,POS,iOS 18,v4.1
DEV11740,POS,macOS,v5.0
DEV11741,Web,Android 13,v5.0
DEV11742,POS,Android 15,v5.0
DEV11743,Web,Android 15,v4.1
DEV11744,POS,Android 13,v5.1
DEV11745,iOS,macOS,v5.0
DEV11746,Web,macOS,v4.1
DEV11747,Android,Android 15,v4.1
DEV11748,Web,Android 14,v4.2
DEV11749,POS,macOS,v5.1
DEV11750,iOS,Android 14,v5.1
DEV11751,Android,Android 13,v5.1
DEV11752,iOS,iOS 18,v4.1
DEV11753,Web,iOS 17,v4.1
DEV11754,Web,Android 13,v5.1
DEV11755,iOS,Windows 11,v4.1
DEV11756,Android,Android 13,v5.1
DEV11757,POS,Android 13,v4.2
DEV11758,Web,macOS,v4.3
DEV11759,Android,Windows 11,v4.3
DEV11760,Web,Windows 11,v4.3
DEV11761,Android,Windows 11,v4.3
DEV11762,Android,Android 13,v4.2
DEV11763,Web,Android 14,v4.1
DEV11764,Web,Android 13,v4.2
DEV11765,Android,iOS 18,v5.0
DEV11766,Android,iOS 17,v4.1
DEV11767,Android,iOS 17,v5.1
DEV11768,POS,iOS 18,v5.0
DEV11769,Web,Android 13,v5.0
DEV11770,iOS,macOS,v4.2
DEV11771,Android,iOS 17,v5.0
DEV11772,Android,Android 14,v4.2
DEV11773,Web,iOS 17,v5.0
DEV11774,Android,Windows 11,v4.2
DEV11775,iOS,iOS 18,v4.1
DEV11776,Web,iOS 17,v5.0
DEV11777,Android,iOS 18,v4.2
DEV11778,Android,Android 13,v4.3
DEV11779,Android,macOS,v4.3
DEV11780,iOS,iOS 17,v5.0
DEV11781,Web,iOS 18,v4.2
DEV11782,iOS,Android 14,v4.1
DEV11783,Android,Android 14,v5.0
DEV11784,iOS,Android 15,v4.1
DEV11785,Android,iOS 17,v4.2
DEV11786,Android,Android 13,v4.3
DEV11787,iOS,Windows 11,v4.2
DEV11788,POS,Android 15,v4.1
DEV11789,Web,iOS 17,v4.3
DEV11790,Web,Android 14,v5.0
DEV11791,Web,macOS,v4.3
DEV11792,Web,Android 13,v5.0
DEV11793,Web,Android 14,v5.0
DEV11794,iOS,iOS 17,v4.3
DEV11795,Android,Windows 11,v4.3
DEV11796,Android,Android 13,v4.1
DEV11797,iOS,Android 13,v4.3
DEV11798,POS,Android 15,v5.1
DEV11799,iOS,Android 13,v4.3
DEV11800,Android,iOS 17,v4.1
DEV11801,iOS,Windows 11,v5.1
DEV11802,iOS,Windows 11,v5.1
DEV11803,POS,iOS 18,v4.2
DEV11804,Android,iOS 18,v5.1
DEV11805,Web,Android 13,v5.0
DEV11806,Web,iOS 18,v4.1
DEV11807,POS,Windows 11,v4.2
DEV11808,iOS,iOS 17,v4.3
DEV11809,Web,Android 15,v5.1
DEV11810,Android,Android 14,v4.2
DEV11811,Android,Android 14,v5.0
DEV11812,Android,iOS 17,v4.2
DEV11813,iOS,Android 15,v5.0
DEV11814,iOS,iOS 17,v4.2
DEV11815,Android,Android 13,v4.2
DEV11816,iOS,Android 15,v4.3
DEV11817,iOS,Windows 11,v4.3
DEV11818,iOS,iOS 18,v4.3
DEV11819,Android,Android 13,v4.2
DEV11820,POS,iOS 18,v5.1
DEV11821,iOS,Android 13,v4.2
DEV11822,Android,Android 13,v4.3
DEV11823,Web,Android 13,v4.2
DEV11824,Android,macOS,v5.1
DEV11825,iOS,Android 13,v5.0
DEV11826,Android,macOS,v4.1
DEV11827,Web,Android 15,v4.3
DEV11828,POS,Android 15,v4.2
DEV11829,Android,Android 13,v5.1
DEV11830,Android,iOS 17,v4.3
DEV11831,Android,Android 13,v4.3
DEV11832,iOS,Android 13,v5.0
DEV11833,Android,iOS 17,v4.1
DEV11834,Web,iOS 17,v4.2
DEV11835,Android,Android 13,v4.2
DEV11836,iOS,Android 14,v4.3
DEV11837,iOS,Android 14,v5.1
DEV11838,POS,iOS 17,v4.3
DEV11839,Android,Android 13,v5.0
DEV11840,Web,Windows 11,v4.1
DEV11841,iOS,iOS 18,v5.0
DEV11842,iOS,iOS 18,v5.1
DEV11843,Android,Android 13,v4.2
DEV11844,Android,Android 13,v5.1
DEV11845,Web,Android 13,v5.0
DEV11846,Web,iOS 18,v4.2
DEV11847,Android,iOS 18,v4.1
DEV11848,iOS,iOS 17,v4.3
DEV11849,Android,Android 15,v4.1
DEV11850,iOS,iOS 17,v4.3
DEV11851,Web,iOS 17,v4.1
DEV11852,iOS,macOS,v4.2
DEV11853,Android,Android 14,v4.2
DEV11854,Android,Windows 11,v4.2
DEV11855,Web,iOS 17,v4.3
DEV11856,Android,iOS 17,v4.2
DEV11857,Android,iOS 17,v5.1
DEV11858,iOS,macOS,v4.3
DEV11859,Android,macOS,v4.2
DEV11860,Web,iOS 17,v4.2
DEV11861,Android,Android 15,v4.1
DEV11862,iOS,Android 14,v5.1
DEV11863,Android,iOS 18,v5.1
DEV11864,Web,Windows 11,v4.3
DEV11865,iOS,Android 13,v5.1
DEV11866,Web,iOS 18,v4.2
DEV11867,iOS,Android 14,v4.3
DEV11868,Android,iOS 17,v5.0
DEV11869,Android,iOS 18,v4.1
DEV11870,POS,iOS 17,v4.1
DEV11871,Android,Windows 11,v5.0
DEV11872,iOS,Android 15,v4.3
DEV11873,POS,Android 15,v5.0
DEV11874,Android,Windows 11,v5.1
DEV11875,iOS,Windows 11,v4.2
DEV11876,Android,Android 14,v5.0
DEV11877,Android,Windows 11,v5.0
DEV11878,Android,iOS 18,v5.1
DEV11879,Web,Android 15,v4.3
DEV11880,Android,Windows 11,v4.2
DEV11881,Android,Android 14,v4.2
DEV11882,Android,macOS,v4.1
DEV11883,Android,Android 14,v4.2
DEV11884,Web,macOS,v4.2
DEV11885,Android,macOS,v4.2
DEV11886,POS,Android 14,v4.2
DEV11887,Web,iOS 18,v5.1
DEV11888,Web,Windows 11,v4.1
DEV11889,Android,iOS 18,v5.0
DEV11890,Android,Android 14,v4.1
DEV11891,iOS,Android 13,v4.3
DEV11892,Android,macOS,v5.0
DEV11893,iOS,macOS,v4.1
DEV11894,Android,Windows 11,v4.1
DEV11895,POS,Windows 11,v4.1
DEV11896,Android,iOS 18,v4.1
DEV11897,Android,iOS 18,v4.1
DEV11898,iOS,Android 13,v4.1
DEV11899,Android,iOS 18,v5.1
DEV11900,Android,iOS 18,v5.1
DEV11901,Android,Windows 11,v5.0
DEV11902,Android,Android 15,v4.2
DEV11903,Android,Android 13,v4.1
DEV11904,Android,macOS,v4.2
DEV11905,iOS,Android 15,v5.1
DEV11906,iOS,Windows 11,v4.3
DEV11907,iOS,Android 13,v4.1
DEV11908,iOS,Android 13,v5.0
DEV11909,Android,Android 13,v4.2
DEV11910,Android,iOS 18,v5.0
DEV11911,Web,Android 14,v4.1
DEV11912,iOS,iOS 17,v4.2
DEV11913,Android,Android 14,v4.2
DEV11914,POS,iOS 18,v4.1
DEV11915,Web,iOS 18,v4.3
DEV11916,Android,macOS,v4.1
DEV11917,POS,macOS,v5.0
DEV11918,Android,iOS 17,v5.1
DEV11919,POS,iOS 18,v5.1
DEV11920,Android,Android 13,v5.1
DEV11921,Android,Android 15,v4.2
DEV11922,iOS,Android 15,v4.2
DEV11923,Android,Android 13,v4.1
DEV11924,Android,macOS,v4.2
DEV11925,Web,Android 14,v5.0
DEV11926,Android,Android 15,v4.1
DEV11927,POS,Android 13,v5.0
DEV11928,Android,Android 14,v5.1
DEV11929,Web,Windows 11,v5.0
DEV11930,Android,Android 15,v5.1
DEV11931,iOS,Android 13,v4.2
DEV11932,Android,Android 15,v4.1
DEV11933,iOS,Android 15,v4.3
DEV11934,Android,Android 15,v5.0
DEV11935,Android,iOS 17,v4.1
DEV11936,Android,Android 14,v4.3
DEV11937,Android,Android 15,v4.1
DEV11938,Android,macOS,v4.3
DEV11939,Web,macOS,v4.1
DEV11940,Android,macOS,v5.1
DEV11941,Android,Android 13,v4.3
DEV11942,POS,iOS 17,v4.1
DEV11943,iOS,iOS 18,v4.3
DEV11944,POS,iOS 18,v5.1
DEV11945,POS,Android 14,v4.3
DEV11946,Android,Android 13,v4.3
DEV11947,POS,macOS,v4.1
DEV11948,Android,iOS 17,v5.0
DEV11949,POS,macOS,v5.1
DEV11950,iOS,Android 13,v4.1
DEV11951,iOS,iOS 17,v4.2
DEV11952,Web,Windows 11,v4.3
DEV11953,Web,Windows 11,v4.2
DEV11954,iOS,Windows 11,v4.1
DEV11955,Android,iOS 17,v5.0
DEV11956,Android,macOS,v5.1
DEV11957,Web,iOS 18,v4.1
DEV11958,Android,Windows 11,v5.0
DEV11959,Web,macOS,v4.1
DEV11960,iOS,Android 14,v5.0
DEV11961,Android,Android 14,v4.2
DEV11962,iOS,Android 13,v5.0
DEV11963,Web,iOS 17,v5.1
DEV11964,POS,macOS,v4.2
DEV11965,Android,Windows 11,v4.3
DEV11966,POS,iOS 17,v4.2
DEV11967,POS,Android 15,v4.2
DEV11968,Web,Android 14,v4.3
DEV11969,Web,iOS 17,v4.2
DEV11970,Web,Android 13,v4.2
DEV11971,Android,Windows 11,v4.3
DEV11972,iOS,iOS 18,v4.3
DEV11973,Web,Windows 11,v5.1
DEV11974,POS,iOS 18,v4.2
DEV11975,iOS,Android 14,v4.2
DEV11976,Web,Windows 11,v4.2
DEV11977,Web,Android 14,v5.1
DEV11978,Android,Android 15,v4.2
DEV11979,Android,macOS,v4.3
DEV11980,Web,Android 14,v4.3
DEV11981,Android,iOS 17,v4.3
DEV11982,Android,iOS 17,v4.3
DEV11983,iOS,iOS 17,v5.0
DEV11984,Web,macOS,v4.3
DEV11985,iOS,iOS 17,v5.1
DEV11986,Web,Android 15,v5.0
DEV11987,Android,Android 14,v4.2
DEV11988,Android,Android 14,v4.3
DEV11989,iOS,Android 14,v4.2
DEV11990,Web,macOS,v4.3
DEV11991,iOS,Android 15,v4.3
DEV11992,Android,Android 15,v5.0
DEV11993,iOS,iOS 17,v4.3
DEV11994,Web,Windows 11,v4.3
DEV11995,Android,Android 15,v4.1
DEV11996,Android,Android 15,v5.1
DEV11997,iOS,Android 13,v5.1
DEV11998,Android,iOS 17,v4.2
DEV11999,Android,iOS 17,v4.2
DEV12000,Android,Android 13,v5.0
